update_time,id,title,price,sale_count,comment_count,店名,GMV,评论率,价格段,是否爆款,商品品类,品牌均价,品牌级别
2025-11-14,A18164178225,CHANDO/自然堂 雪域精粹纯粹滋润霜50g 补水保湿 滋润水润面霜,139.0,26719,2704,自然堂,3713941.0,0.10120139226767469,100-200元,1,面霜,169.77173913043478,中端品牌
2025-11-14,A18177105952,CHANDO/自然堂凝时鲜颜肌活乳液120ML 淡化细纹补水滋润专柜正品,194.0,8122,1492,自然堂,1575668.0,0.1836985964048264,100-200元,0,乳液,169.77173913043478,中端品牌
2025-11-14,A18177226992,CHANDO/自然堂活泉保湿修护精华水（滋润型135ml 补水控油爽肤水,99.0,12668,589,自然堂,1254132.0,0.046495105778339124,50-100元,1,精华,169.77173913043478,中端品牌
2025-11-14,A18178033846,CHANDO/自然堂 男士劲爽控油洁面膏 100g 深层清洁  男士洗面奶,38.0,25805,4287,自然堂,980590.0,0.16613059484596007,0-50元,1,洁面,169.77173913043478,中端品牌
2025-11-14,A18178045259,CHANDO/自然堂雪域精粹纯粹滋润霜（清爽型）50g补水保湿滋润霜,139.0,5196,618,自然堂,722244.0,0.11893764434180139,100-200元,0,其他,169.77173913043478,中端品牌
2025-11-14,A18178129035,自然堂 雪域纯粹滋润洗颜霜 110g  补水保湿  洗面奶女 深层清洁,88.0,42858,8426,自然堂,3771504.0,0.19660273461197442,50-100元,1,其他,169.77173913043478,中端品牌
2025-11-14,A18178206572,CHANDO/自然堂雪润皙白晶采霜（滋润型）50g 滋润修护面霜 正品,139.0,3027,304,自然堂,420753.0,0.10042946812025107,100-200元,0,面霜,169.77173913043478,中端品牌
2025-11-14,A18190290933,自然堂 活泉深层净化控油凝露60g 控油补水保湿滋润 活泉精华正品,86.0,6925,740,自然堂,595550.0,0.10685920577617329,50-100元,0,精华,169.77173913043478,中端品牌
2025-11-14,A18250630014,CHANDO/自然堂 凝时鲜颜肌活修护精华液35ml 淡化细纹护肤精华,216.0,4649,630,自然堂,1004184.0,0.13551301355130135,200-500元,0,精华,169.77173913043478,中端品牌
2025-11-14,A18422797881,CHANDO/自然堂活泉保湿精华套装 保湿补水滋润控油面部护理套装,258.0,2293,43,自然堂,591594.0,0.01875272568687309,200-500元,0,精华,169.77173913043478,中端品牌
2025-11-14,A18919906680,自然堂 水润保湿柔肤水 135ml 补水保湿清透锁水 专柜正品,66.0,64345,10210,自然堂,4246770.0,0.15867588779236927,50-100元,1,其他,169.77173913043478,中端品牌
2025-11-14,A18934397934,CHANDO/自然堂水润保湿霜50g 补水保湿锁水细腻清爽防干燥正品,176.0,19290,3152,自然堂,3395040.0,0.1634007257646449,100-200元,1,其他,169.77173913043478,中端品牌
2025-11-14,A18934597093,CHANDO/自然堂水润长效保湿霜50g 深层补水持久锁水细腻清爽滋润,86.0,10711,618,自然堂,921146.0,0.057697693959480906,50-100元,1,其他,169.77173913043478,中端品牌
2025-11-14,A18980833277,CHANDO/自然堂男士面部护肤套装  洁面洗面奶爽肤水面霜,503.0,2775,124,自然堂,1395825.0,0.044684684684684686,500-1000元,0,面霜,169.77173913043478,中端品牌
2025-11-14,A18981009694,CHANDO/自然堂雪润深澈精华面膜贴5片 补水面膜护肤品专柜,199.0,16963,697,自然堂,3375637.0,0.0410894299357425,100-200元,1,面膜,169.77173913043478,中端品牌
2025-11-14,A18997821811,CHANDO/自然堂娇颜嫩白保湿霜50g  保湿补水滋润清保湿霜,96.0,2748,167,自然堂,263808.0,0.06077147016011645,50-100元,0,其他,169.77173913043478,中端品牌
2025-11-14,A18997825320,CHANDO/自然堂娇颜 保湿乳100ML 持久保湿水嫩肌肤补水 乳液,186.0,13428,1184,自然堂,2497608.0,0.08817396484956806,100-200元,1,乳液,169.77173913043478,中端品牌
2025-11-14,A19008350212,CHANDO/自然堂雪润皙白水乳套装 爽肤水乳液面膜 亮肤补水套装,249.0,22353,2918,自然堂,5565897.0,0.13054176173220597,200-500元,1,面膜,169.77173913043478,中端品牌
2025-11-14,A19009618209,CHANDO/自然堂凝时鲜颜套装水乳/霜套装 补水保湿滋润淡化细纹,348.0,19262,1786,自然堂,6703176.0,0.09272142041324888,200-500元,1,其他,169.77173913043478,中端品牌
2025-11-14,A19371494116,CHANDO/自然堂雪域精粹冰肌精华套组 滋润护肤 精华爽肤水BB套装,508.0,12810,1304,自然堂,6507480.0,0.10179547228727556,500-1000元,1,精华,169.77173913043478,中端品牌
2025-11-14,A19504102657,自然堂水润保湿洁面套装 深层清洁不紧绷补水保湿洁面,76.0,25988,920,自然堂,1975088.0,0.03540095428659381,50-100元,1,洁面,169.77173913043478,中端品牌
2025-11-14,A19743978078,CHANDO/自然堂水润保湿面膜5片装 滋润补水保湿面膜贴 包邮 正品,49.0,57344,4394,自然堂,2809856.0,0.07662527901785714,0-50元,1,面膜,169.77173913043478,中端品牌
2025-11-14,A19757777516,CHANDO/自然堂娇颜粉嫩保湿面膜面贴膜5片  密集补水修护面膜包邮,59.0,17747,1175,自然堂,1047073.0,0.06620837324618245,50-100元,1,面膜,169.77173913043478,中端品牌
2025-11-14,A19829582834,CHANDO/自然堂雪域精粹密集修护滋润冰肌膜 补水保湿滋润面膜,138.0,16203,1645,自然堂,2236014.0,0.10152440906005061,100-200元,1,面膜,169.77173913043478,中端品牌
2025-11-14,A20173231724,自然堂男士保湿补水霜矿物元素滋润肌肤面霜护肤品 正品,89.0,13906,567,自然堂,1237634.0,0.040773766719401694,50-100元,1,面霜,169.77173913043478,中端品牌
2025-11-14,A20173935321,CHANDO/自然堂雪域精粹纯粹滋润乳液 补水保湿滋润修护乳液护肤,148.0,38266,5763,自然堂,5663368.0,0.15060366905346784,100-200元,1,乳液,169.77173913043478,中端品牌
2025-11-14,A20192747878,CHANDO/自然堂雪润晶采眼霜15g 淡化黑眼圈细纹紧致 眼部护理正品,169.0,2648,412,自然堂,447512.0,0.1555891238670695,100-200元,0,眼霜,169.77173913043478,中端品牌
2025-11-14,A20192955914,自然堂 活泉深层补水露 补水保湿 平衡油性肌肤化妆品护肤正品,99.0,14955,1492,自然堂,1480545.0,0.09976596456034771,50-100元,1,其他,169.77173913043478,中端品牌
2025-11-14,A20288779393,CHANDO/自然堂凝时鲜颜肌活眼部精华乳18g淡化细纹黑眼圈滋润眼霜,199.0,7355,930,自然堂,1463645.0,0.1264445955132563,100-200元,0,精华,169.77173913043478,中端品牌
2025-11-14,A20553423924,CHANDO/自然堂BB家族润泽无瑕养护粉底液遮瑕粉底液遮瑕调整肤色,108.0,28771,1716,自然堂,3107268.0,0.05964339091446248,100-200元,1,粉底,169.77173913043478,中端品牌
2025-11-14,A21301819561,CHANDO/自然堂雪域精粹水乳套装 爽肤水冰肌水乳液面霜护理套装,286.0,121620,16933,自然堂,34783320.0,0.13922874527215917,200-500元,1,面霜,169.77173913043478,中端品牌
2025-11-14,A21625571512,CHANDO/自然堂水润保湿面部护理套装 洗面奶爽肤水乳液面霜补水女,189.0,346091,28585,自然堂,65411199.0,0.08259388426743255,100-200元,1,面霜,169.77173913043478,中端品牌
2025-11-14,A22610223242,CHANDO/自然堂 雪润皙白冰肌水送面膜补水保湿修护爽肤水化妆水,118.0,14924,1808,自然堂,1761032.0,0.12114714553738944,100-200元,1,面膜,169.77173913043478,中端品牌
2025-11-14,A22610607247,CHANDO/自然堂雪域冰肌水（凝润型）保湿补水修护滋润 爽肤水,125.0,42650,6101,自然堂,5331250.0,0.1430480656506448,100-200元,1,爽肤水,169.77173913043478,中端品牌
2025-11-14,A24543304827,自然堂 凝时鲜颜洁面霜110g 洁面保湿滋润不紧绷 洗面奶专柜正品,99.0,10860,2628,自然堂,1075140.0,0.2419889502762431,50-100元,1,面霜,169.77173913043478,中端品牌
2025-11-14,A24543756285,CHANDO/自然堂雪域精粹纯粹滋润精华液 补水保湿修护滋润精华液,179.0,14594,1856,自然堂,2612326.0,0.12717555159654653,100-200元,1,精华,169.77173913043478,中端品牌
2025-11-14,A24543820600,CHANDO/自然堂男士保湿精华眼霜淡化黑眼圈细纹紧致眼部护理正品,98.0,4694,162,自然堂,460012.0,0.034512143161482746,50-100元,0,精华,169.77173913043478,中端品牌
2025-11-14,A24544528901,自然堂男士冰川控油爽肤水 补水保湿控油须后水正品包邮,69.0,6861,761,自然堂,473409.0,0.11091677598017782,50-100元,0,爽肤水,169.77173913043478,中端品牌
2025-11-14,A24544728992,自然堂 雪域精粹纯粹眼霜15g 淡化黑眼圈细纹 保湿 专柜正品,178.0,9712,1549,自然堂,1728736.0,0.15949341021416805,100-200元,0,眼霜,169.77173913043478,中端品牌
2025-11-14,A24544816538,自然堂男士控油补水露 补水保湿控油清爽男士护肤品正品,79.0,6782,578,自然堂,535778.0,0.08522559716897671,50-100元,0,其他,169.77173913043478,中端品牌
2025-11-14,A24572480018,自然堂 活泉补水控油洁面膏（泡沫型）110g  深层清洁 正品 包邮,69.0,23076,3332,自然堂,1592244.0,0.14439244236436125,50-100元,1,洁面,169.77173913043478,中端品牌
2025-11-14,A24573368252,自然堂 雪润深澈皙白精华液40ml 保湿滋润 美白精华 面部精华正品,168.0,11282,1788,自然堂,1895376.0,0.15848253855699343,100-200元,1,精华,169.77173913043478,中端品牌
2025-11-14,A24573628465,专柜正品自然堂 活泉加倍保湿霜50g 补水锁水减少细纹滋润肌肤,110.0,8447,707,自然堂,929170.0,0.08369835444536522,100-200元,0,其他,169.77173913043478,中端品牌
2025-11-14,A24611880810,CHANDO/自然堂雪域滋润保湿精华霜BB霜35ml 补水保湿隔离BB霜正品,108.0,23421,3655,自然堂,2529468.0,0.1560565304641134,100-200元,1,精华,169.77173913043478,中端品牌
2025-11-14,A24612192437,CHANDO/自然堂雪润深澈皙白补水套装 洗面奶冰肌水乳液补水套装,339.0,29229,4624,自然堂,9908631.0,0.1581990488898012,200-500元,1,乳液,169.77173913043478,中端品牌
2025-11-14,A24612968810,CHANDO/自然堂雪域精粹纯粹冰肌滋润套装 洗面奶爽肤水乳液面霜,368.0,119516,17389,自然堂,43981888.0,0.14549516382743732,200-500元,1,面霜,169.77173913043478,中端品牌
2025-11-14,A24613052135,CHANDO/自然堂雪润皙白精华套装 美白保湿补水滋润护理爽肤水精华,418.0,9023,1126,自然堂,3771614.0,0.12479219771694558,200-500元,0,精华,169.77173913043478,中端品牌
2025-11-14,A24723116941,CHANDO/自然堂凝时休眠霜（凝时鲜颜肌活霜淡化细纹面霜,198.0,15837,1692,自然堂,3135726.0,0.10683841636673612,100-200元,1,面霜,169.77173913043478,中端品牌
2025-11-14,A26101236774,自然堂 专柜正品 水润保湿柔肤乳 清透补水保湿乳液清透补水正品,68.0,55001,7357,自然堂,3740068.0,0.13376120434173924,50-100元,1,乳液,169.77173913043478,中端品牌
2025-11-14,A26231488273,自然堂 嫩白保湿柔肤水 135ml 娇颜亮润升级 正品包邮 保湿爽肤水,86.0,7053,1013,自然堂,606558.0,0.1436268254643414,50-100元,0,爽肤水,169.77173913043478,中端品牌
2025-11-14,A26231656078,自然堂娇颜 保湿精华液 30ml 保湿补水提亮肤色 面部精华,118.0,1778,233,自然堂,209804.0,0.13104611923509563,100-200元,0,精华,169.77173913043478,中端品牌
2025-11-14,A26231700319,CHANDO/自然堂娇颜嫩白保湿霜（清爽型）50g玫瑰原液补水保湿正品,96.0,1773,256,自然堂,170208.0,0.14438804286520024,50-100元,0,其他,169.77173913043478,中端品牌
2025-11-14,A26231920211,CHANDO/自然堂水润保湿洗颜霜(干性肌肤适用) 100g补水保湿洗面奶,47.0,7124,1006,自然堂,334828.0,0.1412128017967434,0-50元,0,其他,169.77173913043478,中端品牌
2025-11-14,A26487404578,CHANDO/自然堂水润保湿洗颜霜 专柜正品 洗面奶女 深层清洁不紧绷,38.0,189494,28333,自然堂,7200772.0,0.14951924599195754,0-50元,1,其他,169.77173913043478,中端品牌
2025-11-14,A26631608431,CHANDO/自然堂娇颜嫩白基础三件套装面部护理套装 滋润保湿补水女,239.0,21694,2453,自然堂,5184866.0,0.11307273900617683,200-500元,1,其他,169.77173913043478,中端品牌
2025-11-14,A27616916890,CHANDO/自然堂凝时鲜颜冰肌水  淡化细纹补水保湿清爽修护爽肤水,159.0,12117,2369,自然堂,1926603.0,0.19551043987785754,100-200元,1,爽肤水,169.77173913043478,中端品牌
2025-11-14,A27616996800,CHANDO/自然堂雪域冰肌水清润型  补水保湿修护爽肤水,125.0,53857,11779,自然堂,6732125.0,0.21870880294112185,100-200元,1,爽肤水,169.77173913043478,中端品牌
2025-11-14,A35409594574,CHANDO/自然堂光透无瑕矿物养护两用粉饼保湿修护遮瑕定妆彩妆,119.0,21078,2173,自然堂,2508282.0,0.10309327260650916,100-200元,1,其他,169.77173913043478,中端品牌
2025-11-14,A35412716201,CHANDO/自然堂果漾莹亮养护唇彩 持久保湿滋润唇膏口红彩,80.0,7219,372,自然堂,577520.0,0.051530682920072034,50-100元,0,口红,169.77173913043478,中端品牌
2025-11-14,A35468501238,自然堂男士洁面2支装 深层清洁清爽控油洗面奶男士正品,69.0,14722,999,自然堂,1015818.0,0.06785762803966852,50-100元,1,洁面,169.77173913043478,中端品牌
2025-11-14,A35514813185,自然堂植萃净澈养护眼唇卸妆液深层清洁眼部唇部正品包邮,64.0,13225,1292,自然堂,846400.0,0.0976937618147448,50-100元,1,卸妆,169.77173913043478,中端品牌
2025-11-14,A35515318945,CHANDO/自然堂晶透无瑕散粉蜜粉定妆粉 控油保湿光泽美肌彩妆正品,115.0,20010,1686,自然堂,2301150.0,0.08425787106446776,100-200元,1,蜜粉,169.77173913043478,中端品牌
2025-11-14,A35515707656,CHANDO/自然堂翘密.纤长随心控睫毛膏黑色 浓密卷翘持久定型彩妆,90.0,5168,369,自然堂,465120.0,0.07140092879256967,50-100元,0,睫毛膏,169.77173913043478,中端品牌
2025-11-14,A35515918140,CHANDO/自然堂亲蜜亮彩唇膏笔护唇 保湿滋养多色口红彩妆,76.0,48989,3489,自然堂,3723164.0,0.07122006981159036,50-100元,1,口红,169.77173913043478,中端品牌
2025-11-14,A35516256562,CHANDO/自然堂植萃净澈养护卸妆乳 脸部卸妆温和舒缓彩妆正品包邮,88.0,33187,4180,自然堂,2920456.0,0.12595293337752733,50-100元,1,卸妆,169.77173913043478,中端品牌
2025-11-14,A35516497996,CHANDO/自然堂深邃精致眼线笔黑色 持久不黏腻眼部彩妆,64.0,1624,70,自然堂,103936.0,0.04310344827586207,50-100元,0,其他,169.77173913043478,中端品牌
2025-11-14,A35991467146,CHANDO/自然堂娇颜粉嫩眼霜套装 水嫩肌肤 爽肤水乳液眼霜,248.0,730,151,自然堂,181040.0,0.20684931506849316,200-500元,0,爽肤水,169.77173913043478,中端品牌
2025-11-14,A40567602059,CHANDO/自然堂雪润皙白晶采日霜50g SPF15/PA++ 轻透保湿滋润修护,135.0,2343,291,自然堂,316305.0,0.12419974391805377,100-200元,0,其他,169.77173913043478,中端品牌
2025-11-14,A40568770399,自然堂 雪润皙白密集修护晚霜 50g 夜间修护补水加倍护理面霜,150.0,1177,153,自然堂,176550.0,0.12999150382327954,100-200元,0,面霜,169.77173913043478,中端品牌
2025-11-14,A41139239390,CHANDO/自然堂娇颜嫩肤保湿精华套装 滋润保湿补水面部护理 正品,339.0,4818,273,自然堂,1633302.0,0.05666251556662515,200-500元,0,精华,169.77173913043478,中端品牌
2025-11-14,A41198080050,CHANDO/自然堂凝时鲜颜保湿补水滋润呵护套装 护肤品套装女正品,459.0,19959,1471,自然堂,9161181.0,0.07370108722881907,200-500元,1,其他,169.77173913043478,中端品牌
2025-11-14,A41289308361,CHANDO/自然堂雪润皙白日晚霜套装 补水保湿滋润面霜套,509.0,3194,277,自然堂,1625746.0,0.08672510958046337,500-1000元,0,面霜,169.77173913043478,中端品牌
2025-11-14,A43217504667,CHANDO/自然堂雪域精粹滋润礼盒15周年定制纪念版套装,428.0,16022,4891,自然堂,6857416.0,0.30526775683435275,200-500元,1,其他,169.77173913043478,中端品牌
2025-11-14,A43447775221,自然堂自动双头易画眼线笔 帖服持久不晕染眼线笔 眼部,79.0,1562,95,自然堂,123398.0,0.06081946222791293,50-100元,0,其他,169.77173913043478,中端品牌
2025-11-14,A43469966875,CHANDO/自然堂炫彩盈润唇膏 滋润保湿持久唇膏多色口红女 彩妆,89.0,26724,2950,自然堂,2378436.0,0.11038766651698848,50-100元,1,口红,169.77173913043478,中端品牌
2025-11-14,A43610582500,CHANDO/自然堂 凝时鲜颜肌活修护眼霜15g 去淡化黑眼圈眼袋细纹,198.0,9693,1586,自然堂,1919214.0,0.16362323326111627,100-200元,0,眼霜,169.77173913043478,中端品牌
2025-11-14,A43976999773,自然堂雪域倍护防晒霜SPF30+PA+++隔离保湿防晒 正品,108.0,27397,4747,自然堂,2958876.0,0.17326714603788737,100-200元,1,防晒,169.77173913043478,中端品牌
2025-11-14,A43999582930,CHANDO/自然堂雪域轻盈身体防晒乳（喷雾型）SPF30/PA++防晒,108.0,5182,985,自然堂,559656.0,0.19008104978772675,100-200元,0,防晒,169.77173913043478,中端品牌
2025-11-14,A44038993268,CHANDO/自然堂 雪域冰肌晒后修护露 保湿晒后修护清爽补水保湿,89.0,1326,219,自然堂,118014.0,0.16515837104072398,50-100元,0,其他,169.77173913043478,中端品牌
2025-11-14,A44148996597,CHANDO/自然堂雪润晶采裸透气垫霜 保湿水润贴妆遮瑕 气垫BB霜,170.0,37555,2634,自然堂,6384350.0,0.07013713220609773,100-200元,1,其他,169.77173913043478,中端品牌
2025-11-14,A44381569009,自然堂亮眸持久眼线膏  持久防水不晕染速干眼彩妆,79.0,1084,100,自然堂,85636.0,0.09225092250922509,50-100元,0,其他,169.77173913043478,中端品牌
2025-11-14,A45582711354,CHANDO/自然堂凝时鲜颜淡斑精华液40ml淡化干纹细纹滋润精华正品,199.0,4878,976,自然堂,970722.0,0.2000820008200082,100-200元,0,精华,169.77173913043478,中端品牌
2025-11-14,A45757966524,自然堂 雪润晶采裸透气垫霜（替换装）保湿修颜水润贴妆 气垫BB霜,108.0,5047,1162,自然堂,545076.0,0.2302357836338419,100-200元,0,其他,169.77173913043478,中端品牌
2025-11-14,A520510483811,CHANDO/自然堂男士 控油活炭抗黑头洁面膏 清洁保湿控油 洗面奶,38.0,8630,2235,自然堂,327940.0,0.2589803012746234,0-50元,0,洁面,169.77173913043478,中端品牌
2025-11-14,A520516036804,CHANDO/自然堂男士控油柔珠深层洁面ㄠ 清爽控油不紧绷洗面奶,38.0,3146,620,自然堂,119548.0,0.19707565162110616,0-50元,0,洁面,169.77173913043478,中端品牌
2025-11-14,A520825271979,CHANDO/自然堂雪润晶采裸透气垫霜+替换装保湿水润贴妆BB霜套装,258.0,7813,883,自然堂,2015754.0,0.11301676692691667,200-500元,0,其他,169.77173913043478,中端品牌
2025-11-14,A521116505616,CHANDO/自然堂凝时鲜颜定制礼盒 淡化细纹干纹 滋润精华套装,398.0,4514,502,自然堂,1796572.0,0.11120957022596367,200-500元,0,精华,169.77173913043478,中端品牌
2025-11-14,A521250143002,CHANDO/自然堂雪域精粹纯粹保湿滋润 呵护套装 补水乳霜套装,668.0,2544,245,自然堂,1699392.0,0.09630503144654089,500-1000元,0,其他,169.77173913043478,中端品牌
2025-11-14,A522089794135,CHANDO/自然堂娇颜粉嫩保湿眼霜20g 淡化黑眼圈细纹 保湿专柜正品,88.0,21456,4863,自然堂,1888128.0,0.22664988814317674,50-100元,1,眼霜,169.77173913043478,中端品牌
2025-11-14,A522561470916,CHANDO/自然堂娇颜粉嫩洁肤霜 100g深层清洁补水 洗面奶女 正品,56.0,4589,1388,自然堂,256984.0,0.30246241011113534,50-100元,0,其他,169.77173913043478,中端品牌
2025-11-14,A522562862000,CHANDO/自然堂凝时鲜颜 滋润补水呵护臻选套装 淡化细纹补水保湿,548.0,37798,5803,自然堂,20713304.0,0.1535266416212498,500-1000元,1,其他,169.77173913043478,中端品牌
2025-11-14,A522585848277,CHANDO/自然堂彩妆护肤组合套装 唇膏眼线笔 滋润套装,483.0,43,6,自然堂,20769.0,0.13953488372093023,200-500元,0,其他,169.77173913043478,中端品牌
2025-11-14,A522587894416,CHANDO/自然堂滋润滋养护唇膏 保湿滋润修护干裂润唇膏 补水保湿,35.0,19650,6887,自然堂,687750.0,0.35048346055979646,0-50元,1,其他,169.77173913043478,中端品牌
2025-11-14,A522679381947,CHANDO/自然堂护手霜3支装套装面膜 滋润保湿 防裂修护护手霜包邮,69.0,18398,3114,自然堂,1269462.0,0.16925752799217306,50-100元,1,面膜,169.77173913043478,中端品牌
2025-11-14,A523027269855,CHANDO/自然堂鲜嫩保湿护手霜50g保湿补水 改善干裂  护手霜包邮,29.0,4775,1289,自然堂,138475.0,0.26994764397905757,0-50元,0,其他,169.77173913043478,中端品牌
2025-11-14,A523032752155,CHANDO/自然堂柔润细嫩护手霜50g 滋润保湿补水嫩肤 护手霜包邮,29.0,4800,1730,自然堂,139200.0,0.36041666666666666,0-50元,0,其他,169.77173913043478,中端品牌
2025-11-14,A523215467607,CHANDO/自然堂凝时鲜颜冰肌水（滋润型）淡化细纹补水滋润爽肤水,159.0,2886,786,自然堂,458874.0,0.27234927234927236,100-200元,0,爽肤水,169.77173913043478,中端品牌
2025-11-14,A524446570422,CHANDO/自然堂立体塑形双头眉笔 修饰眉部轮廓调整眉形彩妆女正品,69.0,12348,2022,自然堂,852012.0,0.16375121477162294,50-100元,1,其他,169.77173913043478,中端品牌
2025-11-14,A525534949077,CHANDO/自然堂凝时肌活修纹精华霜SPF30++修纹遮瑕补水保湿BB霜,149.0,7712,771,自然堂,1149088.0,0.0999740663900415,100-200元,0,精华,169.77173913043478,中端品牌
2025-11-14,A525790614451,CHANDO/自然堂弹嫩紧致抗皱精华液40ml 小V脸提升轮廓淡化皱纹,298.0,774,230,自然堂,230652.0,0.2971576227390181,200-500元,0,精华,169.77173913043478,中端品牌
2025-11-14,A525790914070,CHANDO/自然堂弹嫩紧致抗皱滋养乳液120ml 滋润保湿肌肤弹性轮廓,278.0,769,213,自然堂,213782.0,0.27698309492847856,200-500元,0,乳液,169.77173913043478,中端品牌
2025-11-14,A525806800455,CHANDO/自然堂弹嫩紧致抗皱气色液160ml 补水保湿滋润爽肤水正品,208.0,1075,319,自然堂,223600.0,0.29674418604651165,200-500元,0,爽肤水,169.77173913043478,中端品牌
2025-11-14,A525810448956,CHANDO/自然堂弹嫩紧致抗皱滋养早安霜50g 日间防护肌肤弹性滋润,258.0,450,117,自然堂,116100.0,0.26,200-500元,0,其他,169.77173913043478,中端品牌
2025-11-14,A525891746038,CHANDO/自然堂雪润深澈洁面膏 110g 深层清洁不紧绷 洗面奶女,88.0,6970,2439,自然堂,613360.0,0.3499282639885222,50-100元,0,洁面,169.77173913043478,中端品牌
2025-11-14,A526274580793,CHANDO/自然堂多重隔离防晒乳SPF30+/PA++隔离保湿自然堂防晒霜女,68.0,145315,38066,自然堂,9881420.0,0.2619550631386987,50-100元,1,防晒,169.77173913043478,中端品牌
2025-11-14,A526419961142,CHANDO/自然堂多重隔离防晒乳SPF20/PA++ 隔离 保湿防晒霜女男,61.0,7034,1377,自然堂,429074.0,0.19576343474552174,50-100元,0,防晒,169.77173913043478,中端品牌
2025-11-14,A527409756844,CHANDO/自然堂雪润皙白晶采乳120ML 补水保湿滋润乳液 专柜正品,145.0,2675,709,自然堂,387875.0,0.26504672897196263,100-200元,0,乳液,169.77173913043478,中端品牌
2025-11-14,A528745013920,CHANDO/自然堂亲蜜莹润柔彩唇膏笔2.5g 水感亮泽 柔滑不粘腻,79.0,1534,103,自然堂,121186.0,0.06714471968709257,50-100元,0,其他,169.77173913043478,中端品牌
2025-11-14,A530588512969,CHANDO/自然堂凝时鲜颜滋润补水礼盒套装 洗面奶爽肤水乳液套装,528.0,3497,1160,自然堂,1846416.0,0.33171289676865884,500-1000元,0,爽肤水,169.77173913043478,中端品牌
2025-11-14,A531338636494,CHANDO/自然堂雪润皙白多重防晒隔离霜 SPF30+/PA+++ 滋润保湿,108.0,101927,12557,自然堂,11008116.0,0.12319601283271361,100-200元,1,防晒,169.77173913043478,中端品牌
2025-11-14,A532236636799,CHANDO/自然堂喜马拉雅补水嫩肤面膜组合21片 补水保湿滋润面膜,118.0,56292,27516,自然堂,6642456.0,0.488808356427201,100-200元,1,面膜,169.77173913043478,中端品牌
2025-11-14,A532702184800,CHANDO/自然堂雪域精粹净透冰肌角质调理凝露 去除老废角质,118.0,1127,497,自然堂,132986.0,0.4409937888198758,100-200元,0,其他,169.77173913043478,中端品牌
2025-11-14,A534148292967,自然堂轻透无瑕修颜霜SPF25 PA++ 多效BB 防晒隔离均匀肤色,99.0,8713,867,自然堂,862587.0,0.09950648456329622,50-100元,0,防晒,169.77173913043478,中端品牌
2025-11-14,A534266666696,CHANDO/自然堂轻透无瑕修颜霜SPF20 PA++（润白亮采）BB霜修颜,99.0,17902,1002,自然堂,1772298.0,0.055971399843592895,50-100元,1,其他,169.77173913043478,中端品牌
2025-11-14,A534268224523,CHANDO/自然堂弹嫩紧致水润套装 补水紧致滋养深层滋养修护套装,418.0,1073,101,自然堂,448514.0,0.09412861136999068,200-500元,0,其他,169.77173913043478,中端品牌
2025-11-14,A534268496859,CHANDO/自然堂弹嫩V脸滋养套装 紧致肌肤洗面奶+乳液爽肤水套装,518.0,1460,188,自然堂,756280.0,0.12876712328767123,500-1000元,0,爽肤水,169.77173913043478,中端品牌
2025-11-14,A537536839003,CHANDO/自然堂喜马拉雅雪域紫草细致毛孔亮润面膜8片装 补水保湿,48.0,13967,2282,自然堂,670416.0,0.16338512207345887,0-50元,1,面膜,169.77173913043478,中端品牌
2025-11-14,A537613126508,CHANDO/自然堂喜马拉雅雪域补水保湿面膜26片平衡油脂细致毛孔,148.0,3350,532,自然堂,495800.0,0.15880597014925374,100-200元,0,面膜,169.77173913043478,中端品牌
2025-11-14,A537613830611,CHANDO/自然堂喜马拉雅雪莲舒缓多效保湿面膜16片 肌肤水润舒适,96.0,549,208,自然堂,52704.0,0.3788706739526412,50-100元,0,面膜,169.77173913043478,中端品牌
2025-11-14,A537615114342,CHANDO/自然堂喜马拉雅雪域龙胆亮润面膜5片装 提亮肤色水润透亮,34.0,737,338,自然堂,25058.0,0.45861601085481685,0-50元,0,面膜,169.77173913043478,中端品牌
2025-11-14,A537653165949,CHANDO/自然堂喜马拉雅多效补水保湿面膜16片装清盈保湿补水面膜,96.0,18053,575,自然堂,1733088.0,0.031850661939843795,50-100元,1,面膜,169.77173913043478,中端品牌
2025-11-14,A537693996012,CHANDO/自然堂喜马拉雅多效亮润面膜16片装深层滋养紧致肌肤面膜,96.0,390,161,自然堂,37440.0,0.4128205128205128,50-100元,0,面膜,169.77173913043478,中端品牌
2025-11-14,A537778938843,CHANDO/自然堂喜马拉雅膜法补水保湿修36片装 深层补水植物面膜,198.0,6622,506,自然堂,1311156.0,0.07641196013289037,100-200元,0,面膜,169.77173913043478,中端品牌
2025-11-14,A537821029195,CHANDO/自然堂喜马拉雅补水弹润面膜8片装 滋润补水面膜,48.0,2349,1068,自然堂,112752.0,0.454661558109834,0-50元,0,面膜,169.77173913043478,中端品牌
2025-11-14,A538325602451,CHANDO/自然堂喜马拉雅补水嫩肤面膜组合86片 新品补水保湿面膜,388.0,385,1,自然堂,149380.0,0.0025974025974025974,200-500元,0,面膜,169.77173913043478,中端品牌
2025-11-14,A538605615069,CHANDO/自然堂自然堂 弹嫩滋养修护精华油 嫩滑肌肤 深入滋养,278.0,7,4,自然堂,1946.0,0.5714285714285714,200-500元,0,精华,169.77173913043478,中端品牌
2025-11-14,A538605631655,CHANDO/自然堂净澈养护卸妆水 清洁力强 保湿滋润肌肤温和,89.0,5191,185,自然堂,461999.0,0.0356386052783664,50-100元,0,卸妆,169.77173913043478,中端品牌
2025-11-14,A539341851212,CHANDO/自然堂凝时鲜颜明眸焕肤礼盒 凝时眼霜套装滋润补水去眼袋,329.0,568,4,自然堂,186872.0,0.007042253521126761,200-500元,0,眼霜,169.77173913043478,中端品牌
2025-11-14,A539343210732,CHANDO/自然堂雪域精粹菁采明眸礼盒 活泉控油深层清洁 快速渗透,239.0,521,3,自然堂,124519.0,0.005758157389635317,200-500元,0,其他,169.77173913043478,中端品牌
2025-11-14,A539343870010,CHANDO/自然堂凝时焕采明眸尊享礼盒 静享滋润 保湿滋润 嫩滑肌肤,311.0,298,1,自然堂,92678.0,0.003355704697986577,200-500元,0,其他,169.77173913043478,中端品牌
2025-11-14,A539344100318,CHANDO/自然堂雪域精粹裸透滋养礼盒 遮瑕修颜 渗透补水 层层滋养,225.0,599,7,自然堂,134775.0,0.011686143572621035,200-500元,0,其他,169.77173913043478,中端品牌
2025-11-14,A539793941051,CHANDO/自然堂自然堂秋冬护手霜礼装套装滋润补水保湿双手护手霜,56.0,5890,44,自然堂,329840.0,0.007470288624787776,50-100元,0,其他,169.77173913043478,中端品牌
2025-11-14,A539970643513,CHANDO/自然堂娇颜粉嫩保湿眼部精华 四件套乳液精华,695.0,734,0,自然堂,510130.0,0.0,500-1000元,0,精华,169.77173913043478,中端品牌
2025-11-14,A540215001957,CHANDO/自然堂自然堂凝时鲜颜精华呵护套装 滋润保湿秋冬套装,688.0,1202,0,自然堂,826976.0,0.0,500-1000元,0,精华,169.77173913043478,中端品牌
2025-11-13,A24599528735,自然堂 活泉控油净爽泡沫洁面膏110g 控油补水 包邮 洗面奶女男,69.0,7457,617,自然堂,514533.0,0.08274104867909347,50-100元,0,洁面,169.77173913043478,中端品牌
2025-11-13,A537536663632,CHANDO/自然堂喜马拉雅雪莲舒缓保湿面膜5片装 舒缓水润呵护肌肤,48.0,0,0,自然堂,0.0,0.0,0-50元,0,面膜,169.77173913043478,中端品牌
2025-11-11,A18191681943,CHANDO/自然堂活泉深层补水酣睡膜  补水保湿免洗面膜 正品包邮,64.0,22200,1518,自然堂,1420800.0,0.06837837837837837,50-100元,1,面膜,169.77173913043478,中端品牌
2025-11-11,A20192763379,自然堂 活泉控油平衡爽肤水135ml 控油补水 保湿 化妆水正品包邮,49.0,14759,1721,自然堂,723191.0,0.116606816179958,0-50元,1,爽肤水,169.77173913043478,中端品牌
2025-11-11,A21725671218,自然堂 活泉保湿修护精华水（清爽型）135ml  清爽补水爽肤水包邮,55.0,19615,2098,自然堂,1078825.0,0.10695895997960744,50-100元,1,精华,169.77173913043478,中端品牌
2025-11-11,A24599364463,自然堂 活泉加倍补水乳霜60g 补水保湿改善肌肤干燥专柜正品包邮,59.0,12334,537,自然堂,727706.0,0.04353818712502027,50-100元,1,其他,169.77173913043478,中端品牌
2025-11-11,A35345527183,CHANDO/自然堂男士控油劲爽套装 洁面爽肤水面部护理男 控油补水,108.0,11646,1145,自然堂,1257768.0,0.09831701871887344,100-200元,1,洁面,169.77173913043478,中端品牌
2025-11-11,A35452220808,CHANDO/自然堂活泉秋冬滋养控油护肤套装 补水控油保湿 化妆品女,262.0,4400,155,自然堂,1152800.0,0.035227272727272725,200-500元,0,其他,169.77173913043478,中端品牌
2025-11-11,A521247378401,CHANDO/自然堂雪润深澈皙白精华液套装 保湿滋润面部,138.0,2854,0,自然堂,393852.0,0.0,100-200元,0,精华,169.77173913043478,中端品牌
2025-11-11,A539339147058,CHANDO/自然堂喜马拉雅补水面膜21片 补水保湿滋润面膜,99.0,134934,0,自然堂,13358466.0,0.0,50-100元,1,面膜,169.77173913043478,中端品牌
2025-11-11,A539753728148,CHANDO/自然堂雪域精粹 纯粹滋润洗颜霜 深层清洁 保湿去油,75.0,6675,81,自然堂,500625.0,0.012134831460674157,50-100元,0,其他,169.77173913043478,中端品牌
2025-11-11,A539753747235,CHANDO/自然堂净透冰肌角质调理凝露 深层清洁 去角质 洗出污垢,86.0,1045,4,自然堂,89870.0,0.003827751196172249,50-100元,0,其他,169.77173913043478,中端品牌
2025-11-11,A539755110033,CHANDO/自然堂自然堂雪域精粹 纯粹滋润冰肌水套装 保湿补水修护,108.0,19068,247,自然堂,2059344.0,0.012953639605621984,100-200元,1,其他,169.77173913043478,中端品牌
2025-11-11,A539756246009,CHANDO/自然堂自然堂雪域精粹纯粹滋润乳液礼装组合 补水保湿滋润,128.0,6733,82,自然堂,861824.0,0.012178820733699688,100-200元,0,乳液,169.77173913043478,中端品牌
2025-11-11,A539756269930,CHANDO/自然堂雪域精粹纯粹眼霜套装  淡化黑眼圈细纹,135.0,3348,4,自然堂,451980.0,0.0011947431302270011,100-200元,0,眼霜,169.77173913043478,中端品牌
2025-11-11,A539756566491,CHANDO/自然堂雪域纯粹滋润精华液套装 补水保湿修护滋润精华液,148.0,2942,30,自然堂,435416.0,0.010197144799456152,100-200元,0,精华,169.77173913043478,中端品牌
2025-11-11,A539797804513,CHANDO/自然堂自然堂 嫩白保湿乳霜礼装套装持久保湿水嫩肌肤补水,72.0,1138,25,自然堂,81936.0,0.021968365553602813,50-100元,0,其他,169.77173913043478,中端品牌
2025-11-11,A539802407409,CHANDO/自然堂水润长效保湿霜面膜套装 深层补水锁水细腻清爽,58.0,3921,8,自然堂,227418.0,0.00204029584289722,50-100元,0,面膜,169.77173913043478,中端品牌
2025-11-11,A539855652658,CHANDO/自然堂雪润皙白冰肌水礼装  深入补水 通透肌肤匀润亮泽,86.0,2243,37,自然堂,192898.0,0.01649576460098083,50-100元,0,其他,169.77173913043478,中端品牌
2025-11-11,A539855746548,CHANDO/自然堂雪润深澈洁面膏洗面奶 深层清洁 洗后不紧绷 舒缓,75.0,2975,22,自然堂,223125.0,0.007394957983193277,50-100元,0,洁面,169.77173913043478,中端品牌
2025-11-11,A539856236019,CHANDO/自然堂雪润皙白晶采霜/日霜礼装 滋润水润呵护面霜,108.0,665,4,自然堂,71820.0,0.006015037593984963,100-200元,0,面霜,169.77173913043478,中端品牌
2025-11-11,A539856532063,CHANDO/自然堂凝时鲜颜肌活乳液/霜 凝时肌活霜保湿滋润秋冬面霜,158.0,8194,8,自然堂,1294652.0,0.000976324139614352,100-200元,0,面霜,169.77173913043478,中端品牌
2025-11-11,A539856797112,CHANDO/自然堂凝时鲜颜肌活淡斑精华液淡化干纹细纹滋润精华正品,158.0,2011,4,自然堂,317738.0,0.001989060169070114,100-200元,0,精华,169.77173913043478,中端品牌
2025-11-11,A539856895171,CHANDO/自然堂凝时鲜颜肌活修护眼霜淡化去黑眼圈眼袋滋润细纹,158.0,3300,6,自然堂,521400.0,0.0018181818181818182,100-200元,0,眼霜,169.77173913043478,中端品牌
2025-11-11,A539857047738,CHANDO/自然堂弹嫩紧致抗皱气色液 深入补水 爽肤水 细化毛孔,158.0,1043,6,自然堂,164794.0,0.005752636625119847,100-200元,0,爽肤水,169.77173913043478,中端品牌
2025-11-11,A539857374915,CHANDO/自然堂弹嫩细致洁颜霜礼装套装 洗面奶温和,89.0,915,0,自然堂,81435.0,0.0,50-100元,0,其他,169.77173913043478,中端品牌
2025-11-11,A539857501037,CHANDO/自然堂弹嫩紧致抗皱滋养乳液/霜 早安面霜 润泽肌肤,202.0,639,2,自然堂,129078.0,0.003129890453834116,200-500元,0,面霜,169.77173913043478,中端品牌
2025-11-11,A539857523299,CHANDO/自然堂弹嫩紧致抗皱精华液塑形肌肤 小V脸套装紧致弹嫩,218.0,761,3,自然堂,165898.0,0.003942181340341655,200-500元,0,精华,169.77173913043478,中端品牌
2025-11-11,A539857922859,CHANDO/自然堂弹嫩紧致抗皱眼霜 紧致去黑眼圈去眼袋去脂肪粒眼霜,208.0,867,1,自然堂,180336.0,0.0011534025374855825,200-500元,0,眼霜,169.77173913043478,中端品牌
2025-11-11,A539967803575,CHANDO/自然堂冰肌莹润焕颜隔离霜 裸妆隔离控油保湿遮瑕CC霜,60.0,955,2,自然堂,57300.0,0.0020942408376963353,50-100元,0,隔离霜,169.77173913043478,中端品牌
2025-11-11,A540004450388,CHANDO/自然堂雪润晶采眼霜15g 淡化黑眼圈细纹眼部,136.0,700,0,自然堂,95200.0,0.0,100-200元,0,眼霜,169.77173913043478,中端品牌
2025-11-10,A18177318911,自然堂 活泉补水洁面乳 125g 深层清洁滋润 正品包邮洗面奶女男,69.0,44154,7403,自然堂,3046626.0,0.1676631788739412,50-100元,1,洁面,169.77173913043478,中端品牌
2025-11-10,A18191017198,CHANDO/自然堂活泉多效精华眼霜20g 淡化黑眼圈细纹紧致保湿 正品,148.0,19695,3074,自然堂,2914860.0,0.15608022340695607,100-200元,1,精华,169.77173913043478,中端品牌
2025-11-10,A24574388311,自然堂 活泉深层补水霜50g 保湿控油平衡水油滋润肌肤 补水面霜女,110.0,3453,401,自然堂,379830.0,0.11613090066608746,100-200元,0,面霜,169.77173913043478,中端品牌
2025-11-10,A24613924461,CHANDO/自然堂【预售】凝时鲜颜眼部精华滋养套装 保湿滋润精华,438.0,16134,766,自然堂,7066692.0,0.04747737696789389,200-500元,1,精华,169.77173913043478,中端品牌
2025-11-10,A35410825078,自然堂柔润细滑妆前乳修饰毛孔上妆持久匀色提亮隔离滋润,88.0,4908,570,自然堂,431904.0,0.11613691931540342,50-100元,0,隔离霜,169.77173913043478,中端品牌
2025-11-10,A35514874002,自然堂纤长浓密养护睫毛膏 浓密丰盈持久卷翘彩妆正品,88.0,1754,157,自然堂,154352.0,0.0895096921322691,50-100元,0,睫毛膏,169.77173913043478,中端品牌
2025-11-10,A39256958850,自然堂活泉深层补水按摩乳 保湿活肤长久水嫩乳液女正品,110.0,1143,93,自然堂,125730.0,0.08136482939632546,100-200元,0,乳液,169.77173913043478,中端品牌
2025-11-10,A40846296520,CHANDO/自然堂【预售】凝时鲜颜肌活修护精华液套装 淡细纹暗沉,179.0,3216,0,自然堂,575664.0,0.0,100-200元,0,精华,169.77173913043478,中端品牌
2025-11-10,A40851237004,CHANDO/自然堂【预售】凝时鲜颜冰肌水套装 抗衰紧致肌肤 爽肤水,128.0,5815,0,自然堂,744320.0,0.0,100-200元,0,爽肤水,169.77173913043478,中端品牌
2025-11-10,A43504609665,自然堂极细流畅眼线笔 防水不晕染持久浓黑彩妆眼线笔,79.0,2780,471,自然堂,219620.0,0.16942446043165468,50-100元,0,其他,169.77173913043478,中端品牌
2025-11-10,A522562877665,CHANDO/自然堂【预售】雪润净澈无瑕透白套装 洗面奶爽肤水BB套装,318.0,15524,88,自然堂,4936632.0,0.0056686421025508886,200-500元,1,爽肤水,169.77173913043478,中端品牌
2025-11-10,A522566456635,CHANDO/自然堂【预售】活泉润养无瑕超值套装 控油补水保湿套装,228.0,20432,669,自然堂,4658496.0,0.032742756460454187,200-500元,1,其他,169.77173913043478,中端品牌
2025-11-10,A538529624900,CHANDO/自然堂甜蜜三色渐变咬唇膏 滋润保湿 淡化唇纹 四色可选,99.0,9376,4144,自然堂,928224.0,0.44197952218430037,50-100元,0,其他,169.77173913043478,中端品牌
2025-11-10,A538876566345,CHANDO/自然堂【预售】雪润晶采裸透气垫霜+替换装 保湿滋润BB霜,145.0,10919,0,自然堂,1583255.0,0.0,100-200元,1,其他,169.77173913043478,中端品牌
2025-11-10,A538877698623,CHANDO/自然堂【预售】弹嫩紧致精华眼霜套装 面部精华眼霜套装,549.0,1973,0,自然堂,1083177.0,0.0,500-1000元,0,精华,169.77173913043478,中端品牌
2025-11-10,A539119310242,CHANDO/自然堂【预售】雪域 秋冬保湿滋润 呵护套装 爽肤水乳液,368.0,23239,0,自然堂,8551952.0,0.0,200-500元,1,爽肤水,169.77173913043478,中端品牌
2025-11-10,A540001187127,CHANDO/自然堂凝润滋养护唇膏两只装 持久滋润 润泽肌肤 保湿唇膏,65.0,81,29,自然堂,5265.0,0.35802469135802467,50-100元,0,其他,169.77173913043478,中端品牌
2025-11-09,A44591136637,CHANDO/自然堂雪润皙白旅行装三件套 补水保湿亮肤体验装三件套,88.0,12818,10597,自然堂,1127984.0,0.8267280386955843,50-100元,1,其他,169.77173913043478,中端品牌
2025-11-09,A541389564521,CHANDO/自然堂 凝时焕活肌底液 35ml 促进吸收滋润肌底提升吸收力,320.0,0,0,自然堂,0.0,0.0,200-500元,0,其他,169.77173913043478,中端品牌
2025-11-14,A41238850925,资生堂心机彩妆臻采腮红 2g  官方正品,280.0,517,16,资生堂,144760.0,0.030947775628626693,200-500元,0,其他,614.1954887218045,奢侈品牌
2025-11-14,A41276592245,资生堂洗面奶 男士洗面膏125ml 可作剃须泡沫,180.0,6831,472,资生堂,1229580.0,0.06909676474893867,100-200元,0,其他,614.1954887218045,奢侈品牌
2025-11-14,A41290443958,shiseido资生堂 盼丽风姿金采丰润柔肤液150ml 水润紧致柔滑肌肤,780.0,50,3,资生堂,39000.0,0.06,500-1000元,0,其他,614.1954887218045,奢侈品牌
2025-11-14,A41292111153,资生堂盼丽风姿抗皱夜霜50ml,510.0,612,46,资生堂,312120.0,0.07516339869281045,500-1000元,0,其他,614.1954887218045,奢侈品牌
2025-11-14,A41309234345,shiseido资生堂 盼丽风姿抗皱夜乳 75mL补水 保湿 官方正品,510.0,233,20,资生堂,118830.0,0.08583690987124463,500-1000元,0,其他,614.1954887218045,奢侈品牌
2025-11-14,A41310047163,资生堂 全球彩妆丝柔亮滑眼影组3g  妆效持久不晕染 眼影,410.0,75,8,资生堂,30750.0,0.10666666666666667,200-500元,0,眼影,614.1954887218045,奢侈品牌
2025-11-14,A41324454533,资生堂 全球彩妆瓷光蜜釉口红6ml 自然持久妆容 资生堂口红 唇膏,290.0,45,6,资生堂,13050.0,0.13333333333333333,200-500元,0,口红,614.1954887218045,奢侈品牌
2025-11-14,A41336958216,shiseido资生堂心机彩妆臻采透无瑕粉底液 保湿控油遮瑕隔离,380.0,611,70,资生堂,232180.0,0.11456628477905073,200-500元,0,粉底,614.1954887218045,奢侈品牌
2025-11-14,A41338910703,shiseido资生堂 悦薇美颈精华露 75g滋润 保湿 官方正品,390.0,382,49,资生堂,148980.0,0.12827225130890052,200-500元,0,精华,614.1954887218045,奢侈品牌
2025-11-14,A41342851949,Shiseido/资生堂新漾美肌亮润眼霜15ml,360.0,686,38,资生堂,246960.0,0.05539358600583091,200-500元,0,眼霜,614.1954887218045,奢侈品牌
2025-11-14,A41348433513,资生堂眼膜 悦薇质纯防皱眼膜贴1对x12袋,500.0,788,136,资生堂,394000.0,0.17258883248730963,200-500元,0,其他,614.1954887218045,奢侈品牌
2025-11-14,A41353789565,资生堂 全球彩妆至美浓密睫毛膏（精致黑）8ml 浓密美睫 睫毛膏,320.0,97,11,资生堂,31040.0,0.1134020618556701,200-500元,0,睫毛膏,614.1954887218045,奢侈品牌
2025-11-14,A41360096547,资生堂 悦薇珀翡质纯抗皱亮肤霜 40ml 保湿滋润 面霜 补水,1680.0,100,9,资生堂,168000.0,0.09,1000元以上,0,面霜,614.1954887218045,奢侈品牌
2025-11-14,A41367732405,资生堂 全球彩妆臻美柔润唇膏 4g 饱满立自然滋润正品 口红,290.0,68,4,资生堂,19720.0,0.058823529411764705,200-500元,0,口红,614.1954887218045,奢侈品牌
2025-11-14,A41410626944,shiseido资生堂 盼丽风姿金采丰润日用霜50ml SPF15保湿滋润,860.0,89,4,资生堂,76540.0,0.0449438202247191,500-1000元,0,其他,614.1954887218045,奢侈品牌
2025-11-14,A42423790284,shiseido资生堂 时光琉璃御藏集效焕透精华液30ml 提亮肤色精华,2180.0,26,3,资生堂,56680.0,0.11538461538461539,1000元以上,0,精华,614.1954887218045,奢侈品牌
2025-11-14,A42426875672,shiseido资生堂 瓷光蜜釉唇彩 魅惑红唇 丰润莹亮 轻盈柔滑,260.0,50,3,资生堂,13000.0,0.06,200-500元,0,其他,614.1954887218045,奢侈品牌
2025-11-14,A42427287496,资生堂 全球彩妆自然塑型眉粉盒 易上色 持久不晕染 眉粉,260.0,393,65,资生堂,102180.0,0.16539440203562342,200-500元,0,其他,614.1954887218045,奢侈品牌
2025-11-14,A520713989508,shiseido资生堂粉芯心机彩妆臻采透无瑕粉芯 遮瑕控油定妆,300.0,261,27,资生堂,78300.0,0.10344827586206896,200-500元,0,其他,614.1954887218045,奢侈品牌
2025-11-14,A520856884748,shiseido资生堂心机彩妆臻采透无瑕粉底液(清透型)  遮瑕均匀肤色,380.0,132,28,资生堂,50160.0,0.21212121212121213,200-500元,0,粉底,614.1954887218045,奢侈品牌
2025-11-14,A521604226760,资生堂 立体润色颊彩粉7g 腮红 红润气色提亮肤色 资生堂高光,350.0,56,17,资生堂,19600.0,0.30357142857142855,200-500元,0,其他,614.1954887218045,奢侈品牌
2025-11-14,A526990315929,资生堂新透白美肌臻白祛斑精粹水150ml,420.0,706,147,资生堂,296520.0,0.20821529745042494,200-500元,0,其他,614.1954887218045,奢侈品牌
2025-11-14,A527048736184,资生堂新透白美肌集光祛斑精华液30ml,880.0,1272,243,资生堂,1119360.0,0.19103773584905662,500-1000元,0,精华,614.1954887218045,奢侈品牌
2025-11-14,A527081433316,资生堂百优焕透亮颜精华液30ml 紧致精华 提亮肤色 百优精华,800.0,108,19,资生堂,86400.0,0.17592592592592593,500-1000元,0,精华,614.1954887218045,奢侈品牌
2025-11-14,A527151756517,资生堂红妍眼部精华,550.0,94,0,资生堂,51700.0,0.0,500-1000元,0,精华,614.1954887218045,奢侈品牌
2025-11-14,A527397070576,资生堂紧致舒活套装 男士套装健肤水 滋润乳,540.0,379,43,资生堂,204660.0,0.11345646437994723,500-1000元,0,其他,614.1954887218045,奢侈品牌
2025-11-14,A527778412235,资生堂全球彩妆羽感盈透粉饼SPF15 粉芯 粉饼 无粉饼盒,360.0,108,32,资生堂,38880.0,0.2962962962962963,200-500元,0,其他,614.1954887218045,奢侈品牌
2025-11-14,A529658846767,资生堂心机彩妆星魅眼影3g 细腻质地 立体妆容 眼影 新品上市,320.0,45,19,资生堂,14400.0,0.4222222222222222,200-500元,0,眼影,614.1954887218045,奢侈品牌
2025-11-14,A530888138469,资生堂悦享年轻套装（滋润型）紧颜亮肤水+乳,1440.0,181,41,资生堂,260640.0,0.2265193370165746,1000元以上,0,其他,614.1954887218045,奢侈品牌
2025-11-14,A530942394512,Shiseido/资生堂时光琉璃御藏亮采蜜粉,780.0,16,7,资生堂,12480.0,0.4375,500-1000元,0,蜜粉,614.1954887218045,奢侈品牌
2025-11-14,A531208446009,资生堂UTM傲娇精华露30ml+新透白祛斑精华液30ml,1470.0,55,26,资生堂,80850.0,0.4727272727272727,1000元以上,0,精华,614.1954887218045,奢侈品牌
2025-11-14,A531281908122,资生堂百优优效修护眼霜15ml+百优全新精纯乳霜 50ml,1410.0,28,11,资生堂,39480.0,0.39285714285714285,1000元以上,0,眼霜,614.1954887218045,奢侈品牌
2025-11-14,A534995666285,资生堂新漾美肌活力焕肤喷雾50ml,260.0,53,21,资生堂,13780.0,0.39622641509433965,200-500元,0,喷雾,614.1954887218045,奢侈品牌
2025-11-14,A535609137028,资生堂心机彩妆微晶蜜口红 亮润 唇膏 滋润保湿 资生堂口红,230.0,63,21,资生堂,14490.0,0.3333333333333333,200-500元,0,口红,614.1954887218045,奢侈品牌
2025-11-14,A536031278248,Shiseido/资生堂魅长浓翘睫毛膏,320.0,8,4,资生堂,2560.0,0.5,200-500元,0,睫毛膏,614.1954887218045,奢侈品牌
2025-11-14,A536041536331,Shiseido/资生堂时光琉璃御藏亮采粉霜 妆效持久 预约年轻肌,880.0,30,9,资生堂,26400.0,0.3,500-1000元,0,其他,614.1954887218045,奢侈品牌
2025-11-14,A536847908124,资生堂青春焕颜基础套装（UTM精华10ml+SVP水25ml+SVP乳15ml),269.0,438,78,资生堂,117822.0,0.1780821917808219,200-500元,0,精华,614.1954887218045,奢侈品牌
2025-11-14,A538981087285,资生堂 新透白色控霜 30ml,390.0,27,0,资生堂,10530.0,0.0,200-500元,0,其他,614.1954887218045,奢侈品牌
2025-11-14,A539193620460,资生堂心机彩妆星魅唇膏 口红 唇膏,260.0,8,0,资生堂,2080.0,0.0,200-500元,0,口红,614.1954887218045,奢侈品牌
2025-11-14,A540665087834,资生堂男士护理套装（护肤水150ml +修护霜50ml）,780.0,73,0,资生堂,56940.0,0.0,500-1000元,0,其他,614.1954887218045,奢侈品牌
2025-11-14,A541173832651,资生堂新透白美肌夜间祛斑修护凝霜50ml,600.0,71,1,资生堂,42600.0,0.014084507042253521,500-1000元,0,其他,614.1954887218045,奢侈品牌
2025-11-14,A541174280066,资生堂新透白美肌光感焕采亮肤乳SPF30+/PA+++,460.0,18,1,资生堂,8280.0,0.05555555555555555,200-500元,0,其他,614.1954887218045,奢侈品牌
2025-11-14,A541190950491,资生堂魅力男士套组洗面膏+均衡护肤水,440.0,84,1,资生堂,36960.0,0.011904761904761904,200-500元,0,其他,614.1954887218045,奢侈品牌
2025-11-14,A541192875468,资生堂新漾美肌精华健肤水75ml,280.0,48,0,资生堂,13440.0,0.0,200-500元,0,精华,614.1954887218045,奢侈品牌
2025-11-14,A541193218328,新漾美肌精华润肤乳75ml,420.0,64,0,资生堂,26880.0,0.0,200-500元,0,精华,614.1954887218045,奢侈品牌
2025-11-14,A541465704477,薇珀翡塑颜亮肤霜50ml 新品上新,1780.0,23,0,资生堂,40940.0,0.0,1000元以上,0,其他,614.1954887218045,奢侈品牌
2025-11-13,A41308906695,资生堂 盼丽风姿抗皱日霜 50mL 保湿滋润,480.0,703,62,资生堂,337440.0,0.08819345661450925,200-500元,0,其他,614.1954887218045,奢侈品牌
2025-11-13,A41308926085,资生堂 盼丽风姿抗皱洁面膏125ml 泡沫型 资生堂洗面奶 洁肤乳,350.0,505,60,资生堂,176750.0,0.1188118811881188,200-500元,0,洁面,614.1954887218045,奢侈品牌
2025-11-13,A41329098300,shiseido资生堂 全球彩妆至美眼线液（精致黑） 1.4ml,310.0,113,15,资生堂,35030.0,0.13274336283185842,200-500元,0,其他,614.1954887218045,奢侈品牌
2025-11-13,A43595573845,shiseido资生堂 男士补水乳液两件套 爽肤水150ml+精华乳50ml套组,730.0,136,17,资生堂,99280.0,0.125,500-1000元,0,精华,614.1954887218045,奢侈品牌
2025-11-13,A44574120928,shiseido资生堂 悦薇珀翡紧颜亮肤水(清爽型) 150ml,680.0,233,36,资生堂,158440.0,0.15450643776824036,500-1000元,0,其他,614.1954887218045,奢侈品牌
2025-11-13,A44574292864,Shiseido资生堂悦薇珀翡紧颜亮肤乳清爽型100ml 滋润保湿,760.0,237,35,资生堂,180120.0,0.14767932489451477,500-1000元,0,其他,614.1954887218045,奢侈品牌
2025-11-13,A524828287151,shiseido资生堂红妍肌活修颜明眸套装脸部精华30ml+眼部精华15ml,1140.0,61,15,资生堂,69540.0,0.2459016393442623,1000元以上,0,精华,614.1954887218045,奢侈品牌
2025-11-13,A527331686169,资生堂 集光祛斑奢享套装（水150ml+精华30ML) 精粹水精华,1300.0,134,16,资生堂,174200.0,0.11940298507462686,1000元以上,0,精华,614.1954887218045,奢侈品牌
2025-11-12,A41307151264,Shiseido/资生堂盼丽风姿金采丰润眼部精华霜15ml 眼霜,780.0,174,22,资生堂,135720.0,0.12643678160919541,500-1000元,0,精华,614.1954887218045,奢侈品牌
2025-11-12,A41353967593,资生堂 盼丽风姿金采丰润晚霜50ml 夜间修护 深度滋润 晚霜 夜霜,880.0,110,9,资生堂,96800.0,0.08181818181818182,500-1000元,0,其他,614.1954887218045,奢侈品牌
2025-11-12,A41409480326,资生堂傲娇精华 红妍肌活精华露30ml/50ml,860.0,7819,1571,资生堂,6724340.0,0.2009208338662233,500-1000元,0,精华,614.1954887218045,奢侈品牌
2025-11-12,A41435813637,资生堂百优全新精纯乳霜50ml 滋润保湿,820.0,557,62,资生堂,456740.0,0.11131059245960502,500-1000元,0,其他,614.1954887218045,奢侈品牌
2025-11-12,A521548148352,资生堂 悦薇珀翡塑颜臻白精华液40ml紧致精华 美白精华 美白精华,1320.0,148,23,资生堂,195360.0,0.1554054054054054,1000元以上,0,精华,614.1954887218045,奢侈品牌
2025-11-12,A527082291331,资生堂新透白樱润透白套装水150ml+乳液75ml,940.0,457,138,资生堂,429580.0,0.30196936542669583,500-1000元,0,乳液,614.1954887218045,奢侈品牌
2025-11-12,A529024356670,【礼品套装】资生堂新透白祛斑套装（精粹水+防护乳+精华+凝霜）,2420.0,240,101,资生堂,580800.0,0.42083333333333334,1000元以上,0,精华,614.1954887218045,奢侈品牌
2025-11-12,A532558830570,Shiseido/资生堂 新透白美肌套装（洗面膏125ml+水150ml+乳75ml）,1260.0,147,63,资生堂,185220.0,0.42857142857142855,1000元以上,0,其他,614.1954887218045,奢侈品牌
2025-11-12,A532559654004,Shiseido/资生堂悦薇三部曲正装(洁面125ml+水150ml+乳100ml）,1800.0,116,52,资生堂,208800.0,0.4482758620689655,1000元以上,0,洁面,614.1954887218045,奢侈品牌
2025-11-12,A535290491264,【礼品套餐】资生堂盼丽风姿抗皱日霜50ml+ 抗皱滋润健肤水150ml,930.0,25,13,资生堂,23250.0,0.52,500-1000元,0,其他,614.1954887218045,奢侈品牌
2025-11-12,A539194312248,资生堂 新透白美肌源动力面膜6片 美白补水,780.0,0,0,资生堂,0.0,0.0,500-1000元,0,面膜,614.1954887218045,奢侈品牌
2025-11-12,A541029647140,男士套装（水150ml+洁面125ml+乳100ml ),720.0,116,1,资生堂,83520.0,0.008620689655172414,500-1000元,0,洁面,614.1954887218045,奢侈品牌
2025-11-12,A541194511462,红色蜜露精华化妆液125ml,480.0,101,0,资生堂,48480.0,0.0,200-500元,0,精华,614.1954887218045,奢侈品牌
2025-11-11,A41288123980,资生堂盼丽风姿抗皱滋润健肤水150ml 爽肤水 补水保湿滋润,450.0,568,58,资生堂,255600.0,0.10211267605633803,200-500元,0,爽肤水,614.1954887218045,奢侈品牌
2025-11-11,A41344569746,资生堂新透白透亮美肌洗面膏125ml 洗面奶 洁肤乳 资生堂洗面奶,320.0,1000,105,资生堂,320000.0,0.105,200-500元,0,其他,614.1954887218045,奢侈品牌
2025-11-11,A41362365666,资生堂 心机彩妆微晶蜜口红6g 双唇水润亮泽持久 唇膏 口红,230.0,107,7,资生堂,24610.0,0.06542056074766354,200-500元,0,口红,614.1954887218045,奢侈品牌
2025-11-11,A44490807608,【仅限双11当天】资生堂 悦薇珀翡紧颜亮肤水150ml滋润型,680.0,328,46,资生堂,223040.0,0.1402439024390244,500-1000元,0,其他,614.1954887218045,奢侈品牌
2025-11-11,A44575616532,【仅限双11当天专享】资生堂 悦薇珀翡紧颜亮肤乳100ml(滋润型),760.0,910,141,资生堂,691600.0,0.15494505494505495,500-1000元,0,其他,614.1954887218045,奢侈品牌
2025-11-11,A523128087179,资生堂盼丽风姿基础护理套装(洁面75ml+水75Ml+乳30ml）保湿滋润,460.0,504,49,资生堂,231840.0,0.09722222222222222,200-500元,0,洁面,614.1954887218045,奢侈品牌
2025-11-11,A523782769730,shiseido资生堂亲肤净澈洁颜油180ml 深度清洁毛孔 温和快速卸妆,260.0,213,65,资生堂,55380.0,0.3051643192488263,200-500元,0,卸妆,614.1954887218045,奢侈品牌
2025-11-11,A523790888486,资生堂 亲肤净透卸妆霜125ml 卸除彩妆 卸妆霜 清洁卸彩妆,210.0,125,27,资生堂,26250.0,0.216,200-500元,0,卸妆,614.1954887218045,奢侈品牌
2025-11-11,A528381038628,Shiseido/资生堂无痕遮瑕膏 改善肤色 遮瑕 修饰,280.0,165,66,资生堂,46200.0,0.4,200-500元,0,其他,614.1954887218045,奢侈品牌
2025-11-11,A536336288412,Shiseido/资生堂魅力男士套组 男士护肤水150ml+凝露75ml,540.0,50,18,资生堂,27000.0,0.36,500-1000元,0,其他,614.1954887218045,奢侈品牌
2025-11-11,A541455158190,【仅限双II当天专享】资生堂男士套装（水150ml +修护霜50ml）,780.0,5,0,资生堂,3900.0,0.0,500-1000元,0,其他,614.1954887218045,奢侈品牌
2025-11-11,A541485502398,资生堂青春焕颜基础套装（UTM精华10ml+SVP水25ml+SVP乳15ml),269.0,14,0,资生堂,3766.0,0.0,200-500元,0,精华,614.1954887218045,奢侈品牌
2025-11-10,A41291895365,资生堂 盼丽风姿抗皱修护眼霜15ml 资生堂眼霜,520.0,610,74,资生堂,317200.0,0.12131147540983607,500-1000元,0,眼霜,614.1954887218045,奢侈品牌
2025-11-10,A41307847570,资生堂 男士均衡护肤水150ml 补水保湿 舒缓滋润锁水 男士护肤水,260.0,1735,208,资生堂,451100.0,0.11988472622478386,200-500元,0,其他,614.1954887218045,奢侈品牌
2025-11-10,A41320102575,【双II预售】资生堂 新透白色控霜 30ml,390.0,590,37,资生堂,230100.0,0.06271186440677966,200-500元,0,其他,614.1954887218045,奢侈品牌
2025-11-10,A41325154584,资生堂男士滋润乳100ml 补水保湿控油 柔滑紧致肌肤 男士乳液,280.0,1933,166,资生堂,541240.0,0.0858768753233316,200-500元,0,乳液,614.1954887218045,奢侈品牌
2025-11-10,A41337218306,shiseido资生堂 心机彩妆臻采恒亮眼影 3.5g 修饰双眸 自然眼妆,320.0,561,53,资生堂,179520.0,0.0944741532976827,200-500元,0,眼影,614.1954887218045,奢侈品牌
2025-11-10,A41347420374,资生堂 盼丽风姿抗皱日乳SPF15 75ml补水保湿 乳液 滋润,480.0,321,37,资生堂,154080.0,0.11526479750778816,200-500元,0,乳液,614.1954887218045,奢侈品牌
2025-11-10,A41354072411,shiseido资生堂 时光琉璃御藏丰润洁面乳125ml 温和洁面 洗面奶,580.0,83,20,资生堂,48140.0,0.24096385542168675,500-1000元,0,洁面,614.1954887218045,奢侈品牌
2025-11-10,A41354079173,【双II预售】 新漾美肌精华润肤乳75ml 补水保湿,420.0,892,110,资生堂,374640.0,0.12331838565022421,200-500元,0,精华,614.1954887218045,奢侈品牌
2025-11-10,A41358780203,【双II预售】新透白美肌源动力面膜6片 补水保湿,780.0,369,37,资生堂,287820.0,0.1002710027100271,500-1000元,0,面膜,614.1954887218045,奢侈品牌
2025-11-10,A41362273628,资生堂心机彩妆盈透遮瑕隔离乳30g 轻盈无油 隔离 遮瑕,320.0,220,12,资生堂,70400.0,0.05454545454545454,200-500元,0,隔离霜,614.1954887218045,奢侈品牌
2025-11-10,A41362828113,资生堂悦薇质纯抗皱精华液125ml 提拉紧致精华淡化细纹 悦薇精华,600.0,312,36,资生堂,187200.0,0.11538461538461539,500-1000元,0,精华,614.1954887218045,奢侈品牌
2025-11-10,A41364104229,shiseido资生堂 男士优效修护霜 50mL提亮肤色  保湿,520.0,537,51,资生堂,279240.0,0.09497206703910614,500-1000元,0,其他,614.1954887218045,奢侈品牌
2025-11-10,A41370034237,shiseido资生堂洗面奶 新漾美肌净洁洁面膏 125ml 去角质 洁肤乳,260.0,500,81,资生堂,130000.0,0.162,200-500元,0,洁面,614.1954887218045,奢侈品牌
2025-11-10,A41377952450,资生堂新艳阳夏日常温和防晒乳50mlSPF30/PA+++资生堂防晒霜,340.0,2682,388,资生堂,911880.0,0.14466815809097688,200-500元,0,防晒,614.1954887218045,奢侈品牌
2025-11-10,A41382974290,【仅双11当天专享】资生堂 新漾美肌水润洁面膏 125ml 补水保湿,260.0,1964,403,资生堂,510640.0,0.20519348268839105,200-500元,0,洁面,614.1954887218045,奢侈品牌
2025-11-10,A41385213622,资生堂 新漾美肌精华润肤霜50ml 补水保湿 滋润 面霜,420.0,466,41,资生堂,195720.0,0.08798283261802575,200-500元,0,面霜,614.1954887218045,奢侈品牌
2025-11-10,A41393779409,【仅双11当天专享】资生堂经典红水红色蜜露精华化妆液200ml,620.0,4161,349,资生堂,2579820.0,0.08387406873347752,500-1000元,0,精华,614.1954887218045,奢侈品牌
2025-11-10,A41399280885,【双II预售】资生堂 新漾美肌精华健肤水75ml 补水保湿滋润爽肤水,280.0,1445,159,资生堂,404600.0,0.11003460207612457,200-500元,0,精华,614.1954887218045,奢侈品牌
2025-11-10,A42022537258,【仅双11当天专享】资生堂百优眼霜15ml,590.0,2199,392,资生堂,1297410.0,0.17826284674852205,500-1000元,0,眼霜,614.1954887218045,奢侈品牌
2025-11-10,A42254119809,【双II预售】资生堂 男士洗面膏125ml,180.0,1061,15,资生堂,190980.0,0.01413760603204524,100-200元,0,其他,614.1954887218045,奢侈品牌
2025-11-10,A42444882178,shiseido资生堂心机彩妆清透美肌妆前乳30ml  轻盈妆底 细致净瑕,280.0,216,34,资生堂,60480.0,0.1574074074074074,200-500元,0,其他,614.1954887218045,奢侈品牌
2025-11-10,A44574028112,Shiseido/资生堂悦薇珀翡焕活洁面膏125ml 去角质保湿柔肤,360.0,345,45,资生堂,124200.0,0.13043478260869565,200-500元,0,洁面,614.1954887218045,奢侈品牌
2025-11-10,A45463872339,资生堂全球彩妆羽感无瑕粉底液30ml 轻盈羽感遮瑕粉底,420.0,98,15,资生堂,41160.0,0.15306122448979592,200-500元,0,粉底,614.1954887218045,奢侈品牌
2025-11-10,A522561713777,【双II预售】资生堂红妍肌活眼部精华露15ml,550.0,734,66,资生堂,403700.0,0.08991825613079019,500-1000元,0,精华,614.1954887218045,奢侈品牌
2025-11-10,A523790724172,shiseido资生堂 亲肤净润眼唇卸妆液125ml  可卸除防水性睫毛膏,220.0,106,23,资生堂,23320.0,0.2169811320754717,200-500元,0,睫毛膏,614.1954887218045,奢侈品牌
2025-11-10,A526986535177,【双II预售】资生堂新透白美肌光感焕采亮肤乳SPF30+/PA+++ 防晒,460.0,106,20,资生堂,48760.0,0.18867924528301888,200-500元,0,防晒,614.1954887218045,奢侈品牌
2025-11-10,A526986667099,【双II预售】资生堂新透白美肌夜间祛斑修护凝霜50ml 保湿滋润,600.0,367,54,资生堂,220200.0,0.14713896457765668,500-1000元,0,其他,614.1954887218045,奢侈品牌
2025-11-10,A527034377211,资生堂新透白美肌夜间祛斑柔护乳75ml 美白淡斑补水滋润 美白乳液,520.0,272,59,资生堂,141440.0,0.21691176470588236,500-1000元,0,乳液,614.1954887218045,奢侈品牌
2025-11-10,A527089635818,【双II预售】资生堂百优全新精纯乳霜50ml 滋润保湿 提拉紧致,820.0,998,1,资生堂,818360.0,0.001002004008016032,500-1000元,0,其他,614.1954887218045,奢侈品牌
2025-11-10,A527621891313,【双II预售】资生堂 新透白祛斑精粹水150ml,420.0,168,1,资生堂,70560.0,0.005952380952380952,200-500元,0,其他,614.1954887218045,奢侈品牌
2025-11-10,A528596459318,【双II预售】资生堂新透白美肌祛斑精华液30ml,880.0,725,34,资生堂,638000.0,0.04689655172413793,500-1000元,0,精华,614.1954887218045,奢侈品牌
2025-11-10,A529658394685,【双II预售】资生堂心机彩妆星魅唇膏唇膏,260.0,350,100,资生堂,91000.0,0.2857142857142857,200-500元,0,其他,614.1954887218045,奢侈品牌
2025-11-10,A530228778402,【双II预售】资生堂天猫定制男士礼盒 男士洁面 护肤水 滋润乳,720.0,206,3,资生堂,148320.0,0.014563106796116505,500-1000元,0,洁面,614.1954887218045,奢侈品牌
2025-11-10,A531864395263,【礼品套装】资生堂 盼丽风姿抗皱日霜50ml+抗皱夜霜50Ml,990.0,78,32,资生堂,77220.0,0.41025641025641024,500-1000元,0,其他,614.1954887218045,奢侈品牌
2025-11-10,A531970304102,【双II预售】资生堂 新透白精粹水150ml+夜间防护乳75ml,940.0,945,109,资生堂,888300.0,0.11534391534391535,500-1000元,0,其他,614.1954887218045,奢侈品牌
2025-11-10,A533900013929,【双II预售】资生堂悦薇质纯防皱眼膜贴2片x12袋 保湿抗皱,500.0,638,14,资生堂,319000.0,0.0219435736677116,200-500元,0,其他,614.1954887218045,奢侈品牌
2025-11-10,A535435133234,Shiseido/资生堂男士活力水润凝露75ml,280.0,195,66,资生堂,54600.0,0.3384615384615385,200-500元,0,其他,614.1954887218045,奢侈品牌
2025-11-10,A537108119523,【双II预售】资生堂 悦薇珀翡紧颜亮肤乳100ml(滋润型) 长效保湿,760.0,461,8,资生堂,350360.0,0.01735357917570499,500-1000元,0,其他,614.1954887218045,奢侈品牌
2025-11-10,A537868448914,【双II预售】资生堂新漾水润洁面膏 125ml,260.0,357,3,资生堂,92820.0,0.008403361344537815,200-500元,0,洁面,614.1954887218045,奢侈品牌
2025-11-10,A538954244608,【双II预售】资生堂彩妆睫毛夹+至美粉底刷,400.0,10,0,资生堂,4000.0,0.0,200-500元,0,粉底,614.1954887218045,奢侈品牌
2025-11-10,A539163237102,【双II预售】资生堂心机彩妆臻采腮红 2g 自然持久贴合妆容,280.0,137,0,资生堂,38360.0,0.0,200-500元,0,其他,614.1954887218045,奢侈品牌
2025-11-10,A539892740801,【双II预售】资生堂悦薇珀翡塑颜亮肤霜50ml 新品上新,1780.0,93,0,资生堂,165540.0,0.0,1000元以上,0,其他,614.1954887218045,奢侈品牌
2025-11-10,A539972332409,【双II预售】资生堂悦享年轻套装（滋润型）(水150ml+乳100ml),1440.0,335,0,资生堂,482400.0,0.0,1000元以上,0,其他,614.1954887218045,奢侈品牌
2025-11-10,A540678373698,【双II预售】资生堂魅力男士套组 男士洗面膏+均衡护肤水,440.0,141,0,资生堂,62040.0,0.0,200-500元,0,其他,614.1954887218045,奢侈品牌
2025-11-10,A540921567526,【双II专享】红色蜜露经典红水200ml 保湿补水,620.0,0,0,资生堂,0.0,0.0,500-1000元,0,其他,614.1954887218045,奢侈品牌
2025-11-10,A541176364201,Shiseido/资生堂男士热销三件套组（洁面125ml+水150ml+乳100ml),720.0,1,0,资生堂,720.0,0.0,500-1000元,0,洁面,614.1954887218045,奢侈品牌
2025-11-09,A41259269265,【双II预售】资生堂红色蜜露精华化妆液125ml 补水保湿精华水,480.0,842,31,资生堂,404160.0,0.03681710213776722,200-500元,0,精华,614.1954887218045,奢侈品牌
2025-11-09,A527309626674,【双II预售】资生堂红妍肌活精华露30ml 预订加享30ml,590.0,17605,1025,资生堂,10386950.0,0.05822209599545584,500-1000元,1,精华,614.1954887218045,奢侈品牌
2025-11-08,A527129766073,【双II预售】资生堂百优眼霜15ml 百优优效,590.0,2022,122,资生堂,1192980.0,0.06033630069238378,500-1000元,0,眼霜,614.1954887218045,奢侈品牌
2025-11-08,A539192564215,【双II预售】资生堂 盼丽风姿抗皱日霜 50ml,480.0,579,2,资生堂,277920.0,0.0034542314335060447,200-500元,0,其他,614.1954887218045,奢侈品牌
2025-11-07,A41419055648,资生堂 新漾美肌日用精华润肤乳75ml 补水滋润 保湿乳液,420.0,233,29,资生堂,97860.0,0.12446351931330472,200-500元,0,精华,614.1954887218045,奢侈品牌
2025-11-06,A41348185812,shiseido资生堂 悦薇调理健肤水EX II 130mL 保湿紧致肌肤,520.0,104,8,资生堂,54080.0,0.07692307692307693,500-1000元,0,其他,614.1954887218045,奢侈品牌
2025-11-05,A521058998247,【双II预售】资生堂红妍肌活精华露50ml 傲娇明星精华,860.0,3174,0,资生堂,2729640.0,0.0,500-1000元,0,精华,614.1954887218045,奢侈品牌
2025-11-05,A527087015532,【双II预售】资生堂红色蜜露经典红水200ml,620.0,1479,138,资生堂,916980.0,0.09330628803245436,500-1000元,0,其他,614.1954887218045,奢侈品牌
2025-11-14,A527960599636,Shu uemura植村秀新无色限唇膏 口红 长效保湿滋润 显色持久 正品,215.0,0,0,植村秀,0.0,0.0,200-500元,0,口红,319.74226804123714,高端品牌
2025-11-14,A528013549083,Shu uemura植村秀晶萃溢彩肌底液30ml 面部精华,590.0,0,0,植村秀,0.0,0.0,500-1000元,0,精华,319.74226804123714,高端品牌
2025-11-14,A528030330786,Shu uemura 植村秀无色限柔雾唇膏 哑光口红 保湿持久 高饱和显色,215.0,0,0,植村秀,0.0,0.0,200-500元,0,口红,319.74226804123714,高端品牌
2025-11-14,A528091449317,shu uemura植村秀无色限唇颊缤纷霜 腮红 口红两用 唇彩 正品,220.0,0,0,植村秀,0.0,0.0,200-500元,0,口红,319.74226804123714,高端品牌
2025-11-14,A528191935022,Shu uemura植村秀韵眉膏 染眉膏 多维度丰眉刷头,280.0,0,0,植村秀,0.0,0.0,200-500元,0,其他,319.74226804123714,高端品牌
2025-11-14,A528194395443,植村秀泡沫隔离CC霜 持久遮瑕隐形毛孔轻盈透气,390.0,0,0,植村秀,0.0,0.0,200-500元,0,隔离霜,319.74226804123714,高端品牌
2025-11-14,A528194551616,Shu uemura植村秀自动砍刀眉笔 可替换便携版 双头妆效 自然眉妆,260.0,0,0,植村秀,0.0,0.0,200-500元,0,其他,319.74226804123714,高端品牌
2025-11-14,A528195059572,Shu uemura植村秀无色限腮红 幻彩胭脂 持久不掉色粉质细腻,165.0,0,0,植村秀,0.0,0.0,100-200元,0,其他,319.74226804123714,高端品牌
2025-11-14,A528240082715,Shu uemura植村秀如胶似漆眼线笔 不晕染 防水防油 正品,235.0,0,0,植村秀,0.0,0.0,200-500元,0,其他,319.74226804123714,高端品牌
2025-11-14,A528254461225,Shu uemura植村秀霓虹唇膏 口红 霓虹绚丽 光泽持久 高俊熙同款,215.0,0,0,植村秀,0.0,0.0,200-500元,0,口红,319.74226804123714,高端品牌
2025-11-14,A528254521607,shu uemura植村秀无色限漆光唇釉 口红 持久显色 滋润保湿 正品,230.0,0,0,植村秀,0.0,0.0,200-500元,0,口红,319.74226804123714,高端品牌
2025-11-14,A528271120914,Shu uemura植村秀眉笔 砍刀眉笔 防水防汗 自然持久不晕染 正品,200.0,0,0,植村秀,0.0,0.0,100-200元,0,其他,319.74226804123714,高端品牌
2025-11-14,A528317867794,Shu uemura植村秀烟花十色眼线液 持久防水 金属闪烁 珠光眼影,250.0,0,0,植村秀,0.0,0.0,200-500元,0,眼影,319.74226804123714,高端品牌
2025-11-14,A528378021399,Shu uemura植村秀玩色之涂手绘眼线笔 防水防汗防油 不晕染 正品,195.0,0,0,植村秀,0.0,0.0,100-200元,0,其他,319.74226804123714,高端品牌
2025-11-14,A528385071932,Shu uemura植村秀纤变墨画眼线液笔 长效持久 防水不晕染 正品,290.0,0,0,植村秀,0.0,0.0,200-500元,0,其他,319.74226804123714,高端品牌
2025-11-14,A528391819172,Shu uemura植村秀清透裸机粉底液 双层化妆水粉底液 保湿遮瑕裸妆,420.0,0,0,植村秀,0.0,0.0,200-500元,0,粉底,319.74226804123714,高端品牌
2025-11-14,A528438402478,Shu uemura植村秀新超模心机柔焦底霜22ml 糊涂霜,360.0,0,0,植村秀,0.0,0.0,200-500元,0,其他,319.74226804123714,高端品牌
2025-11-14,A528445737554,Shu uemura植村秀膜力丰盈睫毛膏 美睫羽衣 防水 不晕染 正品,260.0,0,0,植村秀,0.0,0.0,200-500元,0,睫毛膏,319.74226804123714,高端品牌
2025-11-14,A528471088277,Shu uemura植村秀小灯泡精油粉底霜 遮瑕保湿 定妆粉饼 粉底液,430.0,0,0,植村秀,0.0,0.0,200-500元,0,粉底,319.74226804123714,高端品牌
2025-11-14,A528472336350,Shu uemura植村秀小灯泡塑颜光感粉底液 细腻自然 遮瑕 正品,485.0,0,0,植村秀,0.0,0.0,200-500元,0,粉底,319.74226804123714,高端品牌
2025-11-14,A528472872135,Shu uemura植村秀塑颜水感亲肤粉底液 保湿遮瑕 BB霜 正品,405.0,0,0,植村秀,0.0,0.0,200-500元,0,粉底,319.74226804123714,高端品牌
2025-11-14,A528759109242,Shu uemura植村秀超模心机修颜乳SPF3 妆前乳 控油,360.0,0,0,植村秀,0.0,0.0,200-500元,0,其他,319.74226804123714,高端品牌
2025-11-14,A528778740458,Shu uemura植村秀黄金云朵洁颜霜 卸妆膏清洁护肤 快速洁肤,650.0,0,0,植村秀,0.0,0.0,500-1000元,0,卸妆,319.74226804123714,高端品牌
2025-11-14,A528828004828,Shu uemura植村秀无色限琉光唇膏口红 持久显色,215.0,0,0,植村秀,0.0,0.0,200-500元,0,口红,319.74226804123714,高端品牌
2025-11-14,A528829424979,Shu uemura植村秀无色限彩妆盒 单格双格四格 眼影盒 腮红盒 混搭,50.0,0,0,植村秀,0.0,0.0,0-50元,0,眼影,319.74226804123714,高端品牌
2025-11-14,A528832944748,Shu uemura植村秀双头遮瑕笔 双头小胖 精准遮瑕 提亮修容 正品,250.0,0,0,植村秀,0.0,0.0,200-500元,0,其他,319.74226804123714,高端品牌
2025-11-14,A529004931972,Shu uemura植村秀无色限眼影 眼影盘 易上手不晕染 多色可选 正品,130.0,0,0,植村秀,0.0,0.0,100-200元,0,眼影,319.74226804123714,高端品牌
2025-11-14,A529008131128,Shu uemura植村秀五角海棉 粉扑 一包四个装 彩妆工具 正品,45.0,0,0,植村秀,0.0,0.0,0-50元,0,其他,319.74226804123714,高端品牌
2025-11-14,A529053081257,Shu uemura植村秀哑光蜜粉15g 散粉 长效保湿控油,350.0,0,0,植村秀,0.0,0.0,200-500元,0,蜜粉,319.74226804123714,高端品牌
2025-11-14,A529059562414,Shu uemura植村秀小灯泡微光粉饼海绵 粉扑 化妆工具,90.0,0,0,植村秀,0.0,0.0,50-100元,0,其他,319.74226804123714,高端品牌
2025-11-14,A529150624524,Shu uemura植村秀双色眉粉盘 自然持久不晕染塑造眉型 防水防汗,260.0,0,0,植村秀,0.0,0.0,200-500元,0,其他,319.74226804123714,高端品牌
2025-11-14,A529674703440,Shu uemura植村秀 自动砍刀眉笔替换芯笔芯双头设计快速方便,140.0,0,0,植村秀,0.0,0.0,100-200元,0,其他,319.74226804123714,高端品牌
2025-11-14,A529786154376,Shu uemura植村秀超模心机水感润泽霜 元气底霜 妆前乳 保湿正品,360.0,0,0,植村秀,0.0,0.0,200-500元,0,其他,319.74226804123714,高端品牌
2025-11-14,A530377458318,植村秀哑光蜜粉粉扑1*1 散粉粉扑 彩妆工具 正品,90.0,0,0,植村秀,0.0,0.0,50-100元,0,蜜粉,319.74226804123714,高端品牌
2025-11-14,A530434462452,Shu uemura植村秀新假睫毛粘胶 7g 假睫毛胶水 快速易干自然放大,80.0,0,0,植村秀,0.0,0.0,50-100元,0,睫毛膏,319.74226804123714,高端品牌
2025-11-14,A530437618606,Shu uemura植村秀假睫毛 纤长浓密 局部交错 彩妆工具 正品,150.0,0,0,植村秀,0.0,0.0,100-200元,0,睫毛膏,319.74226804123714,高端品牌
2025-11-14,A531926706978,Shu uemura植村秀无色限蜜唇冻唇膏限量版 霓虹唇膏口红保湿滋润,215.0,0,0,植村秀,0.0,0.0,200-500元,0,口红,319.74226804123714,高端品牌
2025-11-14,A532586841461,Shu uemura植村秀泡沫隔离CC霜套组 五角海绵 防晒霜 妆前乳,435.0,0,0,植村秀,0.0,0.0,200-500元,0,防晒,319.74226804123714,高端品牌
2025-11-14,A534293169332,Shu uemura植村秀玩色之涂眼影笔 易上手 防水不晕染 正品,200.0,0,0,植村秀,0.0,0.0,100-200元,0,眼影,319.74226804123714,高端品牌
2025-11-14,A535399506927,shu uemura植村秀洁颜世家洁颜膏 樱花油 琥珀油,295.0,0,0,植村秀,0.0,0.0,200-500元,0,其他,319.74226804123714,高端品牌
2025-11-14,A535970365226,Shu uemura植村秀海洋深层水系列 喷雾 爽肤水 晒后修复滋润肌肤,195.0,0,0,植村秀,0.0,0.0,100-200元,0,爽肤水,319.74226804123714,高端品牌
2025-11-14,A536038566889,Shu uemura植村秀仙女盘 无色限眼影腮红 自由组合个性搭配,505.0,0,0,植村秀,0.0,0.0,500-1000元,0,眼影,319.74226804123714,高端品牌
2025-11-14,A538216380203,Shu uemura植村秀限量版白瓷气垫粉底保湿轻盈中日同价,390.0,0,0,植村秀,0.0,0.0,200-500元,0,粉底,319.74226804123714,高端品牌
2025-11-14,A539425948814,Shu uemura植村秀自动砍刀眉笔+韵眉膏染眉膏 可替换便携版,540.0,0,0,植村秀,0.0,0.0,500-1000元,0,其他,319.74226804123714,高端品牌
2025-11-14,A539791470532,Shu uemura植村秀白瓷气垫粉底 13g 遮瑕保湿提亮肤色净白精华,390.0,0,0,植村秀,0.0,0.0,200-500元,0,精华,319.74226804123714,高端品牌
2025-11-13,A528000522576,Shu uemura植村秀汉方尊享洁颜油 卸妆液 温和清洁 汉方滋养 正品,280.0,0,0,植村秀,0.0,0.0,200-500元,0,卸妆,319.74226804123714,高端品牌
2025-11-13,A535518184539,Shu uemura植村秀双面五角海绵 粉扑底妆彩妆工具,60.0,0,0,植村秀,0.0,0.0,50-100元,0,其他,319.74226804123714,高端品牌
2025-11-12,A530160219031,Shu uemura植村秀亮泽蜜粉  定妆补妆轻透粉质自然,350.0,0,0,植村秀,0.0,0.0,200-500元,0,蜜粉,319.74226804123714,高端品牌
2025-11-11,A528386447798,【11-11】植村秀洁颜世家 洁颜膏 樱花油 琥珀油（双11当天专享）,295.0,0,0,植村秀,0.0,0.0,200-500元,0,其他,319.74226804123714,高端品牌
2025-11-11,A528392383651,【11-11】植村秀小灯泡塑颜光感微光粉饼 粉芯 轻透粉质自然,480.0,0,0,植村秀,0.0,0.0,200-500元,0,其他,319.74226804123714,高端品牌
2025-11-11,A531225190925,【11-11】植村秀洁颜油系列450ml 卸妆油清洁多效护肤,685.0,0,0,植村秀,0.0,0.0,500-1000元,0,卸妆,319.74226804123714,高端品牌
2025-11-11,A531924344854,【11-11】植村秀樱花轻肤洁颜油限量版 深层清洁补水滋润,260.0,0,0,植村秀,0.0,0.0,200-500元,0,其他,319.74226804123714,高端品牌
2025-11-11,A531987638917,【11-11套装】植村秀净透焕颜洁颜油 卸妆液清理毛孔祛黑头亮肤,280.0,0,0,植村秀,0.0,0.0,200-500元,0,卸妆,319.74226804123714,高端品牌
2025-11-11,A533062320961,【11-11】Shu uemura植村秀砍刀眉笔 防水防汗自然持久不晕染正品,200.0,0,0,植村秀,0.0,0.0,100-200元,0,其他,319.74226804123714,高端品牌
2025-11-11,A535377495734,【11-11】植村秀 无色限柔雾唇膏 哑光滋润口红 绒面质感饱满显色,215.0,0,0,植村秀,0.0,0.0,200-500元,0,口红,319.74226804123714,高端品牌
2025-11-11,A535444754951,【11-11】植村秀专业睫毛夹 自然卷曲明星款工具柔软质地不损伤,180.0,0,0,植村秀,0.0,0.0,100-200元,0,睫毛膏,319.74226804123714,高端品牌
2025-11-11,A535475357643,【11-11】植村秀如胶似漆眼线笔 长时效不晕染防水防泪自动旋转,235.0,0,0,植村秀,0.0,0.0,200-500元,0,其他,319.74226804123714,高端品牌
2025-11-11,A535514460536,【11-11套装】植村秀樱花轻肤洁颜油 卸妆油去除油光紧致毛孔,260.0,0,0,植村秀,0.0,0.0,200-500元,0,卸妆,319.74226804123714,高端品牌
2025-11-11,A537341525619,【11-11套装】植村秀绿茶新肌洁颜油 深层卸妆清洁改善暗沉保湿,280.0,0,0,植村秀,0.0,0.0,200-500元,0,卸妆,319.74226804123714,高端品牌
2025-11-11,A537358756832,【11-11套装】植村秀限量版白瓷气垫粉底13g遮瑕高效净白提亮肤色,390.0,0,0,植村秀,0.0,0.0,200-500元,0,粉底,319.74226804123714,高端品牌
2025-11-11,A537380192775,【11-11】植村秀自动砍刀眉笔 可替换便携版 防水防汗 自然易上色,260.0,0,0,植村秀,0.0,0.0,200-500元,0,其他,319.74226804123714,高端品牌
2025-11-11,A538061230716,【11-11套装】植村秀琥珀臻萃洁颜油 快速卸妆水润保湿 领券减20,380.0,0,0,植村秀,0.0,0.0,200-500元,0,卸妆,319.74226804123714,高端品牌
2025-11-11,A538135667103,【11-11】植村秀小灯泡塑颜光感粉底液 送海绵打造全效光感肌,485.0,0,0,植村秀,0.0,0.0,200-500元,0,粉底,319.74226804123714,高端品牌
2025-11-11,A538219774984,【11-11】植村秀霓虹唇膏 口红 霓虹绚丽色彩晶透保湿滋润,215.0,0,0,植村秀,0.0,0.0,200-500元,0,口红,319.74226804123714,高端品牌
2025-11-11,A539427730651,【11-11套装】Shu uemura植村秀经典保湿洁颜油卸妆液莹润保湿,260.0,0,0,植村秀,0.0,0.0,200-500元,0,卸妆,319.74226804123714,高端品牌
2025-11-11,A539429564174,【11-11】Shu uemura植村秀纤变墨画眼线液笔超长持久防水防泪,290.0,0,0,植村秀,0.0,0.0,200-500元,0,其他,319.74226804123714,高端品牌
2025-11-11,A539908186019,【11-11】植村秀无色限腮红双格黑色彩妆盒胭脂粉质细腻随心搭配,235.0,0,0,植村秀,0.0,0.0,200-500元,0,其他,319.74226804123714,高端品牌
2025-11-11,A539909535729,【11-11套装】植村秀晶萃溢采肌底液30ml平整嫩肤水嫩光泽,590.0,0,0,植村秀,0.0,0.0,500-1000元,0,其他,319.74226804123714,高端品牌
2025-11-11,A539910096370,【11-11套装】植村秀霓虹唇膏+柔雾唇膏水嫩持久上色保湿滋润,430.0,0,0,植村秀,0.0,0.0,200-500元,0,其他,319.74226804123714,高端品牌
2025-11-11,A539910223266,【11-11套装】植村秀泡沫隔离CC霜套组 五角海绵隐形毛孔轻盈遮瑕,435.0,0,0,植村秀,0.0,0.0,200-500元,0,隔离霜,319.74226804123714,高端品牌
2025-11-11,A539911169220,【11-11套装】植村秀砍刀眉笔+樱花油50ml持久上色保湿滋润,300.0,0,0,植村秀,0.0,0.0,200-500元,0,其他,319.74226804123714,高端品牌
2025-11-11,A539912036273,【11-11套装】植村秀自动砍刀眉笔 云朵洁颜膏15g 便携自动,355.0,0,0,植村秀,0.0,0.0,200-500元,0,其他,319.74226804123714,高端品牌
2025-11-11,A539912319838,【11-11套装】植村秀柔雾唇膏/霓虹唇膏+琥珀油 保湿滋润霓虹绚丽,315.0,0,0,植村秀,0.0,0.0,200-500元,0,其他,319.74226804123714,高端品牌
2025-11-11,A540749393310,【11-11】植村秀仙女盘 无色限眼影腮红 5套配色自由组合个性搭配,505.0,0,0,植村秀,0.0,0.0,500-1000元,0,眼影,319.74226804123714,高端品牌
2025-11-11,A540812885858,【11-11套装】植村秀自动砍刀眉笔+韵眉膏染眉膏 持久上色,540.0,0,0,植村秀,0.0,0.0,500-1000元,0,其他,319.74226804123714,高端品牌
2025-11-10,A527958267821,【11-11】植村秀深海养护唇部保湿精华露滋润（双11当天专享）,220.0,0,0,植村秀,0.0,0.0,200-500元,0,精华,319.74226804123714,高端品牌
2025-11-10,A528028478863,【11-11预售】Shu uemura植村秀绿茶新肌洁颜油 卸妆液 深层清洁,280.0,0,0,植村秀,0.0,0.0,200-500元,0,卸妆,319.74226804123714,高端品牌
2025-11-10,A528430530877,【11-11】植村秀翘羽花香睫毛膏 快速定型 （双11当天专享）,280.0,0,0,植村秀,0.0,0.0,200-500元,0,睫毛膏,319.74226804123714,高端品牌
2025-11-10,A528907831706,【11-11预售】Shu uemura植村秀专业睫毛夹 自然卷曲 明星款工具,180.0,0,0,植村秀,0.0,0.0,100-200元,0,睫毛膏,319.74226804123714,高端品牌
2025-11-10,A530396665099,【11-11】植村秀小灯泡微光粉饼壳 粉饼盒 （双11当天专享）,130.0,0,0,植村秀,0.0,0.0,100-200元,0,其他,319.74226804123714,高端品牌
2025-11-10,A531987114282,【11-11】植村秀玩色之涂手绘眼线笔限量版 防水（双11当天专享）,195.0,0,0,植村秀,0.0,0.0,100-200元,0,其他,319.74226804123714,高端品牌
2025-11-10,A531988122176,【11-11】植村秀琥珀臻萃活肌洁颜油 限量版（双11当天专享）,870.0,0,0,植村秀,0.0,0.0,500-1000元,0,其他,319.74226804123714,高端品牌
2025-11-10,A536298869040,【11-11预售】植村秀无色限柔雾+无色限霓虹唇膏  双支口红,430.0,0,0,植村秀,0.0,0.0,200-500元,0,口红,319.74226804123714,高端品牌
2025-11-10,A536338884417,【11-11】植村秀砍刀眉笔+韵眉膏染眉膏防水防汗（双11当天专享）,480.0,0,0,植村秀,0.0,0.0,200-500元,0,其他,319.74226804123714,高端品牌
2025-11-10,A536846099316,【11-11预售】植村秀绿茶新肌洁颜油150ml+砍刀眉笔,480.0,0,0,植村秀,0.0,0.0,200-500元,0,其他,319.74226804123714,高端品牌
2025-11-10,A537016831812,【11-11预售】植村秀砍刀眉笔+樱花洁颜油50ml + 经典油50ml 套装,300.0,0,0,植村秀,0.0,0.0,200-500元,0,其他,319.74226804123714,高端品牌
2025-11-10,A537922445963,【11-11预售】植村秀自动砍刀眉笔+云朵霜15g套装 自然塑眉,355.0,0,0,植村秀,0.0,0.0,200-500元,0,其他,319.74226804123714,高端品牌
2025-11-10,A537977860066,【11-11预售】植村秀柔雾唇膏+琥珀洁颜油50ml套装 显色持久,315.0,0,0,植村秀,0.0,0.0,200-500元,0,其他,319.74226804123714,高端品牌
2025-11-10,A539387629651,【11-11预售】Shu uemura植村秀无色限腮红+双格黑色彩妆盒 胭脂,235.0,0,0,植村秀,0.0,0.0,200-500元,0,其他,319.74226804123714,高端品牌
2025-11-10,A539425153344,【11-11预售】植村秀限量版霓虹唇膏 亮橙色+白瓷气垫 #584号,605.0,0,0,植村秀,0.0,0.0,500-1000元,0,其他,319.74226804123714,高端品牌
2025-11-10,A539430629540,【11-11预售】植村秀绿茶新肌洁颜油150ml+樱花洁颜油150ml套装,540.0,0,0,植村秀,0.0,0.0,500-1000元,0,其他,319.74226804123714,高端品牌
2025-11-10,A540805499778,【11-11】shu uemura植村秀晶萃溢采精华霜50ml（双11当天专享）,660.0,0,0,植村秀,0.0,0.0,500-1000元,0,精华,319.74226804123714,高端品牌
2025-11-09,A527987047644,【11-11预售】Shu uemura植村秀樱花轻肤洁颜油 卸妆油 深层清洁,260.0,0,0,植村秀,0.0,0.0,200-500元,0,卸妆,319.74226804123714,高端品牌
2025-11-09,A528025886994,【11-11预售】Shu uemura植村秀净透焕颜洁颜油 卸妆油 深层清洁,280.0,0,0,植村秀,0.0,0.0,200-500元,0,卸妆,319.74226804123714,高端品牌
2025-11-09,A528030482188,【11-11预售】Shu uemura植村秀经典保湿洁颜油 卸妆液 温和清洁,260.0,0,0,植村秀,0.0,0.0,200-500元,0,卸妆,319.74226804123714,高端品牌
2025-11-09,A528249673577,【11-11预售】Shu uemura植村秀琥珀臻萃活肌洁颜油 卸妆油,380.0,0,0,植村秀,0.0,0.0,200-500元,0,卸妆,319.74226804123714,高端品牌
2025-11-09,A536993360204,【11-11套装】植村秀绿茶油150ml+樱花油150ml（双11当天专享）,540.0,0,0,植村秀,0.0,0.0,500-1000元,0,其他,319.74226804123714,高端品牌
2025-11-14,A14113837522,innisfree/悦诗风吟绿茶精萃平衡柔肤水 保湿补水清爽滋润爽肤水,115.0,41886,5736,悦诗风吟,4816890.0,0.13694313135653918,100-200元,1,爽肤水,122.54242424242425,中端品牌
2025-11-14,A14113994476,innisfree/悦诗风吟美白提亮柔肤水 爽肤水保湿滋润改善暗沉,140.0,8548,356,悦诗风吟,1196720.0,0.0416471689284043,100-200元,0,爽肤水,122.54242424242425,中端品牌
2025-11-14,A14114054180,innisfree/悦诗风吟香榧舒缓调理水 爽肤水保湿,125.0,5983,691,悦诗风吟,747875.0,0.11549389938158115,100-200元,0,爽肤水,122.54242424242425,中端品牌
2025-11-14,A14116625037,innisfree/悦诗风吟 生机展颜面霜80ml 紧致保湿补水淡化细纹韩国,250.0,141,31,悦诗风吟,35250.0,0.2198581560283688,200-500元,0,面霜,122.54242424242425,中端品牌
2025-11-14,A14256553980,innisfree/悦诗风吟红酒磨砂ㄠ 补水保湿温和去角质,90.0,3370,316,悦诗风吟,303300.0,0.09376854599406528,50-100元,0,其他,122.54242424242425,中端品牌
2025-11-14,A14762499647,innisfree/悦诗风吟绿茶籽精萃水分菁露小绿瓶补水保湿精华肌底液,210.0,76405,6285,悦诗风吟,16045050.0,0.08225901446240429,200-500元,1,精华,122.54242424242425,中端品牌
2025-11-14,A14774539457,innisfree/悦诗风吟男士清爽绿茶滋润水 保湿补水控油男士护肤品,130.0,3916,595,悦诗风吟,509080.0,0.15194075587334013,100-200元,0,其他,122.54242424242425,中端品牌
2025-11-14,A14775595702,innisfree/悦诗风吟济州岛火山岩泥毛孔清洁磨砂膏脸部温和去黑头,70.0,12568,894,悦诗风吟,879760.0,0.07113303628262253,50-100元,1,其他,122.54242424242425,中端品牌
2025-11-14,A14949987986,innisfree/悦诗风吟红酒磨砂ㄠ 韩国洁肤水去角质清洁肌肤,80.0,7449,231,悦诗风吟,595920.0,0.031010873942811115,50-100元,0,其他,122.54242424242425,中端品牌
2025-11-14,A14954747847,innisfree/悦诗风吟红酒夜间修护ㄠ婺 补水保湿 夜间滋润护肤,100.0,12160,1445,悦诗风吟,1216000.0,0.11883223684210527,50-100元,1,其他,122.54242424242425,中端品牌
2025-11-14,A14954795281,innisfree/悦诗风吟 橄榄油泡沫洁面乳 补水保湿清洁毛孔洗面奶,55.0,55599,5724,悦诗风吟,3057945.0,0.10295149193330816,50-100元,1,洁面,122.54242424242425,中端品牌
2025-11-14,A14965975334,innisfree/悦诗风吟绿茶精萃夜间修护面膜 滋润补水保湿 睡眠免洗,110.0,16836,1599,悦诗风吟,1851960.0,0.09497505345687812,100-200元,1,面膜,122.54242424242425,中端品牌
2025-11-14,A15058659488,悦诗风吟火山岩泥洗面奶 清洁控油去黑头补水保湿洁面乳男女,70.0,147541,26507,悦诗风吟,10327870.0,0.17965853559349604,50-100元,1,洁面,122.54242424242425,中端品牌
2025-11-14,A15240255709,innisfree/悦诗风吟绿茶精萃平衡卸妆油眼唇脸卸妆保湿 舒缓清爽,140.0,6697,691,悦诗风吟,937580.0,0.10318052859489324,100-200元,0,卸妆,122.54242424242425,中端品牌
2025-11-14,A15485602191,innisfree/悦诗风吟 森林男士去角质洁面膏150ml 洗面奶官方直售,90.0,13539,1946,悦诗风吟,1218510.0,0.14373291971342048,50-100元,1,洁面,122.54242424242425,中端品牌
2025-11-14,A15486609514,innisfree/悦诗风吟控油矿物质散粉5g 蜜粉饼粉底定妆持久 彩妆,50.0,360833,79162,悦诗风吟,18041650.0,0.2193868077476284,0-50元,1,粉底,122.54242424242425,中端品牌
2025-11-14,A15487317705,innisfree/悦诗风吟森林男士清新爽肤水 补水保湿 舒缓肌肤疲劳,160.0,2387,356,悦诗风吟,381920.0,0.14914118139924593,100-200元,0,爽肤水,122.54242424242425,中端品牌
2025-11-14,A15578714504,innisfree/悦诗风吟绿茶水乳套装 补水保湿控油护肤品韩国化妆品,230.0,324388,45226,悦诗风吟,74609240.0,0.1394194606458932,200-500元,1,其他,122.54242424242425,中端品牌
2025-11-14,A15697655947,innisfree/悦诗风吟橄榄油自然润手霜50ml护手霜手部护理滋润保湿,50.0,5301,279,悦诗风吟,265050.0,0.05263157894736842,0-50元,0,其他,122.54242424242425,中端品牌
2025-11-14,A15915899412,innisfree悦诗风吟自然关爱防晒霜 保湿防水全身面部防晒乳女韩国,70.0,83801,13939,悦诗风吟,5866070.0,0.16633453061419315,50-100元,1,防晒,122.54242424242425,中端品牌
2025-11-14,A16109602689,innisfree/悦诗风吟橄榄油手部按摩磨砂膏 手膜去角质去死皮,60.0,3014,214,悦诗风吟,180840.0,0.0710019907100199,50-100元,0,其他,122.54242424242425,中端品牌
2025-11-14,A16152260187,innisfree/悦诗风吟济州岛火山岩泥毛孔调理水 爽肤水  清洁毛孔,150.0,14995,1480,悦诗风吟,2249250.0,0.09869956652217406,100-200元,1,爽肤水,122.54242424242425,中端品牌
2025-11-14,A16152676486,innisfree/悦诗风吟绿茶精萃平衡柔肤露 乳液补水 韩国化妆品,115.0,29637,3971,悦诗风吟,3408255.0,0.13398792050477443,100-200元,1,乳液,122.54242424242425,中端品牌
2025-11-14,A16152968019,innisfree/悦诗风吟橄榄油肤质提升润肤露 高保湿补水滋润乳液女,120.0,6298,420,悦诗风吟,755760.0,0.06668783740870117,100-200元,0,乳液,122.54242424242425,中端品牌
2025-11-14,A16155756490,innisfree/悦诗风吟香榧舒缓调理乳液 去角质补水保湿清凉淡痘印,110.0,5274,527,悦诗风吟,580140.0,0.09992415623814942,100-200元,0,乳液,122.54242424242425,中端品牌
2025-11-14,A16156696621,innisfree/悦诗风吟 美白提亮面霜 保湿补水保湿霜女 护肤品,170.0,4042,280,悦诗风吟,687140.0,0.06927263730826323,100-200元,0,面霜,122.54242424242425,中端品牌
2025-11-14,A16156996620,innisfree/悦诗风吟 美白提亮润肤露 乳液改善暗沉保湿女护肤品,140.0,7850,366,悦诗风吟,1099000.0,0.04662420382165605,100-200元,0,乳液,122.54242424242425,中端品牌
2025-11-14,A16157264968,innisfree/悦诗风吟美白提亮精华露 50ml 改善肌肤老化 保湿润泽,180.0,1717,128,悦诗风吟,309060.0,0.07454863133372161,100-200元,0,精华,122.54242424242425,中端品牌
2025-11-14,A16176092883,innisfree/悦诗风吟男士清爽绿茶滋润乳 补水保湿 清爽控油,130.0,6405,857,悦诗风吟,832650.0,0.1338017174082748,100-200元,0,其他,122.54242424242425,中端品牌
2025-11-14,A16178432714,innisfree/悦诗风吟绿茶矿物质喷雾50ml  韩国补水保湿爽肤水,40.0,46337,7423,悦诗风吟,1853480.0,0.16019595571573472,0-50元,1,爽肤水,122.54242424242425,中端品牌
2025-11-14,A16178564273,innisfree/悦诗风吟绿茶矿物质喷雾 补水保湿爽肤水 韩国,100.0,37338,3395,悦诗风吟,3733800.0,0.09092613423322085,50-100元,1,爽肤水,122.54242424242425,中端品牌
2025-11-14,A16285669223,innisfree/悦诗风吟九重臻致修护面霜60ml 高营养保湿 紧致匀亮,380.0,685,57,悦诗风吟,260300.0,0.08321167883211679,200-500元,0,面霜,122.54242424242425,中端品牌
2025-11-14,A16454736349,innisfree/悦诗风吟 香榧舒缓洁面泡沫 洗面奶清洁肌肤补水淡痘印,65.0,19990,3029,悦诗风吟,1299350.0,0.1515257628814407,50-100元,1,洁面,122.54242424242425,中端品牌
2025-11-14,A16455664845,innisfree/悦诗风吟橄榄油自然洁面油洗面奶保湿深层清洁韩国正品,140.0,839,1,悦诗风吟,117460.0,0.0011918951132300357,100-200元,0,洁面,122.54242424242425,中端品牌
2025-11-14,A16455720259,innisfree悦诗风吟绿茶保湿洁面膏洗面奶 深层清洁补水洁面乳男女,55.0,358343,60928,悦诗风吟,19708865.0,0.17002704113098344,50-100元,1,洁面,122.54242424242425,中端品牌
2025-11-14,A16456132588,innisfree/悦诗风吟济州岛火山岩泥毛孔清洁紧实面膜 100ml,99.0,91846,5605,悦诗风吟,9092754.0,0.06102606537029375,50-100元,1,面膜,122.54242424242425,中端品牌
2025-11-14,A16589623237,innisfree/悦诗风吟森林男士控油平衡凝露 120ML 清爽 舒缓ㄠ,180.0,3458,461,悦诗风吟,622440.0,0.13331405436668595,100-200元,0,其他,122.54242424242425,中端品牌
2025-11-14,A16589647320,innisfree/悦诗风吟森林男士清新爽肤水喷雾型 180ML控油补水舒缓,160.0,5015,763,悦诗风吟,802400.0,0.15214356929212364,100-200元,0,爽肤水,122.54242424242425,中端品牌
2025-11-14,A16589731263,innisfree/悦诗风吟森林男士剃须洁面泡沫150ML 光洁剃须温和洁面,90.0,2579,330,悦诗风吟,232110.0,0.12795657231485072,50-100元,0,洁面,122.54242424242425,中端品牌
2025-11-14,A16768792691,innisfree/悦诗风吟济州岛火山岩泥毛孔清洁鼻贴(6片) 鼻膜去黑头,20.0,65122,7609,悦诗风吟,1302440.0,0.11684223457510519,0-50元,1,其他,122.54242424242425,中端品牌
2025-11-14,A16960194274,innisfree/悦诗风吟生机卸甲水100ML 卸甲液 美甲指甲洗甲水环保,40.0,15176,1938,悦诗风吟,607040.0,0.12770163415919875,0-50元,1,其他,122.54242424242425,中端品牌
2025-11-14,A17603606502,innisfree/悦诗风吟黑豆精萃密翘防水睫毛膏 浓密纤长易卸妆 持久,110.0,381,43,悦诗风吟,41910.0,0.11286089238845144,100-200元,0,睫毛膏,122.54242424242425,中端品牌
2025-11-14,A17605022174,innisfree/悦诗风吟矿物质纯安玫瑰花纹胭脂粉5g 腮红韩国,100.0,612,67,悦诗风吟,61200.0,0.10947712418300654,50-100元,0,其他,122.54242424242425,中端品牌
2025-11-14,A17605778976,innisfree/悦诗风吟矿物质纯安四色眼影 韩国裸妆持久大地色眼影,120.0,8867,1285,悦诗风吟,1064040.0,0.1449193639336867,100-200元,0,眼影,122.54242424242425,中端品牌
2025-11-14,A17606712126,innisfree/悦诗风吟绿茶精萃保湿护手霜 滋润韩国进口手部护理,50.0,12540,866,悦诗风吟,627000.0,0.06905901116427432,0-50元,1,其他,122.54242424242425,中端品牌
2025-11-14,A17617613016,innisfree/悦诗风吟黑豆精萃浓密睫毛膏 大刷头 纤长不晕染易卸妆,110.0,586,35,悦诗风吟,64460.0,0.059726962457337884,100-200元,0,睫毛膏,122.54242424242425,中端品牌
2025-11-14,A17617993426,innisfree/悦诗风吟矿物质纯安美颊蜜粉饼 腮红胭脂裸妆修颜贴合,75.0,5300,285,悦诗风吟,397500.0,0.05377358490566038,50-100元,0,蜜粉,122.54242424242425,中端品牌
2025-11-14,A17653683058,innisfree/悦诗风吟九重臻致修护调理水 200ml 紧致提拉 水润,260.0,1115,87,悦诗风吟,289900.0,0.07802690582959641,200-500元,0,其他,122.54242424242425,中端品牌
2025-11-14,A17654775930,innisfree/悦诗风吟九重臻致修护眼霜 30ml 淡细纹舒缓黑眼圈,330.0,1100,87,悦诗风吟,363000.0,0.07909090909090909,200-500元,0,眼霜,122.54242424242425,中端品牌
2025-11-14,A18541395764,innisfree/悦诗风吟济州岛青麦净化洁面泡沫 清洁肌肤 护肤无刺激,90.0,4070,324,悦诗风吟,366300.0,0.07960687960687961,50-100元,0,洁面,122.54242424242425,中端品牌
2025-11-14,A18605086890,innisfree/悦诗风吟乐活自然美妆工具-中号眼影刷 温柔呵护无刺激,35.0,5443,691,悦诗风吟,190505.0,0.12695204850266398,0-50元,0,眼影,122.54242424242425,中端品牌
2025-11-14,A18605158716,innisfree/悦诗风吟乐活自然美妆工具—控油吸油面纸50片清爽吸油,25.0,11176,1402,悦诗风吟,279400.0,0.12544738725841087,0-50元,1,其他,122.54242424242425,中端品牌
2025-11-14,A18619125686,innisfree/悦诗风吟乐活自然美妆工具-粉底刷 富有弹性 轻柔,70.0,2158,241,悦诗风吟,151060.0,0.11167747914735866,50-100元,0,粉底,122.54242424242425,中端品牌
2025-11-14,A18619961090,innisfree/悦诗风吟乐活自然美妆工具—便携式眼线膏刷子单只美容,30.0,5606,551,悦诗风吟,168180.0,0.09828754905458438,0-50元,0,其他,122.54242424242425,中端品牌
2025-11-14,A18709089166,innisfree/悦诗风吟乐活自然美妆工具——化妆棉棒(200支装),20.0,3588,470,悦诗风吟,71760.0,0.13099219620958752,0-50元,0,其他,122.54242424242425,中端品牌
2025-11-14,A18711165241,innisfree/悦诗风吟乐活自然美妆工具-迷你粉饼粉扑 轻盈自然妆容,12.0,11055,1514,悦诗风吟,132660.0,0.13695160560832204,0-50元,1,其他,122.54242424242425,中端品牌
2025-11-14,A18711265843,innisfree/悦诗风吟乐活自然美妆工具-空气魔法粉扑 BB霜棉花气垫,20.0,66596,6178,悦诗风吟,1331920.0,0.09276833443450057,0-50元,1,其他,122.54242424242425,中端品牌
2025-11-14,A18988436514,innisfree/悦诗风吟控油矿物质粉饼散粉 遮瑕定妆粉蜜粉 新款,80.0,40721,7428,悦诗风吟,3257680.0,0.18241202328037132,50-100元,1,蜜粉,122.54242424242425,中端品牌
2025-11-14,A18989136847,innisfree/悦诗风吟森林男士保湿润肤水喷雾型 180ML控油舒缓疲劳,160.0,1787,200,悦诗风吟,285920.0,0.1119194180190263,100-200元,0,喷雾,122.54242424242425,中端品牌
2025-11-14,A18989296448,innisfree/悦诗风吟森林男士保湿润肤水 180ML 水油平衡 舒缓补水,160.0,1623,149,悦诗风吟,259680.0,0.0918052988293284,100-200元,0,其他,122.54242424242425,中端品牌
2025-11-14,A19304378864,innisfree/悦诗风吟青柿毛孔紧致修护精华露50mL控油保湿紧致,160.0,2984,407,悦诗风吟,477440.0,0.1363941018766756,100-200元,0,精华,122.54242424242425,中端品牌
2025-11-14,A19318685399,innisfree/悦诗风吟青柿毛孔紧致多用霜(面霜 面膜)控油收缩毛孔,160.0,2829,290,悦诗风吟,452640.0,0.1025097207493814,100-200元,0,面膜,122.54242424242425,中端品牌
2025-11-14,A19421963483,innisfree/悦诗风吟生机果萃胭脂水 液体腮红两用唇彩唇蜜咬唇妆,60.0,11816,999,悦诗风吟,708960.0,0.08454637779282329,50-100元,1,其他,122.54242424242425,中端品牌
2025-11-14,A19757630031,innisfree/悦诗风吟矿物质纯安修饰遮瑕笔2g 遮盖痘印 韩国,80.0,10711,1331,悦诗风吟,856880.0,0.12426477453085613,50-100元,1,其他,122.54242424242425,中端品牌
2025-11-14,A19770569103,innisfree/悦诗风吟矿物质纯安绵润粉饼12g 3色 保湿遮瑕韩国,180.0,1266,151,悦诗风吟,227880.0,0.11927330173775672,100-200元,0,其他,122.54242424242425,中端品牌
2025-11-14,A20642156578,innisfree/悦诗风吟九重臻致修护精华素 50ml 韩国,430.0,519,37,悦诗风吟,223170.0,0.07129094412331406,200-500元,0,精华,122.54242424242425,中端品牌
2025-11-14,A20642488322,innisfree/悦诗风吟九重臻致修护乳液 保湿淡化皱纹提拉紧致,280.0,1148,88,悦诗风吟,321440.0,0.07665505226480836,200-500元,0,乳液,122.54242424242425,中端品牌
2025-11-14,A20880223298,innisfree/悦诗风吟乐活自然美妆工具-圆形粉饼粉扑（2枚装）轻柔,30.0,2726,387,悦诗风吟,81780.0,0.14196625091709464,0-50元,0,其他,122.54242424242425,中端品牌
2025-11-14,A20880247986,innisfree/悦诗风吟乐活自然美妆工具-化妆笔卷笔刀 削眉笔眼线笔,15.0,2887,422,悦诗风吟,43305.0,0.14617249740214755,0-50元,0,其他,122.54242424242425,中端品牌
2025-11-14,A20883983401,innisfree/悦诗风吟乐活自然美妆工具—弹柔面膜铲/调棒,10.0,11244,703,悦诗风吟,112440.0,0.06252223408039843,0-50元,1,面膜,122.54242424242425,中端品牌
2025-11-14,A21182679007,innisfree/悦诗风吟乐活自然魔芋沐浴海绵 纯植物性 去污,35.0,1716,264,悦诗风吟,60060.0,0.15384615384615385,0-50元,0,其他,122.54242424242425,中端品牌
2025-11-14,A21199824014,innisfree/悦诗风吟橄榄油自然沐浴露300ml 全身清洁补水保湿,100.0,964,79,悦诗风吟,96400.0,0.08195020746887967,50-100元,0,其他,122.54242424242425,中端品牌
2025-11-14,A21200008001,悦诗风吟绿茶精萃保湿身体磨砂 清洁去角质去死皮磨砂膏,80.0,3122,414,悦诗风吟,249760.0,0.13260730301089046,50-100元,0,其他,122.54242424242425,中端品牌
2025-11-14,A22059287570,innisfree/悦诗风吟矿物质纯安轻盈粉饼14g 3色 保湿遮瑕韩国,160.0,5849,777,悦诗风吟,935840.0,0.13284322106342963,100-200元,0,其他,122.54242424242425,中端品牌
2025-11-14,A22131056181,innisfree/悦诗风吟乐活自然化妆棉80片 柔软天然纯棉 官方直售,10.0,57536,6179,悦诗风吟,575360.0,0.1073936318131257,0-50元,1,其他,122.54242424242425,中端品牌
2025-11-14,A23380660921,innisfree/悦诗风吟矿物质纯安玫瑰花纹亮颜粉 2色高光修容粉彩妆,100.0,1745,280,悦诗风吟,174500.0,0.16045845272206305,50-100元,0,其他,122.54242424242425,中端品牌
2025-11-14,A23381060366,innisfree/悦诗风吟生机双色眉粉4g棕色带刷子 正品彩妆韩国材料,100.0,2289,138,悦诗风吟,228900.0,0.06028833551769332,50-100元,0,其他,122.54242424242425,中端品牌
2025-11-14,A23381128507,innisfree/悦诗风吟生机花妍炫彩唇蜜 润唇滋润持久不掉色咬唇,80.0,3786,210,悦诗风吟,302880.0,0.0554675118858954,50-100元,0,其他,122.54242424242425,中端品牌
2025-11-14,A25452176234,innisfree/悦诗风吟乐活自然美妆-可伸缩唇刷 口红刷 彩妆,30.0,16507,2876,悦诗风吟,495210.0,0.17422911492094262,0-50元,1,口红,122.54242424242425,中端品牌
2025-11-14,A25452220718,innisfree/悦诗风吟乐活自然美妆工具-小号眼影刷 温柔呵护无刺激,25.0,6687,749,悦诗风吟,167175.0,0.11200837445790339,0-50元,0,眼影,122.54242424242425,中端品牌
2025-11-14,A25452448103,innisfree/悦诗风吟乐活自然美妆工具—斜角眉粉刷 专业工具,25.0,5492,767,悦诗风吟,137300.0,0.13965768390386016,0-50元,0,其他,122.54242424242425,中端品牌
2025-11-14,A25452792458,innisfree/悦诗风吟屋状化妆海绵（6块装）均匀细致 使妆容贴合,30.0,6591,1090,悦诗风吟,197730.0,0.16537702928235473,0-50元,0,其他,122.54242424242425,中端品牌
2025-11-14,A25640152647,innisfree/悦诗风吟乐活自然美妆工具——修眉刀 专业美容,25.0,15785,2832,悦诗风吟,394625.0,0.17941083306936967,0-50元,1,其他,122.54242424242425,中端品牌
2025-11-14,A25640276445,innisfree/悦诗风吟乐活自然美妆工具—多用途四面磨甲块 指甲锉,20.0,1387,116,悦诗风吟,27740.0,0.083633741888969,0-50元,0,其他,122.54242424242425,中端品牌
2025-11-14,A26099216710,innisfree/悦诗风吟 乐活磨脚石 足部专用角质护理,25.0,2098,275,悦诗风吟,52450.0,0.13107721639656816,0-50元,0,其他,122.54242424242425,中端品牌
2025-11-14,A26099244317,innisfree/悦诗风吟乐活自然沐浴毛巾 纯棉 时尚环保舒服,25.0,403,34,悦诗风吟,10075.0,0.08436724565756824,0-50元,0,其他,122.54242424242425,中端品牌
2025-11-14,A26099704414,innisfree/悦诗风吟乐活自然魔芋洁肤海绵球  洗脸扑挤挤起泡球,35.0,2246,281,悦诗风吟,78610.0,0.12511130899376668,0-50元,0,其他,122.54242424242425,中端品牌
2025-11-14,A26614728306,innisfree/悦诗风吟青柿毛孔净澈爽肤水 化妆水补水保湿控油护肤,125.0,4737,660,悦诗风吟,592125.0,0.13932868904369855,100-200元,0,爽肤水,122.54242424242425,中端品牌
2025-11-14,A35017426486,innisfree/悦诗风吟 油菜花蜜护手霜50ml滋润补水保湿 韩国进口,50.0,1715,160,悦诗风吟,85750.0,0.09329446064139942,0-50元,0,其他,122.54242424242425,中端品牌
2025-11-14,A35576421560,innisfree/悦诗风吟发酵豆弹力紧致面霜  高保湿补水滋润提拉紧致,250.0,762,47,悦诗风吟,190500.0,0.06167979002624672,200-500元,0,面霜,122.54242424242425,中端品牌
2025-11-14,A35576486441,innisfree/悦诗风吟发酵豆弹力紧致精华乳(按压型) 提拉补水包邮,260.0,480,26,悦诗风吟,124800.0,0.05416666666666667,200-500元,0,精华,122.54242424242425,中端品牌
2025-11-14,A35577788500,innisfree/悦诗风吟发酵豆弹力紧致柔肤水  爽肤水保湿补水,210.0,948,60,悦诗风吟,199080.0,0.06329113924050633,200-500元,0,爽肤水,122.54242424242425,中端品牌
2025-11-14,A35577868857,innisfree/悦诗风吟发酵豆弹力紧致柔肤乳 提拉补水保湿紧致,210.0,892,68,悦诗风吟,187320.0,0.07623318385650224,200-500元,0,其他,122.54242424242425,中端品牌
2025-11-14,A35578420738,innisfree/悦诗风吟发酵豆弹力紧致眼霜 保湿补水淡化黑眼圈紧致,250.0,2161,210,悦诗风吟,540250.0,0.09717723276260991,200-500元,0,眼霜,122.54242424242425,中端品牌
2025-11-14,A36019742069,innisfree/悦诗风吟发酵豆弹力紧致颈霜  提拉颈部护理霜淡化颈纹,170.0,3806,585,悦诗风吟,647020.0,0.15370467682606412,100-200元,0,其他,122.54242424242425,中端品牌
2025-11-14,A36859422495,innisfree/悦诗风吟橄榄油肤质提升水乳套装 保湿补水滋润,240.0,1260,125,悦诗风吟,302400.0,0.0992063492063492,200-500元,0,其他,122.54242424242425,中端品牌
2025-11-14,A36929170791,innisfree/悦诗风吟青苹果透彻泡沫洁面膏 可卸妆 清洁保湿不紧绷,55.0,7906,2333,悦诗风吟,434830.0,0.29509233493549203,50-100元,0,洁面,122.54242424242425,中端品牌
2025-11-14,A36933631098,innisfree/悦诗风吟青苹果凝萃眼唇专用卸妆水 100ml唇部眼部卸妆,60.0,4694,805,悦诗风吟,281640.0,0.17149552620366426,50-100元,0,卸妆,122.54242424242425,中端品牌
2025-11-14,A36937297907,innisfree/悦诗风吟矿物质纯安水润粉底液 轻薄保湿 细腻易贴合,150.0,4326,683,悦诗风吟,648900.0,0.15788257050392973,100-200元,0,粉底,122.54242424242425,中端品牌
2025-11-14,A36949228894,innisfree/悦诗风吟矿物质纯安保湿隔离乳 三色 防晒妆前乳 遮瑕,130.0,45838,8982,悦诗风吟,5958940.0,0.19595095772066845,100-200元,1,防晒,122.54242424242425,中端品牌
2025-11-14,A36977766496,innisfree/悦诗风吟乐活自然美妆工具-双头眼影棒（4支装）,15.0,4417,629,悦诗风吟,66255.0,0.1424043468417478,0-50元,0,眼影,122.54242424242425,中端品牌
2025-11-14,A37334407481,innisfree/悦诗风吟丝绒雾面慕斯唇彩 保湿滋润 柔滑水润轻盈上色,99.0,8728,371,悦诗风吟,864072.0,0.042506874427131074,50-100元,0,其他,122.54242424242425,中端品牌
2025-11-14,A38475733137,innisfree悦诗风吟森林男士多效舒缓精华露 舒缓剃须刺激改善纹理,210.0,783,88,悦诗风吟,164430.0,0.1123882503192848,200-500元,0,精华,122.54242424242425,中端品牌
2025-11-14,A38526431406,innisfree/悦诗风吟双重滋养炫密睫毛膏 卷翘丰盈浓密 彩妆,120.0,680,70,悦诗风吟,81600.0,0.10294117647058823,100-200元,0,睫毛膏,122.54242424242425,中端品牌
2025-11-14,A38650610292,innisfree/悦诗风吟济州岛青麦净颜去角质凝露  温和无刺激,120.0,2957,674,悦诗风吟,354840.0,0.22793371660466688,100-200元,0,其他,122.54242424242425,中端品牌
2025-11-14,A39132857106,innisfree/悦诗风吟变色炫彩蜡笔润唇膏口红滋润保湿,95.0,4910,574,悦诗风吟,466450.0,0.11690427698574338,50-100元,0,口红,122.54242424242425,中端品牌
2025-11-14,A39260626185,innisfree/悦诗风吟森林男士多效修护精华露100ml 多效合一精华露,210.0,1091,116,悦诗风吟,229110.0,0.10632447296058661,200-500元,0,精华,122.54242424242425,中端品牌
2025-11-14,A39280369600,innisfree/悦诗风吟森林男士控油防晒霜70ml SPF50 韩国,130.0,2378,404,悦诗风吟,309140.0,0.16989066442388562,100-200元,0,防晒,122.54242424242425,中端品牌
2025-11-14,A39290624258,innisfree/悦诗风吟绿茶籽精萃水分眼部菁华霜  补水保湿淡化细纹,190.0,8924,1388,悦诗风吟,1695560.0,0.1555356342447333,100-200元,0,其他,122.54242424242425,中端品牌
2025-11-14,A39642980870,innisfree/悦诗风吟火山岩泥毛孔清洁多效面膜 控油保湿 清洁肌肤,109.0,37845,4126,悦诗风吟,4125105.0,0.10902364909499274,100-200元,1,面膜,122.54242424242425,中端品牌
2025-11-14,A40257033280,innisfree/悦诗风吟乐活自然美甲工具——指缘推 修甲,30.0,636,65,悦诗风吟,19080.0,0.10220125786163523,0-50元,0,其他,122.54242424242425,中端品牌
2025-11-14,A40257169967,innisfree/悦诗风吟乐活自然美甲工具——指缘钳,60.0,471,55,悦诗风吟,28260.0,0.11677282377919321,50-100元,0,其他,122.54242424242425,中端品牌
2025-11-14,A40272188575,innisfree悦诗风吟乐活自然美甲工具——点圆笔,30.0,210,13,悦诗风吟,6300.0,0.06190476190476191,0-50元,0,其他,122.54242424242425,中端品牌
2025-11-14,A40272532115,innisfree/悦诗风吟乐活自然美妆工具-眉部专用套装眉刀/卡/刷/剪,98.0,4184,394,悦诗风吟,410032.0,0.09416826003824091,50-100元,0,其他,122.54242424242425,中端品牌
2025-11-14,A40567702841,innisfree/悦诗风吟发酵豆焕活精华露[滋润型]亮泽 弹力肌底液,290.0,3309,206,悦诗风吟,959610.0,0.06225445754004231,200-500元,0,精华,122.54242424242425,中端品牌
2025-11-14,A41170771654,innisfree/悦诗风吟滋养护理眼膜 淡化细纹水肿 保湿紧致,15.0,32074,1094,悦诗风吟,481110.0,0.03410862380744528,0-50元,1,其他,122.54242424242425,中端品牌
2025-11-14,A41171027324,innisfree/悦诗风吟滋养护理唇膜 淡化唇纹唇部补水 官方直售,15.0,21853,848,悦诗风吟,327795.0,0.03880474076785796,0-50元,1,其他,122.54242424242425,中端品牌
2025-11-14,A41210181171,innisfree/悦诗风吟护手霜 济州岛香氛护手霜 冬季丝滑滋润保湿,30.0,65271,7345,悦诗风吟,1958130.0,0.11253083298861669,0-50元,1,其他,122.54242424242425,中端品牌
2025-11-14,A41210365339,innisfree/悦诗风吟森林男士水润滋养多效修护面霜100ml 保湿补水,190.0,10830,212,悦诗风吟,2057700.0,0.019575253924284396,100-200元,1,面霜,122.54242424242425,中端品牌
2025-11-14,A41223964197,innisfree/悦诗风吟滋养护理脚膜1对 柔软滋润保湿足膜 韩国,25.0,20923,1164,悦诗风吟,523075.0,0.05563255747263777,0-50元,1,其他,122.54242424242425,中端品牌
2025-11-14,A41224336459,innisfree/悦诗风吟 滋养护理手膜嫩白去角质除细纹1对 滋润保湿,25.0,20868,960,悦诗风吟,521700.0,0.04600345025876941,0-50元,1,其他,122.54242424242425,中端品牌
2025-11-14,A41804506913,innisfree/悦诗风吟绿茶精萃清颜洁肤湿巾30片 清爽水润 简便清洁,35.0,5323,875,悦诗风吟,186305.0,0.16438098816456886,0-50元,0,其他,122.54242424242425,中端品牌
2025-11-14,A42570587948,innisfree/悦诗风吟真萃鲜润面膜6片装 多款 补水保湿 滋润,40.0,159999,30286,悦诗风吟,6399960.0,0.1892886830542691,0-50元,1,面膜,122.54242424242425,中端品牌
2025-11-14,A42611571916,innisfree/悦诗风吟旗舰店 真萃鲜润面膜贴套装18片 补水保湿,120.0,104654,12895,悦诗风吟,12558480.0,0.12321554837846618,100-200元,1,面膜,122.54242424242425,中端品牌
2025-11-14,A42661533450,innisfree/悦诗风吟 真萃鲜润面膜贴18片套装 补水滋润免洗,120.0,11218,1237,悦诗风吟,1346160.0,0.11026921019789623,100-200元,1,面膜,122.54242424242425,中端品牌
2025-11-14,A43129887823,innisfree/悦诗风吟 致润精华气垫粉凝霜替换装,108.0,3460,58,悦诗风吟,373680.0,0.01676300578034682,100-200元,0,精华,122.54242424242425,中端品牌
2025-11-14,A43243222784,innisfree/悦诗风吟 济州油菜花蜜精华面膜 补水保湿,100.0,200,5,悦诗风吟,20000.0,0.025,50-100元,0,面膜,122.54242424242425,中端品牌
2025-11-14,A43244298033,innisfree/悦诗风吟山茶花菁华修护洗发露300ml 无硅洗发水,70.0,4065,241,悦诗风吟,284550.0,0.05928659286592866,50-100元,0,其他,122.54242424242425,中端品牌
2025-11-14,A43277633590,innisfree/悦诗风吟 济州油菜花蜜精华面霜50ml 保湿,190.0,236,6,悦诗风吟,44840.0,0.025423728813559324,100-200元,0,面霜,122.54242424242425,中端品牌
2025-11-14,A43278461887,innisfree/悦诗风吟山茶花菁华护发喷雾150ml 保湿修护柔亮秀发,80.0,827,85,悦诗风吟,66160.0,0.10278113663845223,50-100元,0,喷雾,122.54242424242425,中端品牌
2025-11-14,A43278549432,innisfree/悦诗风吟山茶花菁华修护润发乳200ml 无硅油,80.0,1152,86,悦诗风吟,92160.0,0.07465277777777778,50-100元,0,其他,122.54242424242425,中端品牌
2025-11-14,A43280677871,innisfree/悦诗风吟 济州岛寒兰至润面霜50ml 保湿补水面霜,230.0,3622,171,悦诗风吟,833060.0,0.04721148536720044,200-500元,0,面霜,122.54242424242425,中端品牌
2025-11-14,A43294008978,innisfree/悦诗风吟山茶花护发菁华油100ml 抚平毛躁修护滋润秀发,90.0,1351,204,悦诗风吟,121590.0,0.15099925980754997,50-100元,0,其他,122.54242424242425,中端品牌
2025-11-14,A43294056220,innisfree/悦诗风吟 济州油菜花蜜精华凝露50ml 保湿,170.0,139,3,悦诗风吟,23630.0,0.02158273381294964,100-200元,0,精华,122.54242424242425,中端品牌
2025-11-14,A43623467440,innisfree/悦诗风吟都市净化清颜微泡沫洁面摩丝  抗雾霾洗面奶,120.0,2381,367,悦诗风吟,285720.0,0.15413691726165477,100-200元,0,洁面,122.54242424242425,中端品牌
2025-11-14,A43645478420,innisfree/悦诗风吟火山岩泥毛孔清洁三步曲鼻贴 去黑头收缩毛孔,20.0,13352,1133,悦诗风吟,267040.0,0.08485620131815458,0-50元,1,其他,122.54242424242425,中端品牌
2025-11-14,A43651858572,innisfree/悦诗风吟自然关爱优颜防晒乳SPF30+清爽保湿男女防晒霜,100.0,14606,1930,悦诗风吟,1460600.0,0.13213747774887033,50-100元,1,防晒,122.54242424242425,中端品牌
2025-11-14,A43697008396,innisfree/悦诗风吟矿物质纯安美颊蜜粉饼5g 3款颜色上新腮红修颜,75.0,6036,1092,悦诗风吟,452700.0,0.18091451292246521,50-100元,0,蜜粉,122.54242424242425,中端品牌
2025-11-14,A43697276468,innisfree/悦诗风吟 都市净化清颜洁肤湿巾 30片,30.0,3007,366,悦诗风吟,90210.0,0.1217159960093116,0-50元,0,其他,122.54242424242425,中端品牌
2025-11-14,A43941272063,innisfree/悦诗风吟纤巧精密染眉膏 立体自然持久不脱妆 便捷,60.0,7709,977,悦诗风吟,462540.0,0.12673498508237124,50-100元,0,其他,122.54242424242425,中端品牌
2025-11-14,A44300359118,innisfree/悦诗风吟 自然关爱控油防晒乳45ml 控油防晒霜 韩国,120.0,3309,539,悦诗风吟,397080.0,0.16288909035962526,100-200元,0,防晒,122.54242424242425,中端品牌
2025-11-14,A44441325898,innisfree/悦诗风吟致润精华气垫粉凝霜 保湿遮瑕BB霜裸妆,188.0,16710,175,悦诗风吟,3141480.0,0.010472770795930581,100-200元,1,精华,122.54242424242425,中端品牌
2025-11-14,A44486142288,innisfree/悦诗风吟乐活自然美妆工具——迷你蜜粉粉扑,15.0,2266,227,悦诗风吟,33990.0,0.1001765225066196,0-50元,0,蜜粉,122.54242424242425,中端品牌
2025-11-14,A44651027671,innisfree/悦诗风吟生机展颜柔肤水120ml 补水淡化细纹 韩国进口,210.0,172,22,悦诗风吟,36120.0,0.12790697674418605,200-500元,0,其他,122.54242424242425,中端品牌
2025-11-14,A44652107423,innsfree/悦诗风吟生机展颜精华露50ml 补水淡化细纹韩国进口,260.0,122,18,悦诗风吟,31720.0,0.14754098360655737,200-500元,0,精华,122.54242424242425,中端品牌
2025-11-14,A44717481521,innsfree/悦诗风吟生机展颜眼霜30ml 高保湿紧致淡细纹 韩国,250.0,730,98,悦诗风吟,182500.0,0.13424657534246576,200-500元,0,眼霜,122.54242424242425,中端品牌
2025-11-14,A44718025408,innsfree/悦诗风吟生机展颜柔肤乳 保湿去细纹 韩国,210.0,137,9,悦诗风吟,28770.0,0.06569343065693431,200-500元,0,其他,122.54242424242425,中端品牌
2025-11-14,A45062011310,innsfree/悦诗风吟亲肤透润面膜1片 舒缓肌肤修复免洗面膜贴 韩国,30.0,7513,397,悦诗风吟,225390.0,0.05284174098229735,0-50元,0,面膜,122.54242424242425,中端品牌
2025-11-14,A45133909115,innisfree/悦诗风吟亲肤透润面膜贴一片 春夏补水保湿滋润女韩国,30.0,7785,370,悦诗风吟,233550.0,0.047527296082209375,0-50元,0,面膜,122.54242424242425,中端品牌
2025-11-14,A45151868821,innsfree/悦诗风吟亲肤透润面膜贴 保湿滋润补水韩国,30.0,7405,373,悦诗风吟,222150.0,0.05037137069547603,0-50元,0,面膜,122.54242424242425,中端品牌
2025-11-14,A45152404336,innisfree/悦诗风吟亲肤透润面膜 提拉紧致补水面膜免洗 韩国,30.0,5069,237,悦诗风吟,152070.0,0.04675478398106135,0-50元,0,面膜,122.54242424242425,中端品牌
2025-11-14,A45675216807,innisfree/悦诗风吟青苹果凝沙清柔卸妆膏/霜100ml 清洁肌肤,120.0,3344,348,悦诗风吟,401280.0,0.10406698564593302,100-200元,0,卸妆,122.54242424242425,中端品牌
2025-11-14,A45700377730,innisfree/悦诗风吟 自然关爱美白防晒霜SPF50 清爽防晒乳不油腻,140.0,1810,245,悦诗风吟,253400.0,0.13535911602209943,100-200元,0,防晒,122.54242424242425,中端品牌
2025-11-14,A45724828592,innisfree/悦诗风吟自然关爱控油防晒霜SPF30妆前乳 平衡控油防晒,100.0,1795,428,悦诗风吟,179500.0,0.2384401114206128,50-100元,0,防晒,122.54242424242425,中端品牌
2025-11-14,A520258655080,innisfree/悦诗风吟绿茶精萃清润柔肤水200ml 控油型爽肤水化妆水,115.0,7327,1740,悦诗风吟,842605.0,0.23747782175515217,100-200元,0,爽肤水,122.54242424242425,中端品牌
2025-11-14,A520258883607,innisfree/悦诗风吟绿茶精萃清润精华露50ml 保湿控油清爽型精华,140.0,2700,550,悦诗风吟,378000.0,0.2037037037037037,100-200元,0,精华,122.54242424242425,中端品牌
2025-11-14,A520171644486,innisfree/悦诗风吟 绿茶精萃清润面霜50ml 清爽控油补水ㄠ,135.0,5069,1063,悦诗风吟,684315.0,0.2097060564213849,100-200元,0,面霜,122.54242424242425,中端品牌
2025-11-14,A520231895967,innisfree/悦诗风吟济州岛火山岩泥毛孔调理乳液150ml 清爽,130.0,4463,703,悦诗风吟,580190.0,0.15751736500112032,100-200元,0,乳液,122.54242424242425,中端品牌
2025-11-14,A520232501158,innisfree/悦诗风吟济州岛火山岩泥毛孔清洁紧实慕斯面膜100ml,140.0,8828,1477,悦诗风吟,1235920.0,0.16730856366107838,100-200元,0,面膜,122.54242424242425,中端品牌
2025-11-14,A520232611045,innisfree/悦诗风吟济州岛火山岩泥毛孔调理精华乳50ml,160.0,2248,504,悦诗风吟,359680.0,0.22419928825622776,100-200元,0,精华,122.54242424242425,中端品牌
2025-11-14,A520233006427,innisfree/悦诗风吟绿茶精萃滋润柔肤水200ml 化妆水爽肤水保湿,115.0,5188,615,悦诗风吟,596620.0,0.11854279105628374,100-200元,0,爽肤水,122.54242424242425,中端品牌
2025-11-14,A520233434012,innisfree/悦诗风吟绿茶精萃滋润精华露50ml 冬季滋润保湿精华,140.0,1176,156,悦诗风吟,164640.0,0.1326530612244898,100-200元,0,精华,122.54242424242425,中端品牌
2025-11-14,A520235734978,innisfree/悦诗风吟济州岛火山岩泥毛孔清洁多效慕斯面膜100ml,150.0,8611,1937,悦诗风吟,1291650.0,0.22494483799790965,100-200元,0,面膜,122.54242424242425,中端品牌
2025-11-14,A520236206454,innisfree/悦诗风吟火山岩泥毛孔清洁三步曲鼻贴（5枚装）,80.0,4597,746,悦诗风吟,367760.0,0.16227974766151837,50-100元,0,其他,122.54242424242425,中端品牌
2025-11-14,A520265831673,innisfree/悦诗风吟空气感清透贴合修容乳SPF35/PA++ BB霜,140.0,1351,152,悦诗风吟,189140.0,0.11250925240562547,100-200元,0,其他,122.54242424242425,中端品牌
2025-11-14,A520367188172,innisfree/悦诗风吟绿茶籽精萃滋润菁华霜50ml 滋养保湿,210.0,391,31,悦诗风吟,82110.0,0.0792838874680307,200-500元,0,其他,122.54242424242425,中端品牌
2025-11-14,A520837248024,innisfree/悦诗风吟精密洁面仪 纤细刷毛 双重电动洁面刷,220.0,2586,229,悦诗风吟,568920.0,0.088553750966744,200-500元,0,洁面,122.54242424242425,中端品牌
2025-11-14,A520900897479,innisfree/悦诗风吟绿茶精萃清润卸妆油150ml 清爽保湿质地,140.0,1008,159,悦诗风吟,141120.0,0.15773809523809523,100-200元,0,卸妆,122.54242424242425,中端品牌
2025-11-14,A520909724613,innisfree/悦诗风吟绿茶精萃滋润卸妆油150ml 丰厚保湿质地卸妆油,140.0,705,90,悦诗风吟,98700.0,0.1276595744680851,100-200元,0,卸妆,122.54242424242425,中端品牌
2025-11-14,A520912663525,innisfree/悦诗风吟滋养护理颈膜10g*1片 提升颈部肌肤弹力,15.0,15972,855,悦诗风吟,239580.0,0.05353117956423742,0-50元,1,其他,122.54242424242425,中端品牌
2025-11-14,A520920678565,innisfree/悦诗风吟滋养护理法令纹膜5g*1片 帮助护理法令纹,15.0,7367,394,悦诗风吟,110505.0,0.05348174290756074,0-50元,0,其他,122.54242424242425,中端品牌
2025-11-14,A520921158390,innisfree/悦诗风吟都市净化清颜卸妆水300ml 清洁细小微尘卸妆,120.0,7737,2082,悦诗风吟,928440.0,0.2690965490500194,100-200元,0,卸妆,122.54242424242425,中端品牌
2025-11-14,A521494169112,innisfree/悦诗风吟雪耳炭黑面膜（滋养）22ml  滋养保湿修护,10.0,17203,1533,悦诗风吟,172030.0,0.08911236412253677,0-50元,1,面膜,122.54242424242425,中端品牌
2025-11-14,A521495709365,innisfree/悦诗风吟纤细流畅持久眼线液笔 2色可选 深邃黑 自然棕,90.0,12704,2424,悦诗风吟,1143360.0,0.19080604534005038,50-100元,1,其他,122.54242424242425,中端品牌
2025-11-14,A521498964491,innisfree/悦诗风吟深海水炭黑面膜（保湿）22ml  舒缓保湿,10.0,33611,3289,悦诗风吟,336110.0,0.09785486894171551,0-50元,1,面膜,122.54242424242425,中端品牌
2025-11-14,A521499654460,innisfree/悦诗风吟桂竹炭黑面膜（舒缓）22ml 保湿补水舒缓滋养,10.0,17007,1727,悦诗风吟,170070.0,0.10154642206150409,0-50元,1,面膜,122.54242424242425,中端品牌
2025-11-14,A521500178501,innisfree/悦诗风吟莲花炭黑面膜（光采）22ml 保湿透润,10.0,16357,1761,悦诗风吟,163570.0,0.10766032891116953,0-50元,1,面膜,122.54242424242425,中端品牌
2025-11-14,A521500472653,innisfree/悦诗风吟水感透润气垫粉凝霜15g 三色可选保湿滋润遮瑕,188.0,15212,1104,悦诗风吟,2859856.0,0.07257428346042598,100-200元,1,其他,122.54242424242425,中端品牌
2025-11-14,A521502020534,innisfree/悦诗风吟【替换装】水感透润气垫粉凝霜 15g 三色可选,108.0,5440,171,悦诗风吟,587520.0,0.031433823529411764,100-200元,0,其他,122.54242424242425,中端品牌
2025-11-14,A521502592300,innisfree/悦诗风吟发酵豆焕活精华露 [清润型]亮泽 保湿肌底液,290.0,2048,299,悦诗风吟,593920.0,0.14599609375,200-500元,0,精华,122.54242424242425,中端品牌
2025-11-14,A521503392238,innisfree/悦诗风吟淇淋蜜柔唇膏3.5g 10款 滋润保湿水润嘟嘟唇,120.0,8146,1475,悦诗风吟,977520.0,0.18107046403142646,100-200元,0,其他,122.54242424242425,中端品牌
2025-11-14,A521771447629,innisfree/悦诗风吟红石榴活妍焕采洁面乳洗面奶女 补水保湿清洁,85.0,13615,2454,悦诗风吟,1157275.0,0.18024237972824092,50-100元,1,洁面,122.54242424242425,中端品牌
2025-11-14,A521772479341,innisfree/悦诗风吟济州石榴活妍焕采乳液160ml 保湿补水,160.0,2345,220,悦诗风吟,375200.0,0.09381663113006397,100-200元,0,乳液,122.54242424242425,中端品牌
2025-11-14,A521773707465,innisfree/悦诗风吟济州石榴活妍焕采眼霜30ml 保湿补水紧致,240.0,1288,176,悦诗风吟,309120.0,0.13664596273291926,200-500元,0,眼霜,122.54242424242425,中端品牌
2025-11-14,A521781705385,innisfree/悦诗风吟绿茶籽精萃保湿精油30ml 补水精华,290.0,1130,145,悦诗风吟,327700.0,0.12831858407079647,200-500元,0,精华,122.54242424242425,中端品牌
2025-11-14,A521787010396,innisfree/悦诗风吟水润精华隔离修饰乳35ml  防晒妆前乳遮瑕,150.0,701,135,悦诗风吟,105150.0,0.19258202567760344,100-200元,0,精华,122.54242424242425,中端品牌
2025-11-14,A521787862185,innisfree/悦诗风吟济州石榴活妍焕采柔肤水200ml,160.0,3228,410,悦诗风吟,516480.0,0.12701363073110286,100-200元,0,其他,122.54242424242425,中端品牌
2025-11-14,A521788056768,innisfree/悦诗风吟济州石榴活妍焕采润养多用霜（面霜&面膜）,260.0,374,42,悦诗风吟,97240.0,0.11229946524064172,200-500元,0,面膜,122.54242424242425,中端品牌
2025-11-14,A521788098853,innisfree/悦诗风吟济州石榴活妍焕采精华露50ml,240.0,3047,339,悦诗风吟,731280.0,0.11125697407285855,200-500元,0,精华,122.54242424242425,中端品牌
2025-11-14,A521788336803,innisfree/悦诗风吟济州石榴活妍焕采眼部密集精华露30ml,210.0,782,106,悦诗风吟,164220.0,0.13554987212276215,200-500元,0,精华,122.54242424242425,中端品牌
2025-11-14,A521790968911,innisfree/悦诗风吟【新】迷你修护面膜保湿补水滋润睡眠免洗,15.0,79223,17740,悦诗风吟,1188345.0,0.2239248703028161,0-50元,1,面膜,122.54242424242425,中端品牌
2025-11-14,A522093688005,innisfree/悦诗风吟山茶花菁华凝润身体膏150ml 秋冬身体滋润护理,180.0,138,11,悦诗风吟,24840.0,0.07971014492753623,100-200元,0,其他,122.54242424242425,中端品牌
2025-11-14,A522148611799,innisfree/悦诗风吟乐活自然美妆工具-葫芦形粉扑（1枚）,30.0,3722,541,悦诗风吟,111660.0,0.14535196131112305,0-50元,0,其他,122.54242424242425,中端品牌
2025-11-14,A522160185862,innisfree/悦诗风吟山茶花菁华润体霜200ml  乳霜+菁油二合一,150.0,283,47,悦诗风吟,42450.0,0.16607773851590105,100-200元,0,其他,122.54242424242425,中端品牌
2025-11-14,A522165701526,innisfree/悦诗风吟乐活自然美妆工具-双面化妆棉（222枚）,25.0,19461,3964,悦诗风吟,486525.0,0.20368943014233595,0-50元,1,其他,122.54242424242425,中端品牌
2025-11-14,A522165890226,innisfree/悦诗风吟 乐活自然美妆工具-美发卷（3个）,20.0,1047,174,悦诗风吟,20940.0,0.166189111747851,0-50元,0,其他,122.54242424242425,中端品牌
2025-11-14,A523376711309,innisfree/悦诗风吟清盈持妆修容霜SPF30/PA++ 自然遮瑕两色可选,140.0,773,152,悦诗风吟,108220.0,0.19663648124191463,100-200元,0,其他,122.54242424242425,中端品牌
2025-11-14,A523377895914,innisfree/悦诗风吟生机展颜焦点抗皱精华素 25ml,270.0,143,21,悦诗风吟,38610.0,0.14685314685314685,200-500元,0,精华,122.54242424242425,中端品牌
2025-11-14,A523402585058,innisfree/悦诗风吟生机花鹅挪嗜蟠礁喑.5g 五色可选 染唇+润唇,80.0,13292,2956,悦诗风吟,1063360.0,0.22238940716220282,50-100元,1,其他,122.54242424242425,中端品牌
2025-11-14,A523402793358,innisfree/悦诗风吟精密洁面仪刷头（替换装）1个,40.0,378,65,悦诗风吟,15120.0,0.17195767195767195,0-50元,0,洁面,122.54242424242425,中端品牌
2025-11-14,A524388759760,innisfree/悦诗风吟乐活自然美妆工具-束发带 便捷 官方,45.0,947,201,悦诗风吟,42615.0,0.2122492080253432,0-50元,0,其他,122.54242424242425,中端品牌
2025-11-14,A524389295988,innisfree/悦诗风吟生机三角形自动扁头眉笔 一字眉防水防汗画眉,50.0,66762,15451,悦诗风吟,3338100.0,0.23143404930948744,0-50元,1,其他,122.54242424242425,中端品牌
2025-11-14,A524416825840,innisfree/悦诗风吟乐活自然美妆工具-压缩面膜纸20个 纯棉,25.0,4050,694,悦诗风吟,101250.0,0.17135802469135802,0-50元,0,面膜,122.54242424242425,中端品牌
2025-11-14,A524463796699,innisfree/悦诗风吟生机展颜焦点焕妍精华露25ml,270.0,19,2,悦诗风吟,5130.0,0.10526315789473684,200-500元,0,精华,122.54242424242425,中端品牌
2025-11-14,A525250100179,innisfree/悦诗风吟绿茶精萃水露套装 补水保湿滋润提亮肤色 正品,255.0,4127,1144,悦诗风吟,1052385.0,0.2771989338502544,200-500元,0,其他,122.54242424242425,中端品牌
2025-11-14,A525331162786,innisfree/悦诗风吟 济州岛寒兰密集面霜50ml  改善皱纹弹力提升,260.0,341,45,悦诗风吟,88660.0,0.13196480938416422,200-500元,0,面霜,122.54242424242425,中端品牌
2025-11-14,A525333193869,innisfree/悦诗风吟 济州岛寒兰ㄠ嫠50ml  补水保湿弹力提升,230.0,81,2,悦诗风吟,18630.0,0.024691358024691357,200-500元,0,其他,122.54242424242425,中端品牌
2025-11-14,A525347872312,innisfree/悦诗风吟 乐活自然美妆工具-专业蘑菇刷,95.0,340,63,悦诗风吟,32300.0,0.18529411764705883,50-100元,0,其他,122.54242424242425,中端品牌
2025-11-14,A525751799602,innisfree/悦诗风吟 清盈持妆气垫粉凝霜(替换装) BB霜隔离遮瑕,108.0,5290,258,悦诗风吟,571320.0,0.04877126654064272,100-200元,0,隔离霜,122.54242424242425,中端品牌
2025-11-14,A525896565833,innisfree/悦诗风吟 济州岛寒兰眼唇霜30ml改善皱纹提升弹力 新品,230.0,487,51,悦诗风吟,112010.0,0.10472279260780287,200-500元,0,其他,122.54242424242425,中端品牌
2025-11-14,A526397103691,innisfree/悦诗风吟 滋养护理眼膜30对 保湿紧致淡化细纹,220.0,476,79,悦诗风吟,104720.0,0.16596638655462184,200-500元,0,其他,122.54242424242425,中端品牌
2025-11-14,A526433462364,innisfree/悦诗风吟 亲肤臻研面膜6片装 多款 滋润保湿补水,75.0,4726,924,悦诗风吟,354450.0,0.1955141768937791,50-100元,0,面膜,122.54242424242425,中端品牌
2025-11-14,A527047215587,innisfree/悦诗风吟雪耳晶透新妍夜间修护面膜80ml 改善怠倦肌肤,280.0,468,130,悦诗风吟,131040.0,0.2777777777777778,200-500元,0,面膜,122.54242424242425,中端品牌
2025-11-14,A527048179474,innisfree/悦诗风吟漾彩凝光唇釉4.8ml 10色可选 持久保湿,80.0,2805,652,悦诗风吟,224400.0,0.2324420677361854,50-100元,0,其他,122.54242424242425,中端品牌
2025-11-14,A527087474732,innisfree/悦诗风吟雪耳晶透新妍密集修护面贴膜 8片装 修护皮肤,100.0,1404,336,悦诗风吟,140400.0,0.23931623931623933,50-100元,0,其他,122.54242424242425,中端品牌
2025-11-14,A527087818412,innisfree/悦诗风吟雪耳晶透新妍沁润面霜套装 淡印保湿修护肌肤,260.0,4776,883,悦诗风吟,1241760.0,0.18488274706867672,200-500元,0,面霜,122.54242424242425,中端品牌
2025-11-14,A527095940368,innisfree/悦诗风吟矿物质纯安莹润粉底液30ml 遮瑕保湿 三色可选,170.0,1090,235,悦诗风吟,185300.0,0.21559633027522937,100-200元,0,粉底,122.54242424242425,中端品牌
2025-11-14,A527097012142,innisfree/悦诗风吟雪耳晶透新妍沁润面霜 60ml 保湿 修护肌肤,260.0,1013,156,悦诗风吟,263380.0,0.1539980256663376,200-500元,0,面霜,122.54242424242425,中端品牌
2025-11-14,A527097673612,innisfree/悦诗风吟琉光悦色液态口红3g 10色可选 贴合持久水润,110.0,1779,487,悦诗风吟,195690.0,0.27374929735806636,100-200元,0,口红,122.54242424242425,中端品牌
2025-11-14,A527110296708,innisfree/悦诗风吟雪耳晶透新妍沁肤凝露 200ml 水+乳+精华3合1,180.0,4175,967,悦诗风吟,751500.0,0.23161676646706586,100-200元,0,精华,122.54242424242425,中端品牌
2025-11-14,A527504671970,innisfree/悦诗风吟集中护理面膜22ml/片 6款选择 针对不同肌肤,15.0,32664,2950,悦诗风吟,489960.0,0.09031349497918198,0-50元,1,面膜,122.54242424242425,中端品牌
2025-11-14,A528278631618,innisfree/悦诗风吟真萃鲜润面膜套装18片 补水保湿嫩肤收缩毛孔,120.0,9526,2507,悦诗风吟,1143120.0,0.26317446987192944,100-200元,0,面膜,122.54242424242425,中端品牌
2025-11-14,A528309516539,innisfree/悦诗风吟火山岩泥毛孔调理水乳套装 水250ml+乳液150ml,280.0,11397,4097,悦诗风吟,3191160.0,0.35948056506098097,200-500元,1,乳液,122.54242424242425,中端品牌
2025-11-14,A528330163893,innisfree/悦诗风吟济州岛保湿温泉水慕斯精华液70g 保湿滋养滋润,190.0,1731,343,悦诗风吟,328890.0,0.1981513575967649,100-200元,0,精华,122.54242424242425,中端品牌
2025-11-14,A528368462877,innisfree/悦诗风吟济州岛海盐致臻洁面膏（净澈均衡）130ml,80.0,1574,504,悦诗风吟,125920.0,0.3202033036848793,50-100元,0,洁面,122.54242424242425,中端品牌
2025-11-14,A528380834305,innisfree/悦诗风吟自然关爱优颜防晒乳100ml SPF30+ PA+++,140.0,1887,707,悦诗风吟,264180.0,0.37466878643349233,100-200元,0,防晒,122.54242424242425,中端品牌
2025-11-14,A528383725926,innisfree/悦诗风吟济州岛海盐泡沫洁面膏（温和清爽）130ml,80.0,3188,922,悦诗风吟,255040.0,0.28920953575909664,50-100元,0,洁面,122.54242424242425,中端品牌
2025-11-14,A528390897422,innisfree/悦诗风吟济州岛保湿温泉水面霜50ml 保湿锁水,190.0,1155,310,悦诗风吟,219450.0,0.2683982683982684,100-200元,0,面霜,122.54242424242425,中端品牌
2025-11-14,A528393685128,innisfree/悦诗风吟济州岛保湿温泉水洁面慕斯120ml 卸妆清洁,120.0,847,249,悦诗风吟,101640.0,0.2939787485242031,100-200元,0,洁面,122.54242424242425,中端品牌
2025-11-14,A528394913387,innisfree/悦诗风吟自然关爱优颜防晒霜（防水型） SPF30+ PA+++,110.0,3349,1292,悦诗风吟,368390.0,0.38578680203045684,100-200元,0,防晒,122.54242424242425,中端品牌
2025-11-14,A528410580593,innisfree/悦诗风吟济州岛保湿温泉水爽肤水200ml 化妆水 保湿,140.0,1489,405,悦诗风吟,208460.0,0.2719946272666219,100-200元,0,爽肤水,122.54242424242425,中端品牌
2025-11-14,A528410976832,innisfree/悦诗风吟济州岛保湿温泉水乳液160ml 保湿盈润透亮,140.0,805,208,悦诗风吟,112700.0,0.25838509316770186,100-200元,0,乳液,122.54242424242425,中端品牌
2025-11-14,A528413776238,innisfree/悦诗风吟济州岛保湿温泉水补水喷雾80ml 保湿补水,90.0,1220,350,悦诗风吟,109800.0,0.28688524590163933,50-100元,0,喷雾,122.54242424242425,中端品牌
2025-11-14,A528414404389,innisfree/悦诗风吟臻宝浓密丰盈睫毛膏10g 浓密饱满不晕染,95.0,423,147,悦诗风吟,40185.0,0.3475177304964539,50-100元,0,睫毛膏,122.54242424242425,中端品牌
2025-11-14,A528414680477,innisfree/悦诗风吟自然关爱优颜防晒乳液45ml SPF30+ PA+++,110.0,246,79,悦诗风吟,27060.0,0.32113821138211385,100-200元,0,防晒,122.54242424242425,中端品牌
2025-11-14,A528591193455,innisfree/悦诗风吟济州岛温泉水护肤套装补水保湿水乳韩国化妆品,280.0,4641,1531,悦诗风吟,1299480.0,0.32988580047403576,200-500元,0,其他,122.54242424242425,中端品牌
2025-11-14,A530106251366,innisfree/悦诗风吟济州岛火山岩泥毛孔清洁洁面慕斯150ml,80.0,5269,2073,悦诗风吟,421520.0,0.3934332890491554,50-100元,0,洁面,122.54242424242425,中端品牌
2025-11-14,A530471446080,innisfree/悦诗风吟悦享美肌香氛沐浴露300ml 10款可选,80.0,2630,710,悦诗风吟,210400.0,0.26996197718631176,50-100元,0,其他,122.54242424242425,中端品牌
2025-11-14,A530483034223,innisfree/悦诗风吟悦享美肌系列专用泵头（一个）,12.0,194,67,悦诗风吟,2328.0,0.34536082474226804,0-50元,0,其他,122.54242424242425,中端品牌
2025-11-14,A530499661604,innisfree/悦诗风吟悦享美肌香氛身体乳300ml 10款可选,90.0,5858,2076,悦诗风吟,527220.0,0.35438716285421645,50-100元,0,其他,122.54242424242425,中端品牌
2025-11-14,A530723190597,innisfree/悦诗风吟红石榴活妍焕采护肤水乳套装补水保湿提亮肤色,320.0,6718,1391,悦诗风吟,2149760.0,0.2070556713307532,200-500元,0,其他,122.54242424242425,中端品牌
2025-11-14,A532480091943,innisfree/悦诗风吟 济州岛芦荟焕活舒缓夜间面膜100ml 补水保湿,90.0,1476,553,悦诗风吟,132840.0,0.37466124661246614,50-100元,0,面膜,122.54242424242425,中端品牌
2025-11-14,A532539458002,innisfree/悦诗风吟 济州岛芦荟焕活舒缓喷雾120ml,80.0,1584,660,悦诗风吟,126720.0,0.4166666666666667,50-100元,0,喷雾,122.54242424242425,中端品牌
2025-11-14,A532720082038,innisfree/悦诗风吟绿茶籽精萃水分菁华霜 三款选择 补水保湿,260.0,1174,462,悦诗风吟,305240.0,0.393526405451448,200-500元,0,其他,122.54242424242425,中端品牌
2025-11-14,A532852186558,innisfree/悦诗风吟济州岛芦荟焕活舒缓凝胶300ml 补水保湿,50.0,28637,10919,悦诗风吟,1431850.0,0.38128993958864404,0-50元,1,其他,122.54242424242425,中端品牌
2025-11-14,A534195175857,innisfree/悦诗风吟 生机自动眼线笔0.5g 5款选择 防水不晕染,55.0,24464,6438,悦诗风吟,1345520.0,0.2631621975147155,50-100元,1,其他,122.54242424242425,中端品牌
2025-11-14,A534196279304,innisfree/悦诗风吟 清新护理润足霜70ml  清爽舒缓 补水保湿,60.0,190,68,悦诗风吟,11400.0,0.35789473684210527,50-100元,0,其他,122.54242424242425,中端品牌
2025-11-14,A534260978826,innisfree/悦诗风吟 清新护理足部磨砂清洁ㄠ100ml 舒缓去角质,60.0,263,102,悦诗风吟,15780.0,0.38783269961977185,50-100元,0,其他,122.54242424242425,中端品牌
2025-11-14,A534292441657,innisfree/悦诗风吟 绿茶薄荷清爽控油头皮护理润发乳200ml,55.0,753,346,悦诗风吟,41415.0,0.4594953519256308,50-100元,0,其他,122.54242424242425,中端品牌
2025-11-14,A534326440391,innisfree/悦诗风吟 绿茶薄荷清爽控油洗发露300ml 无硅油配方,55.0,2695,1070,悦诗风吟,148225.0,0.3970315398886827,50-100元,0,其他,122.54242424242425,中端品牌
2025-11-14,A534326840194,innisfree/悦诗风吟 绿茶薄荷清爽去屑洗发露300ml,55.0,674,254,悦诗风吟,37070.0,0.3768545994065282,50-100元,0,其他,122.54242424242425,中端品牌
2025-11-14,A535595761015,innisfree/悦诗风吟香榧舒缓密集精华素15ml 舒缓肌肤,125.0,479,159,悦诗风吟,59875.0,0.33194154488517746,100-200元,0,精华,122.54242424242425,中端品牌
2025-11-14,A535973073010,innisfree/悦诗风吟 印章式遮盖粉扑,40.0,307,39,悦诗风吟,12280.0,0.1270358306188925,0-50元,0,其他,122.54242424242425,中端品牌
2025-11-14,A536088143250,innisfree/悦诗风吟 细嫩臻白多效精华露50ml 改善肤色 亮泽肌肤,260.0,149,59,悦诗风吟,38740.0,0.3959731543624161,200-500元,0,精华,122.54242424242425,中端品牌
2025-11-14,A536088339114,innisfree/悦诗风吟 细嫩臻白眼霜30ml 水润质地 改善肌肤暗沉,230.0,74,13,悦诗风吟,17020.0,0.17567567567567569,200-500元,0,眼霜,122.54242424242425,中端品牌
2025-11-14,A536088627094,innisfree/悦诗风吟 绿茶精萃保湿清润卸妆液300ml 质地清爽,100.0,1492,384,悦诗风吟,149200.0,0.257372654155496,50-100元,0,卸妆,122.54242424242425,中端品牌
2025-11-14,A536089091309,innisfree/悦诗风吟 绿茶精萃保湿平衡卸妆液300ml 质地水润,100.0,3738,1009,悦诗风吟,373800.0,0.26993044408774747,50-100元,0,卸妆,122.54242424242425,中端品牌
2025-11-14,A536159946102,innisfree/悦诗风吟 细嫩臻透泡沫洗面奶150ml 清洁毛孔去角质,95.0,985,297,悦诗风吟,93575.0,0.3015228426395939,50-100元,0,其他,122.54242424242425,中端品牌
2025-11-14,A536196541514,innisfree/悦诗风吟 细嫩臻白调理水150ml 补水保湿 改善肤色,200.0,107,33,悦诗风吟,21400.0,0.308411214953271,100-200元,0,其他,122.54242424242425,中端品牌
2025-11-14,A536197993953,innisfree/悦诗风吟绿茶保湿卸妆液卸妆水 温和深层清洁眼唇可用,100.0,3860,956,悦诗风吟,386000.0,0.24766839378238342,50-100元,0,卸妆,122.54242424242425,中端品牌
2025-11-14,A536837899566,innisfree/悦诗风吟白牡丹焕妍晶采面霜50ml,190.0,1008,327,悦诗风吟,191520.0,0.3244047619047619,100-200元,0,面霜,122.54242424242425,中端品牌
2025-11-14,A536839351771,innisfree/悦诗风吟 滋养护理-发梢膜12ml,20.0,683,113,悦诗风吟,13660.0,0.16544655929721816,0-50元,0,其他,122.54242424242425,中端品牌
2025-11-14,A536839755447,innisfree/悦诗风吟 济州岛保湿温泉水夜间密集修护面膜80ml,120.0,509,173,悦诗风吟,61080.0,0.33988212180746563,100-200元,0,面膜,122.54242424242425,中端品牌
2025-11-14,A536840567961,innisfree/悦诗风吟 橄榄油肤质提升菁华乳50ml,160.0,30,10,悦诗风吟,4800.0,0.3333333333333333,100-200元,0,其他,122.54242424242425,中端品牌
2025-11-14,A536912878156,innisfree/悦诗风吟水韵凝采细管唇膏口红1.8g持久水润显色染唇膏,99.0,7739,1786,悦诗风吟,766161.0,0.2307791704354568,50-100元,0,口红,122.54242424242425,中端品牌
2025-11-14,A536987760329,innisfree/悦诗风吟 白牡丹焕妍晶采面膜（撕拉式）100ml,120.0,162,38,悦诗风吟,19440.0,0.2345679012345679,100-200元,0,面膜,122.54242424242425,中端品牌
2025-11-14,A536988620328,innisfree/悦诗风吟 角质护理足膜,28.0,649,107,悦诗风吟,18172.0,0.16486902927580893,0-50元,0,其他,122.54242424242425,中端品牌
2025-11-14,A537310761575,innisfree/悦诗风吟 小清新之旅绿茶精萃护肤4件套,135.0,5092,618,悦诗风吟,687420.0,0.12136684996072271,100-200元,0,其他,122.54242424242425,中端品牌
2025-11-14,A538818317696,innisfree/悦诗风吟 济州石榴活妍焕采精华露套装,240.0,372,145,悦诗风吟,89280.0,0.3897849462365591,200-500元,0,精华,122.54242424242425,中端品牌
2025-11-14,A538818533855,innisfree/悦诗风吟 济州石榴活妍焕采精萃蜜30ml,260.0,33,5,悦诗风吟,8580.0,0.15151515151515152,200-500元,0,其他,122.54242424242425,中端品牌
2025-11-14,A539378514948,innisfree/悦诗风吟 济州岛海盐洁面乳（温和滋润）130ml,80.0,301,60,悦诗风吟,24080.0,0.19933554817275748,50-100元,0,洁面,122.54242424242425,中端品牌
2025-11-14,A540787852765,innisfree/悦诗风吟  济州岛火山岩泥毛孔清洁净溶温热面膜100ml,109.0,19,0,悦诗风吟,2071.0,0.0,100-200元,0,面膜,122.54242424242425,中端品牌
2025-11-14,A540801159657,innisfree/悦诗风吟 三合一大师塑型眉笔 4款可选,85.0,261,2,悦诗风吟,22185.0,0.007662835249042145,50-100元,0,其他,122.54242424242425,中端品牌
2025-11-14,A540809015980,innisfree/悦诗风吟 油菜花蜜润唇膏 [娇柔山花嫩粉]3.5g,50.0,63,0,悦诗风吟,3150.0,0.0,0-50元,0,其他,122.54242424242425,中端品牌
2025-11-14,A540810183652,innisfree/悦诗风吟 油菜花蜜润唇膏 [明朗蒲公英淡橘]3.5g,50.0,37,0,悦诗风吟,1850.0,0.0,0-50元,0,其他,122.54242424242425,中端品牌
2025-11-13,A536197053554,innisfree/悦诗风吟 细嫩臻白面霜50ml 清爽保湿水润光泽改善肤色,230.0,157,62,悦诗风吟,36110.0,0.39490445859872614,200-500元,0,面霜,122.54242424242425,中端品牌
2025-11-11,A14532642971,innisfree/悦诗风吟控油矿物质基底霜 妆前乳遮瑕隔离打底定妆,80.0,25663,5782,悦诗风吟,2053040.0,0.22530491368896854,50-100元,1,隔离霜,122.54242424242425,中端品牌
2025-11-11,A15487125632,innisfree/悦诗风吟森林男士保湿抗皱乳液 120ML 舒缓疲劳滋润,180.0,2533,258,悦诗风吟,455940.0,0.10185550730359258,100-200元,0,乳液,122.54242424242425,中端品牌
2025-11-11,A18015451608,innisfree/悦诗风吟绿茶精萃保湿身体乳300ml 全身滋润润肤露,120.0,5078,571,悦诗风吟,609360.0,0.11244584482079559,100-200元,0,其他,122.54242424242425,中端品牌
2025-11-11,A23383672115,innisfree/悦诗风吟纤巧精细睫毛膏 纤细卷翘纤长浓密不晕染,80.0,81300,12533,悦诗风吟,6504000.0,0.15415744157441574,50-100元,1,睫毛膏,122.54242424242425,中端品牌
2025-11-11,A25452184658,innisfree/悦诗风吟乐活自然美妆工具—迷你化妆刷 时尚便携,25.0,5148,843,悦诗风吟,128700.0,0.16375291375291376,0-50元,0,其他,122.54242424242425,中端品牌
2025-11-11,A25636316767,innisfree/悦诗风吟乐活自然美妆工具——双面指甲锉 打磨条,10.0,2417,211,悦诗风吟,24170.0,0.08729830368225072,0-50元,0,其他,122.54242424242425,中端品牌
2025-11-11,A26099952811,innisfree/悦诗风吟济州岛火山岩泥魔芋洁肤海绵  清洁脸部,35.0,17383,1790,悦诗风吟,608405.0,0.10297417016625439,0-50元,1,其他,122.54242424242425,中端品牌
2025-11-11,A39134061319,innisfree/悦诗风吟矿物质纯安多效防护修颜乳 防水保湿妆容持久,180.0,451,33,悦诗风吟,81180.0,0.07317073170731707,100-200元,0,其他,122.54242424242425,中端品牌
2025-11-11,A39901987498,innisfree/悦诗风吟森林男士去角质洁面膏150ml*2   清爽清洁,128.0,1212,0,悦诗风吟,155136.0,0.0,100-200元,0,洁面,122.54242424242425,中端品牌
2025-11-11,A41907652531,innisfree/悦诗风吟莹润调色气垫隔离霜CC霜 保湿遮瑕隔离裸妆,79.0,120346,5988,悦诗风吟,9507334.0,0.04975653532315158,50-100元,1,隔离霜,122.54242424242425,中端品牌
2025-11-11,A41943635883,innisfree/悦诗风吟【替换装】莹润调色气垫隔离霜 三色 裸妆CC,39.0,24400,2524,悦诗风吟,951600.0,0.10344262295081967,0-50元,1,隔离霜,122.54242424242425,中端品牌
2025-11-11,A42612591184,innisfree/悦诗风吟真萃鲜润面膜贴套装 补水保湿免洗 正品,80.0,14315,0,悦诗风吟,1145200.0,0.0,50-100元,1,面膜,122.54242424242425,中端品牌
2025-11-11,A45324239680,innisfree/悦诗风吟 控油矿物质散粉套装5g*2盒 蜜粉饼粉底定妆,78.0,72321,0,悦诗风吟,5641038.0,0.0,50-100元,1,粉底,122.54242424242425,中端品牌
2025-11-11,A520416869635,innisfree/悦诗风吟绿茶矿物质喷雾150ml 保湿补水,100.0,3250,0,悦诗风吟,325000.0,0.0,50-100元,0,喷雾,122.54242424242425,中端品牌
2025-11-11,A521783637013,innisfree/悦诗风吟济州石榴活妍焕采面霜50ml 保湿补水,220.0,2050,248,悦诗风吟,451000.0,0.12097560975609756,200-500元,0,面霜,122.54242424242425,中端品牌
2025-11-11,A522165460897,innisfree/悦诗风吟山茶花菁华润体乳300ml 滋养凝润保湿,150.0,597,106,悦诗风吟,89550.0,0.17755443886097153,100-200元,0,其他,122.54242424242425,中端品牌
2025-11-11,A532596748061,innisfree/悦诗风吟多效精华遮瑕粉底棒10g 轻薄贴合 光滑遮瑕,120.0,1711,568,悦诗风吟,205320.0,0.33196960841613093,100-200元,0,精华,122.54242424242425,中端品牌
2025-11-11,A538152712158,innisfree/悦诗风吟  绿茶保湿洁面膏2只装 补水保湿,88.0,14215,0,悦诗风吟,1250920.0,0.0,50-100元,1,洁面,122.54242424242425,中端品牌
2025-11-11,A538191372755,innisfree/悦诗风吟 亲肤透润面膜套装 补水保湿,150.0,1559,0,悦诗风吟,233850.0,0.0,100-200元,0,面膜,122.54242424242425,中端品牌
2025-11-11,A538832999955,innisfree/悦诗风吟纤巧精细睫毛膏2只装 纤细卷翘纤长浓密不晕染,80.0,34146,0,悦诗风吟,2731680.0,0.0,50-100元,1,睫毛膏,122.54242424242425,中端品牌
2025-11-11,A538912282149,innisfree/悦诗风吟发酵豆焕活精华露150ml (滋润型),290.0,729,0,悦诗风吟,211410.0,0.0,200-500元,0,精华,122.54242424242425,中端品牌
2025-11-11,A538993276571,innisfree/悦诗风吟 绿茶精萃保湿护手霜50ml 2只装,88.0,748,0,悦诗风吟,65824.0,0.0,50-100元,0,其他,122.54242424242425,中端品牌
2025-11-11,A540638275835,innisfree/悦诗风吟 莹润调色气垫隔离霜限量版 水润保湿修饰隔离,158.0,1565,0,悦诗风吟,247270.0,0.0,100-200元,0,隔离霜,122.54242424242425,中端品牌
2025-11-11,A541075322260,innisfree/悦诗风吟 乐活自然化妆棉3盒,30.0,498,5,悦诗风吟,14940.0,0.010040160642570281,0-50元,0,其他,122.54242424242425,中端品牌
2025-11-10,A14116182249,innisfree/悦诗风吟橄榄油肤质提升亮肤面霜  持久补水保湿,150.0,3433,136,悦诗风吟,514950.0,0.03961549665016021,100-200元,0,面霜,122.54242424242425,中端品牌
2025-11-10,A14116437265,innisfree/悦诗风吟绿茶精萃平衡面霜50ml  滋润补水保湿霜,135.0,23423,2838,悦诗风吟,3162105.0,0.1211629594842676,100-200元,1,面霜,122.54242424242425,中端品牌
2025-11-10,A14762015367,innisfree/悦诗风吟美白提亮眼霜30ml 淡化细纹温和眼部护理,180.0,5997,694,悦诗风吟,1079460.0,0.11572452893113223,100-200元,0,眼霜,122.54242424242425,中端品牌
2025-11-10,A16151984466,innisfree/悦诗风吟橄榄油肤质提升柔肤水 持久保湿补水滋润,120.0,7519,495,悦诗风吟,902280.0,0.06583322250299242,100-200元,0,其他,122.54242424242425,中端品牌
2025-11-10,A17605290018,innisfree/悦诗风吟生机精致眼线膏 使用方便 柔和线条 不刺激,80.0,5222,642,悦诗风吟,417760.0,0.12294140176177709,50-100元,0,其他,122.54242424242425,中端品牌
2025-11-10,A18711025749,innisfree/悦诗风吟乐活自然美妆工具-睫毛夹 卷翘便捷,35.0,18717,3363,悦诗风吟,655095.0,0.17967623016509057,0-50元,1,睫毛膏,122.54242424242425,中端品牌
2025-11-10,A19423707606,innisfree/悦诗风吟纤巧长翘睫毛膏 大眼纤长卷翘防晕染 韩国,110.0,4108,782,悦诗风吟,451880.0,0.19036027263875366,100-200元,0,睫毛膏,122.54242424242425,中端品牌
2025-11-10,A21199740607,innisfree/悦诗风吟橄榄油自然身体滋润乳身体乳 滋润保湿补水,120.0,3634,175,悦诗风吟,436080.0,0.048156301596037426,100-200元,0,其他,122.54242424242425,中端品牌
2025-11-10,A36933611021,innisfree/悦诗风吟青苹果凝萃卸妆洁面油  温和清洁,120.0,1263,107,悦诗风吟,151560.0,0.08471892319873317,100-200元,0,洁面,122.54242424242425,中端品牌
2025-11-10,A36996928724,innisfree/悦诗风吟 绿茶自然修容霜防晒遮瑕保湿隔离BB霜,109.0,10683,1883,悦诗风吟,1164447.0,0.17626134980810634,100-200元,1,防晒,122.54242424242425,中端品牌
2025-11-10,A37353088276,innisfree/悦诗风吟纤巧丰盈双头睫毛膏 卷翘纤长自然浓密防水,150.0,2757,329,悦诗风吟,413550.0,0.11933260790714545,100-200元,0,睫毛膏,122.54242424242425,中端品牌
2025-11-10,A38281720728,innisfree/悦诗风吟乐活自然去黑头洁面刷 深度清洁去角质去黑头,75.0,637,47,悦诗风吟,47775.0,0.07378335949764521,50-100元,0,洁面,122.54242424242425,中端品牌
2025-11-10,A38461122170,innisfree/悦诗风吟绿茶籽精粹水分菁华霜50ml 补水高保湿面霜,210.0,424,130,悦诗风吟,89040.0,0.30660377358490565,200-500元,0,面霜,122.54242424242425,中端品牌
2025-11-10,A39276470391,【预售】innisfree/悦诗风吟 绿茶籽精萃水分菁露80ml 补水保湿,210.0,8281,0,悦诗风吟,1739010.0,0.0,200-500元,0,其他,122.54242424242425,中端品牌
2025-11-10,A40588433592,【预售】innisfree/悦诗风吟发酵豆焕活精华露150ml 补水保湿舒缓,290.0,1168,0,悦诗风吟,338720.0,0.0,200-500元,0,精华,122.54242424242425,中端品牌
2025-11-10,A41596173473,innisfree/悦诗风吟滋养护理手膜20g 手部保湿滋润手套 官方正品,25.0,2274,10,悦诗风吟,56850.0,0.0043975373790677225,0-50元,0,其他,122.54242424242425,中端品牌
2025-11-10,A45417023975,【预售】innisfree/悦诗风吟 绿茶精萃保湿洁面膏150ml*2支,88.0,49223,0,悦诗风吟,4331624.0,0.0,50-100元,1,洁面,122.54242424242425,中端品牌
2025-11-10,A520234204552,innisfree/悦诗风吟绿茶精萃滋润面霜50ml 中性干性肌肤适用,135.0,3047,488,悦诗风吟,411345.0,0.16015753199868724,100-200元,0,面霜,122.54242424242425,中端品牌
2025-11-10,A522047501334,【预售】innisfree/悦诗风吟 济州石榴活妍焕采精华露50ml 保湿,240.0,6936,0,悦诗风吟,1664640.0,0.0,200-500元,0,精华,122.54242424242425,中端品牌
2025-11-10,A522070364880,【预售】innisfree/悦诗风吟济州石榴活妍焕采护肤套装 补水保湿,320.0,4311,0,悦诗风吟,1379520.0,0.0,200-500元,0,其他,122.54242424242425,中端品牌
2025-11-10,A522641348002,【预售】 innisfree/悦诗风吟真萃鲜润面膜15片套装 保湿补水舒缓,80.0,327293,23,悦诗风吟,26183440.0,7.02734247295237e-05,50-100元,1,面膜,122.54242424242425,中端品牌
2025-11-10,A523226770331,【预售】innisfree/悦诗风吟绿茶精萃平衡保湿套装补水护肤化妆品,230.0,33473,968,悦诗风吟,7698790.0,0.028918830101873152,200-500元,1,其他,122.54242424242425,中端品牌
2025-11-10,A525751751084,innisfree/悦诗风吟 清盈持妆气垫粉凝霜 控油隔离遮瑕BB霜 新品,188.0,10952,3263,悦诗风吟,2058976.0,0.297936449963477,100-200元,1,隔离霜,122.54242424242425,中端品牌
2025-11-10,A525785614280,【预售】innisfree/悦诗风吟 绿茶精萃保湿护手霜50ml2只装,88.0,2224,0,悦诗风吟,195712.0,0.0,50-100元,0,其他,122.54242424242425,中端品牌
2025-11-10,A538912970930,innisfree/悦诗风吟 油菜花蜜润唇膏2只装,110.0,17,0,悦诗风吟,1870.0,0.0,100-200元,0,其他,122.54242424242425,中端品牌
2025-11-10,A538917813219,【预售】innisfree/悦诗风吟 莹润调色气垫隔离霜 [特别礼盒],158.0,10146,0,悦诗风吟,1603068.0,0.0,100-200元,1,隔离霜,122.54242424242425,中端品牌
2025-11-10,A538953208180,【预售】innisfree/悦诗风吟小清新之旅绿茶精萃护肤4件套 补水,135.0,2959,0,悦诗风吟,399465.0,0.0,100-200元,0,其他,122.54242424242425,中端品牌
2025-11-09,A535737845343,innisfree/悦诗风吟 九重臻致修护调理水乳套装 保湿提拉紧致,540.0,69,26,悦诗风吟,37260.0,0.37681159420289856,500-1000元,0,其他,122.54242424242425,中端品牌
2025-11-09,A535738101253,innisfree/悦诗风吟 发酵豆弹力紧致柔肤水乳套装 提拉紧致补水,420.0,89,30,悦诗风吟,37380.0,0.33707865168539325,200-500元,0,其他,122.54242424242425,中端品牌
2025-11-07,A37333802335,innisfree/悦诗风吟丝绒雾面唇膏 保湿滋润持久口红 靓丽,120.0,7967,678,悦诗风吟,956040.0,0.08510104179741433,100-200元,0,口红,122.54242424242425,中端品牌
2025-11-14,A12566450440,Olay玉兰油水感透白光塑弹力面膜10片 补水保湿美白淡斑面膜贴女,270.0,0,0,玉兰油,0.0,0.0,200-500元,0,面膜,314.60140845070424,高端品牌
2025-11-14,A12568149245,Olay玉兰油水漾动力深润保湿晶露润肤面霜补水霜女保湿滋润化妆品,130.0,0,0,玉兰油,0.0,0.0,100-200元,0,面霜,314.60140845070424,高端品牌
2025-11-14,A12577949273,Olay玉兰油新生塑颜2步化妆品套装女 补水紧致大红瓶护肤水霜套装,388.0,0,0,玉兰油,0.0,0.0,200-500元,0,其他,314.60140845070424,高端品牌
2025-11-14,A12582438336,Olay玉兰油水漾动力保湿洁面乳女补水保湿深层清洁毛孔女士洗面奶,85.0,0,0,玉兰油,0.0,0.0,50-100元,0,洁面,314.60140845070424,高端品牌
2025-11-14,A12584353551,Olay玉兰油爽肤水女 水漾动力盈润保湿露150ml 补水保湿深层滋润,120.0,0,0,玉兰油,0.0,0.0,100-200元,0,爽肤水,314.60140845070424,高端品牌
2025-11-14,A12587474359,Olay玉兰油爽肤水女 深度保湿补水营养水150ml 精华水/化妆水,75.0,0,0,玉兰油,0.0,0.0,50-100元,0,精华,314.60140845070424,高端品牌
2025-11-14,A12589838012,Olay玉兰油Pro-x博研诗肌源活颜高机能水150ml 爽肤水女深层补水,340.0,0,0,玉兰油,0.0,0.0,200-500元,0,爽肤水,314.60140845070424,高端品牌
2025-11-14,A12589846591,Olay玉兰油爽肤水女 新生塑颜金纯活能水 补水保湿滋润紧致化妆品,240.0,0,0,玉兰油,0.0,0.0,200-500元,0,爽肤水,314.60140845070424,高端品牌
2025-11-14,A12591129422,Olay玉兰油化妆品套装 多效修护面霜水乳护肤品套装女补水 正品,189.0,0,0,玉兰油,0.0,0.0,100-200元,0,面霜,314.60140845070424,高端品牌
2025-11-14,A12605758944,Olay玉兰油细滑活肤眼部滋养凝露 眼霜去淡化黑眼圈眼袋紧致细纹,75.0,0,0,玉兰油,0.0,0.0,50-100元,0,眼霜,314.60140845070424,高端品牌
2025-11-14,A12610910083,Olay玉兰油 细滑活肤营养/爽肤水150ml 护肤 补水 保湿,75.0,0,0,玉兰油,0.0,0.0,50-100元,0,爽肤水,314.60140845070424,高端品牌
2025-11-14,A12612786789,Olay玉兰油乳液女新生塑颜金纯活肤乳保湿补水滋润去淡化细纹皱纹,260.0,0,0,玉兰油,0.0,0.0,200-500元,0,乳液,314.60140845070424,高端品牌
2025-11-14,A12620798148,Olay玉兰油新生塑颜弹力眼霜 去细纹淡化黑眼圈眼袋紧致提拉补水,238.0,0,0,玉兰油,0.0,0.0,200-500元,0,眼霜,314.60140845070424,高端品牌
2025-11-14,A12622725970,Olay玉兰油爽肤水女 水漾动力轻透保湿露150ml 补水保湿滋润控油,120.0,0,0,玉兰油,0.0,0.0,100-200元,0,爽肤水,314.60140845070424,高端品牌
2025-11-14,A12643737601,Olay玉兰油新生塑颜3步护肤品套装女洗面奶水乳补水保湿套装正品,543.0,0,0,玉兰油,0.0,0.0,500-1000元,0,其他,314.60140845070424,高端品牌
2025-11-14,A12689251152,Olay玉兰油防晒霜女水感隔离防晒液面部全身学生户外清爽防紫外线,130.0,0,0,玉兰油,0.0,0.0,100-200元,0,防晒,314.60140845070424,高端品牌
2025-11-14,A12707202252,Olay玉兰油多效修护霜50g女士面霜补水霜保湿霜紧致滋润懒人霜,130.0,0,0,玉兰油,0.0,0.0,100-200元,0,面霜,314.60140845070424,高端品牌
2025-11-14,A12720715151,Olay玉兰油多效修护眼霜女去淡化眼袋黑眼圈细纹紧致提拉补水保湿,120.0,0,0,玉兰油,0.0,0.0,100-200元,0,眼霜,314.60140845070424,高端品牌
2025-11-14,A12733451171,Olay玉兰油Pro-x博研诗肌源活颜紧致霜面霜 补水保湿滋润紧致肌肤,360.0,0,0,玉兰油,0.0,0.0,200-500元,0,面霜,314.60140845070424,高端品牌
2025-11-14,A12739087396,Olay玉兰油泡沫洗面奶女 水感透皙亮肤洁面乳 补水保湿深层清洁女,115.0,0,0,玉兰油,0.0,0.0,100-200元,0,洁面,314.60140845070424,高端品牌
2025-11-14,A12748851230,Olay玉兰油水感透白亮肤面霜女精华霜保湿补水祛斑美白霜淡斑霜,160.0,0,0,玉兰油,0.0,0.0,100-200元,0,面霜,314.60140845070424,高端品牌
2025-11-14,A12753619428,Olay玉兰油氨基酸洗面奶女新生焕活深彻洁面乳女泡沫深层清洁毛孔,130.0,0,0,玉兰油,0.0,0.0,100-200元,0,洁面,314.60140845070424,高端品牌
2025-11-14,A12763727293,Olay玉兰油新生塑颜修纹弹力面膜补水保湿紧致去淡化细纹面膜贴女,209.0,0,0,玉兰油,0.0,0.0,200-500元,0,面膜,314.60140845070424,高端品牌
2025-11-14,A12763959481,Olay玉兰油水漾动力密集水润补水面膜补水保湿控油收缩毛孔面膜女,140.0,0,0,玉兰油,0.0,0.0,100-200元,0,面膜,314.60140845070424,高端品牌
2025-11-14,A12764851366,Olay玉兰油面霜多效修护润舒霜补水保湿滋润去淡化细纹温和不刺激,130.0,0,0,玉兰油,0.0,0.0,100-200元,0,面霜,314.60140845070424,高端品牌
2025-11-14,A12935575941,Olay玉兰油透白无痕美肌粉底液SPF20 防晒保湿遮瑕底妆液专柜正品,140.0,0,0,玉兰油,0.0,0.0,100-200元,0,防晒,314.60140845070424,高端品牌
2025-11-14,A12955684467,Olay玉兰油爽肤水女 水感透白莹肌亮肤液150ml 补水保湿提亮肤色,135.0,0,0,玉兰油,0.0,0.0,100-200元,0,爽肤水,314.60140845070424,高端品牌
2025-11-14,A12976800504,Olay玉兰油新生塑颜金纯面霜补水保湿滋润女紧致去淡化细纹大红瓶,199.0,0,0,玉兰油,0.0,0.0,100-200元,0,面霜,314.60140845070424,高端品牌
2025-11-14,A13006336259,Olay玉兰油Pro-x肌源活颜眼霜 去淡化黑眼圈细纹提拉紧致补水女士,390.0,0,0,玉兰油,0.0,0.0,200-500元,0,眼霜,314.60140845070424,高端品牌
2025-11-14,A13015060522,Olay玉兰油水漾动力女士化妆品套装正品 补水保湿滋润护肤套装,268.0,0,0,玉兰油,0.0,0.0,200-500元,0,其他,314.60140845070424,高端品牌
2025-11-14,A13020945143,Olay玉兰油多效修护4件护肤品套装女补水保湿滋润紧致化妆品套装,368.0,0,0,玉兰油,0.0,0.0,200-500元,0,其他,314.60140845070424,高端品牌
2025-11-14,A13026172777,Olay Pro-x肌源活颜提亮肤色精华乳 补水提拉紧致烟酰胺面部精华,390.0,0,0,玉兰油,0.0,0.0,200-500元,0,精华,314.60140845070424,高端品牌
2025-11-14,A13034010310,Olay玉兰油新生塑颜纤眸走珠眼精华笔去淡化细纹黑眼圈眼袋精华液,190.0,0,0,玉兰油,0.0,0.0,100-200元,0,精华,314.60140845070424,高端品牌
2025-11-14,A13035956709,Olay玉兰油乳液女水感透白亮肤乳保湿补水滋润美白祛斑乳霜护肤品,160.0,0,0,玉兰油,0.0,0.0,100-200元,0,乳液,314.60140845070424,高端品牌
2025-11-14,A13055424349,Olay玉兰油新生焕活舒纹眼霜女去眼袋淡化黑眼圈细纹干纹紧致补水,220.0,0,0,玉兰油,0.0,0.0,200-500元,0,眼霜,314.60140845070424,高端品牌
2025-11-14,A13072464812,Olay玉兰油面霜女水漾动力深润保湿霜 深层补水霜保湿滋润护肤品,130.0,0,0,玉兰油,0.0,0.0,100-200元,0,面霜,314.60140845070424,高端品牌
2025-11-14,A13073448887,Olay玉兰油清新净透爽肤水150ml化妆水女补水保湿 白里透红化妆品,39.0,0,0,玉兰油,0.0,0.0,0-50元,0,爽肤水,314.60140845070424,高端品牌
2025-11-14,A13106528311,Olay玉兰油新生塑颜化妆品套装女补水保湿紧致肌肤护肤品套装正品,798.0,0,0,玉兰油,0.0,0.0,500-1000元,0,其他,314.60140845070424,高端品牌
2025-11-14,A13269981691,Olay玉兰油天猫官方旗舰店补运费专用 详情联系客服,1.0,0,0,玉兰油,0.0,0.0,0-50元,0,其他,314.60140845070424,高端品牌
2025-11-14,A13291514661,Olay玉兰油Pro-x博研诗肌源活颜3步护肤品套装女 补水紧致化妆品,928.0,0,0,玉兰油,0.0,0.0,500-1000元,0,其他,314.60140845070424,高端品牌
2025-11-14,A13897092374,Olay玉兰油水漾动力2步化妆品套装女 补水保湿水乳套装正品护肤品,221.0,0,0,玉兰油,0.0,0.0,200-500元,0,其他,314.60140845070424,高端品牌
2025-11-14,A14913589336,Olay玉兰油水感透白光塑女士化妆品套装正品补水保湿滋润护肤套装,388.0,0,0,玉兰油,0.0,0.0,200-500元,0,其他,314.60140845070424,高端品牌
2025-11-14,A15686249077,Olay玉兰油Pro-x博研诗亮洁皙颜高机能水150ml 爽肤水女补水保湿,340.0,0,0,玉兰油,0.0,0.0,200-500元,0,爽肤水,314.60140845070424,高端品牌
2025-11-14,A16252375900,Olay玉兰油Pro-x亮洁皙颜眼部精华乳 去淡化黑眼圈补水保湿滋润女,390.0,0,0,玉兰油,0.0,0.0,200-500元,0,精华,314.60140845070424,高端品牌
2025-11-14,A17001635229,Olay玉兰油 Pro-x博研诗肌源活颜舒纹霜补水保湿抗皱去淡化细纹,360.0,0,0,玉兰油,0.0,0.0,200-500元,0,其他,314.60140845070424,高端品牌
2025-11-14,A17010797530,Olay玉兰油水漾动力水润面膜深层保湿补水收缩毛孔面膜贴女10片装,238.0,0,0,玉兰油,0.0,0.0,200-500元,0,面膜,314.60140845070424,高端品牌
2025-11-14,A17217914469,Olay玉兰油水漾动力弹嫩睡眠面膜130g 免洗面膜保湿补水控油滋润,150.0,0,0,玉兰油,0.0,0.0,100-200元,0,面膜,314.60140845070424,高端品牌
2025-11-14,A17272833020,Olay玉兰油Pro-x博研诗亮洁皙颜洁面乳 去角质深层清洁女士洗面奶,200.0,0,0,玉兰油,0.0,0.0,100-200元,0,洁面,314.60140845070424,高端品牌
2025-11-14,A17798564300,Olay玉兰油多效修护霜面霜女*2瓶 补水保湿滋润护肤品化妆品套装,178.0,0,0,玉兰油,0.0,0.0,100-200元,0,面霜,314.60140845070424,高端品牌
2025-11-14,A18468680411,Olay玉兰油Pro-x亮洁颜4件护肤套装女 补水保湿提亮肤色化妆品,1298.0,0,0,玉兰油,0.0,0.0,1000元以上,0,其他,314.60140845070424,高端品牌
2025-11-14,A19623128563,Olay玉兰油Pro-x博研诗亮洁皙颜修护霜48g面霜女补水保湿嫩白去黄,360.0,0,0,玉兰油,0.0,0.0,200-500元,0,面霜,314.60140845070424,高端品牌
2025-11-14,A19623256786,Olay玉兰油Pro-x博研诗亮洁皙颜水凝霜面霜 补水保湿滋润提亮肤色,360.0,0,0,玉兰油,0.0,0.0,200-500元,0,面霜,314.60140845070424,高端品牌
2025-11-14,A20006142157,Olay玉兰油多效修护双旋精华霜补水保湿提拉紧致收缩毛孔精华液,130.0,0,0,玉兰油,0.0,0.0,100-200元,0,精华,314.60140845070424,高端品牌
2025-11-14,A22307195039,Olay玉兰油新生塑颜金纯面霜/轻盈型补水保湿提拉紧致肌肤大红瓶,260.0,0,0,玉兰油,0.0,0.0,200-500元,0,面霜,314.60140845070424,高端品牌
2025-11-14,A23478980969,Olay玉兰油水漾动力莹眸走珠精华笔去淡化眼袋保湿补水眼部精华液,130.0,0,0,玉兰油,0.0,0.0,100-200元,0,精华,314.60140845070424,高端品牌
2025-11-14,A39222946679,Olay玉兰油BB霜正品多效修护气色霜妆前乳裸妆遮瑕强持久保湿滋润,130.0,0,0,玉兰油,0.0,0.0,100-200元,0,其他,314.60140845070424,高端品牌
2025-11-14,A40862789592,Olay新生塑颜奇迹赋能肌底液 提拉紧致去淡化细纹小红瓶面部精华,259.0,0,0,玉兰油,0.0,0.0,200-500元,0,精华,314.60140845070424,高端品牌
2025-11-14,A40939114384,Olay玉兰油Pro-x夜间净化面部精华原液补水保湿软化角质提拉紧致,390.0,0,0,玉兰油,0.0,0.0,200-500元,0,精华,314.60140845070424,高端品牌
2025-11-14,A41467660024,Olay玉兰油化妆品套装女水感透白光塑4件套补水保湿滋润护肤套装,668.0,0,0,玉兰油,0.0,0.0,500-1000元,0,其他,314.60140845070424,高端品牌
2025-11-14,A44801737669,Olay玉兰油多效修护3件化妆品套装 补水保湿滋润肌肤护肤套装女,199.0,0,0,玉兰油,0.0,0.0,100-200元,0,其他,314.60140845070424,高端品牌
2025-11-14,A520363192222,Olay玉兰油Pro-X沁润健颜双萃精华液肌底补水保湿面部精华液原液,350.0,0,0,玉兰油,0.0,0.0,200-500元,0,精华,314.60140845070424,高端品牌
2025-11-14,A520826947265,Olay玉兰油Pro-x博研诗沁润健颜面膜女上下分离式补水保湿面膜贴,300.0,0,0,玉兰油,0.0,0.0,200-500元,0,面膜,314.60140845070424,高端品牌
2025-11-14,A520827027262,Olay玉兰油Pro-X博研诗沁润健颜清爽保湿水 爽肤水女 补水润肤水,240.0,0,0,玉兰油,0.0,0.0,200-500元,0,爽肤水,314.60140845070424,高端品牌
2025-11-14,A520827027960,Olay玉兰油Pro-x博研诗沁润健颜3件化妆品套装女补水保湿滋润套装,858.0,0,0,玉兰油,0.0,0.0,500-1000元,0,其他,314.60140845070424,高端品牌
2025-11-14,A520832469227,Olay玉兰油Pro-X博研诗沁润健颜高倍保湿水150ml 爽肤水女化妆水,240.0,0,0,玉兰油,0.0,0.0,200-500元,0,爽肤水,314.60140845070424,高端品牌
2025-11-14,A520835042502,Olay玉兰油Pro-x博研诗沁润健颜润肤霜 女士面霜补水霜保湿滋润霜,290.0,0,0,玉兰油,0.0,0.0,200-500元,0,面霜,314.60140845070424,高端品牌
2025-11-14,A520836300508,Olay玉兰油Pro-x博研诗沁润健颜水凝霜 面霜补水霜保湿霜护肤霜女,290.0,0,0,玉兰油,0.0,0.0,200-500元,0,面霜,314.60140845070424,高端品牌
2025-11-14,A521043439305,Olay玉兰油多效修护精粹乳液女保湿补水清爽滋润紧致肌肤护肤乳液,122.0,0,0,玉兰油,0.0,0.0,100-200元,0,乳液,314.60140845070424,高端品牌
2025-11-14,A521230627105,Olay玉兰油Pro-x博研诗肌源活颜2件护肤品套装女补水去淡化细纹,595.0,0,0,玉兰油,0.0,0.0,500-1000元,0,其他,314.60140845070424,高端品牌
2025-11-14,A521244356237,Olay玉兰油Pro-x博研诗亮洁颜2件化妆品套装女 补水保湿护肤品,595.0,0,0,玉兰油,0.0,0.0,500-1000元,0,其他,314.60140845070424,高端品牌
2025-11-14,A524432597152,Olay玉兰油护肤品套装女水感透白亮肤水乳套装补水保湿化妆品正品,249.0,0,0,玉兰油,0.0,0.0,200-500元,0,其他,314.60140845070424,高端品牌
2025-11-14,A526489894668,Olay玉兰油水感透皙光塑面膜水 爽肤水女 补水保湿提亮肤色化妆水,220.0,0,0,玉兰油,0.0,0.0,200-500元,0,面膜,314.60140845070424,高端品牌
2025-11-14,A526498885740,Olay水感透白面部精华露淡斑美白精华液补水保湿小绿瓶升级小滴管,228.0,0,0,玉兰油,0.0,0.0,200-500元,0,精华,314.60140845070424,高端品牌
2025-11-14,A526514707555,Olay玉兰油水感透皙光塑水凝乳液女保湿乳液清爽补水滋润提亮肤色,240.0,0,0,玉兰油,0.0,0.0,200-500元,0,乳液,314.60140845070424,高端品牌
2025-11-14,A526514879168,Olay玉兰油水感透白光塑晶透眼霜女保湿补水淡斑去淡化眼袋黑眼圈,220.0,0,0,玉兰油,0.0,0.0,200-500元,0,眼霜,314.60140845070424,高端品牌
2025-11-14,A526559433630,Olay玉兰油水感透皙光塑精粹油滋润护肤复方精油葡萄籽油荷荷巴油,280.0,0,0,玉兰油,0.0,0.0,200-500元,0,其他,314.60140845070424,高端品牌
2025-11-14,A526573780311,Olay玉兰油水感透白奇迹赋能肌底液 面部精华液美白补水保湿淡斑,280.0,0,0,玉兰油,0.0,0.0,200-500元,0,精华,314.60140845070424,高端品牌
2025-11-14,A527003835947,Olay玉兰油睡眠面膜免洗水感透白光塑晚安凝膜补水保湿滋润嫩白女,220.0,0,0,玉兰油,0.0,0.0,200-500元,0,面膜,314.60140845070424,高端品牌
2025-11-14,A527052101951,Olay玉兰油水感透白光塑面膜补水美白淡斑保湿收缩毛孔面膜女,180.0,0,0,玉兰油,0.0,0.0,100-200元,0,面膜,314.60140845070424,高端品牌
2025-11-14,A527880322360,Olay玉兰油Pro-x亮洁颜护肤3步套装补水保湿化妆品套装女,928.0,0,0,玉兰油,0.0,0.0,500-1000元,0,其他,314.60140845070424,高端品牌
2025-11-14,A528624624937,Olay/玉兰油Pro-X亮洁皙颜试用套装,145.0,0,0,玉兰油,0.0,0.0,100-200元,0,其他,314.60140845070424,高端品牌
2025-11-14,A534581726367,Olay/玉兰油新生塑颜小样套组 爽肤水+肌底液+眼霜,128.4,0,0,玉兰油,0.0,0.0,100-200元,0,爽肤水,314.60140845070424,高端品牌
2025-11-14,A538766297543,Olay玉兰油Pro-X亮洁颜祛斑精华液 补水保湿小白瓶面部美容精华,338.0,0,0,玉兰油,0.0,0.0,200-500元,0,精华,314.60140845070424,高端品牌
2025-11-14,A541195803725,Olay/玉兰油Olay玉兰油新生塑颜修纹弹力面膜 补水保湿紧致面膜贴,374.0,0,0,玉兰油,0.0,0.0,200-500元,0,面膜,314.60140845070424,高端品牌
2025-11-13,A12616137501,Olay玉兰油白里透红美白霜祛斑霜正品补水保湿滋润祛斑美白护肤品,59.0,0,0,玉兰油,0.0,0.0,50-100元,0,其他,314.60140845070424,高端品牌
2025-11-13,A13038584584,Olay玉兰油细滑活肤焕颜活肤霜50g 女士面霜保湿提拉紧致霜去黄,85.0,0,0,玉兰油,0.0,0.0,50-100元,0,面霜,314.60140845070424,高端品牌
2025-11-13,A13073740227,Olay玉兰油多效修护洁面乳温和卸妆洗面奶女补水保湿深层清洁控油,49.0,0,0,玉兰油,0.0,0.0,0-50元,0,洁面,314.60140845070424,高端品牌
2025-11-13,A39450347194,Olay玉兰油净透卸妆油150ml女 脸部温和深层清洁毛孔卸妆乳卸妆水,160.0,0,0,玉兰油,0.0,0.0,100-200元,0,卸妆,314.60140845070424,高端品牌
2025-11-13,A40825375324,Olay玉兰油水漾动力奇迹赋能肌底液 保湿补水精华小蓝瓶美容液,190.0,0,0,玉兰油,0.0,0.0,100-200元,0,精华,314.60140845070424,高端品牌
2025-11-12,A13067588419,Olay玉兰油新生塑颜金纯修护精华乳去皱淡化细纹提拉紧致面部精华,280.0,0,0,玉兰油,0.0,0.0,200-500元,0,精华,314.60140845070424,高端品牌
2025-11-12,A35463586510,Olay玉兰油Pro-x亮洁颜4件护肤套装女 补水保湿提亮肤色化妆品,1298.0,0,0,玉兰油,0.0,0.0,1000元以上,0,其他,314.60140845070424,高端品牌
2025-11-12,A41340465431,Olay玉兰油水漾动力弹嫩睡眠面膜130g 补水保湿滋润免洗睡眠面膜,150.0,0,0,玉兰油,0.0,0.0,100-200元,0,面膜,314.60140845070424,高端品牌
2025-11-12,A43904991617,Olay玉兰油Pro-x亮洁颜3件女士化妆品套装补水保湿精华水乳套装,1090.0,0,0,玉兰油,0.0,0.0,1000元以上,0,精华,314.60140845070424,高端品牌
2025-11-12,A45546171028,Olay玉兰油多效修护眼霜15g 补水保湿淡化眼袋黑眼圈细纹提拉紧致,120.0,0,0,玉兰油,0.0,0.0,100-200元,0,眼霜,314.60140845070424,高端品牌
2025-11-12,A45747595355,Olay玉兰油 新生奇迹赋能肌底液40ml 保湿活肤滋润,280.0,0,0,玉兰油,0.0,0.0,200-500元,0,其他,314.60140845070424,高端品牌
2025-11-12,A520136239705,Olay玉兰油防晒霜女水感隔离防晒液面部全身学生户外清爽防紫外线,150.0,0,0,玉兰油,0.0,0.0,100-200元,0,防晒,314.60140845070424,高端品牌
2025-11-12,A521241925884,【11爆发】Olay玉兰油Pro-x博研诗肌源活颜3步护肤套装 补水紧致,928.0,0,0,玉兰油,0.0,0.0,500-1000元,0,其他,314.60140845070424,高端品牌
2025-11-12,A522944491624,Olay玉兰油多效修护洁面乳温和卸妆洗面奶女补水保湿深层清洁控油,49.0,0,0,玉兰油,0.0,0.0,0-50元,0,洁面,314.60140845070424,高端品牌
2025-11-12,A522967881140,Olay玉兰油水感透皙亮肤洁面乳女 补水保湿深层清洁洗面奶,115.0,0,0,玉兰油,0.0,0.0,100-200元,0,洁面,314.60140845070424,高端品牌
2025-11-12,A524421274975,Olay玉兰油水漾动力保湿洁面乳女补水保湿深层清洁毛孔女士洗面奶,85.0,0,0,玉兰油,0.0,0.0,50-100元,0,洁面,314.60140845070424,高端品牌
2025-11-12,A529043120669,Olay玉兰油水感透白光塑晶透眼霜女补水保湿淡斑去淡化眼袋黑眼圈,220.0,0,0,玉兰油,0.0,0.0,200-500元,0,眼霜,314.60140845070424,高端品牌
2025-11-12,A540059696598,Olay玉兰油化妆品套装女 水感透白光塑4步套套装补水保湿滋润护肤,668.0,0,0,玉兰油,0.0,0.0,500-1000元,0,其他,314.60140845070424,高端品牌
2025-11-11,A12643877691,Olay玉兰油白里透红女士化妆品套装补水保湿滋润水乳套装专柜正品,165.0,0,0,玉兰油,0.0,0.0,100-200元,0,其他,314.60140845070424,高端品牌
2025-11-11,A15789554656,Olay玉兰油Pro-x博研诗亮洁皙颜隔离防晒乳 防晒霜女防紫外线辐射,360.0,0,0,玉兰油,0.0,0.0,200-500元,0,防晒,314.60140845070424,高端品牌
2025-11-11,A40704153119,Olay玉兰油水感透皙光塑精粹油滋润护肤复方精油葡萄籽油荷荷巴油,219.0,0,0,玉兰油,0.0,0.0,200-500元,0,其他,314.60140845070424,高端品牌
2025-11-11,A41409675888,Olay玉兰油套装细滑活肤水润滋养护肤品套装女补水保湿滋润化妆品,145.0,0,0,玉兰油,0.0,0.0,100-200元,0,其他,314.60140845070424,高端品牌
2025-11-11,A526560629576,Olay玉兰油面霜水感透白光塑水凝霜 女仕补水保湿美白淡斑祛斑霜,200.0,0,0,玉兰油,0.0,0.0,100-200元,0,面霜,314.60140845070424,高端品牌
2025-11-11,A537889917370,[送4片]olay玉兰油水感透白面膜20片 美白淡斑补水保湿面膜贴女,299.0,0,0,玉兰油,0.0,0.0,200-500元,0,面膜,314.60140845070424,高端品牌
2025-11-10,A12588149499,Olay玉兰油面霜白里透红美白润肤霜补水霜保湿滋润美白霜祛斑产品,59.0,0,0,玉兰油,0.0,0.0,50-100元,0,面霜,314.60140845070424,高端品牌
2025-11-10,A12597290919,Olay玉兰油水润滋养深润营养滋润霜50g面霜女补水保湿懒人护肤霜,45.0,0,0,玉兰油,0.0,0.0,0-50元,0,面霜,314.60140845070424,高端品牌
2025-11-10,A12602146958,Olay玉兰油Pro-x肌源活颜柔珠洁面乳 抗皱去角质深层清洁洗面奶女,200.0,0,0,玉兰油,0.0,0.0,100-200元,0,洁面,314.60140845070424,高端品牌
2025-11-10,A12606121905,Olay玉兰油夏季防晒霜女水养防晒美白霜清爽保湿户外全身隔离防晒,59.0,0,0,玉兰油,0.0,0.0,50-100元,0,防晒,314.60140845070424,高端品牌
2025-11-10,A12720367703,Olay玉兰油多效修护防晒霜女海边户外全身面部补水保湿隔离防晒乳,130.0,0,0,玉兰油,0.0,0.0,100-200元,0,防晒,314.60140845070424,高端品牌
2025-11-10,A12730415861,Olay玉兰油Pro-x博研诗肌源活颜焕隔离防晒乳防晒霜女去淡化细纹,360.0,0,0,玉兰油,0.0,0.0,200-500元,0,防晒,314.60140845070424,高端品牌
2025-11-10,A12731987307,Olay玉兰油保湿乳液女水润滋养滋润露补水保湿精华乳正品化妆品,45.0,0,0,玉兰油,0.0,0.0,0-50元,0,精华,314.60140845070424,高端品牌
2025-11-10,A13039600655,Olay玉兰油面霜细滑活肤菁华霜保湿霜女补水滋润化妆品专柜正品,59.0,0,0,玉兰油,0.0,0.0,50-100元,0,面霜,314.60140845070424,高端品牌
2025-11-10,A13059444544,Olay玉兰油爽肤水女 多效修护醒肤水 抗氧化水 补水保湿 收缩毛孔,120.0,0,0,玉兰油,0.0,0.0,100-200元,0,爽肤水,314.60140845070424,高端品牌
2025-11-10,A13068732227,Olay玉兰油防晒霜女新生塑颜修护防晒乳霜淡化去细纹面部全身防晒,260.0,0,0,玉兰油,0.0,0.0,200-500元,0,防晒,314.60140845070424,高端品牌
2025-11-10,A13897228361,Olay玉兰油新生塑颜金纯面霜50g*2瓶 大红瓶补水保湿滋润提拉紧致,456.0,0,0,玉兰油,0.0,0.0,200-500元,0,面霜,314.60140845070424,高端品牌
2025-11-10,A16989611811,Olay Pro-x纯白方程式祛斑淡斑面部精华液 小滴管小白瓶补水美白,368.0,0,0,玉兰油,0.0,0.0,200-500元,0,精华,314.60140845070424,高端品牌
2025-11-10,A18399404025,Olay玉兰油白里透红美白霜*2瓶 美白祛斑补水保湿滋润化妆品正品,118.0,0,0,玉兰油,0.0,0.0,100-200元,0,其他,314.60140845070424,高端品牌
2025-11-10,A18450571404,Olay玉兰油防晒霜女三重隔离亮肤防晒乳液夏季户外身体防晒隔离霜,75.0,0,0,玉兰油,0.0,0.0,50-100元,0,防晒,314.60140845070424,高端品牌
2025-11-10,A23932480383,Olay玉兰油水润滋养滋润霜面霜 补水霜保湿霜滋润护肤品专柜正品,39.0,0,0,玉兰油,0.0,0.0,0-50元,0,面霜,314.60140845070424,高端品牌
2025-11-10,A39243790707,Olay玉兰油粉底海绵扑 化妆粉扑粉底扑 粉饼/粉底液面扑 专柜正品,9.0,0,0,玉兰油,0.0,0.0,0-50元,0,粉底,314.60140845070424,高端品牌
2025-11-10,A41020252132,【11预售】 Olay玉兰油新生塑颜金纯弹力眼霜15ml 补水淡化细纹,219.0,0,0,玉兰油,0.0,0.0,200-500元,0,眼霜,314.60140845070424,高端品牌
2025-11-10,A44528774859,【11预售】Olay/玉兰油新生塑颜金纯面霜50g 大红瓶补水紧致肌肤,199.0,0,0,玉兰油,0.0,0.0,100-200元,0,面霜,314.60140845070424,高端品牌
2025-11-10,A45625065290,Olay玉兰油多效修护防晒霜女海边户外全身面部补水保湿防晒霜,130.0,0,0,玉兰油,0.0,0.0,100-200元,0,防晒,314.60140845070424,高端品牌
2025-11-10,A520835082667,Olay玉兰油Pro-x博研诗沁润健颜2件护肤套装女补水保湿滋润化妆品,468.0,0,0,玉兰油,0.0,0.0,200-500元,0,其他,314.60140845070424,高端品牌
2025-11-10,A522566934156,【11预售】Olay玉兰油新生塑颜护肤套装活能水面霜补水保湿紧致,369.0,0,0,玉兰油,0.0,0.0,200-500元,0,面霜,314.60140845070424,高端品牌
2025-11-10,A522567385169,【11预售】Olay玉兰油护肤品套装女 新生塑颜5件套补水保湿紧致,838.0,0,0,玉兰油,0.0,0.0,500-1000元,0,其他,314.60140845070424,高端品牌
2025-11-10,A523186412345,【11预售】Olay玉兰油新生修纹紧致弹力面膜贴12片 保湿补水,374.0,0,0,玉兰油,0.0,0.0,200-500元,0,面膜,314.60140845070424,高端品牌
2025-11-10,A527110184944,【11预售】Olay玉兰油化妆品套装多效修护面霜水保湿补水护肤套装,179.0,0,0,玉兰油,0.0,0.0,100-200元,0,面霜,314.60140845070424,高端品牌
2025-11-10,A530385119981,【11预售】Olay玉兰油多效修护眼霜15g 去淡化黑眼圈眼袋细纹,108.0,0,0,玉兰油,0.0,0.0,100-200元,0,眼霜,314.60140845070424,高端品牌
2025-11-10,A530459661906,【11预售】玉兰油Pro-X博研诗肌源活颜护肤品套装女补水保湿,595.0,0,0,玉兰油,0.0,0.0,500-1000元,0,其他,314.60140845070424,高端品牌
2025-11-10,A530460753035,【11预售】Olay玉兰油Pro-x亮洁颜护肤品女补水保湿4件套装,1168.0,0,0,玉兰油,0.0,0.0,1000元以上,0,其他,314.60140845070424,高端品牌
2025-11-10,A530484068054,【11预售】Olay玉兰油化妆品套装女水感透白四件套组保湿补水,668.0,0,0,玉兰油,0.0,0.0,500-1000元,0,其他,314.60140845070424,高端品牌
2025-11-10,A531539427254,【11预售】Olay玉兰油Pro-X亮洁皙颜精华液40ml 小滴管小白瓶,349.0,0,0,玉兰油,0.0,0.0,200-500元,0,精华,314.60140845070424,高端品牌
2025-11-10,A538871101125,Olay/玉兰油 水感透白光塑精华桃花瓶限量版【试用】,280.0,0,0,玉兰油,0.0,0.0,200-500元,0,精华,314.60140845070424,高端品牌
2025-11-10,A539019157605,【预售】Olay玉兰油新生紧致肌肤7步护肤套装 补水保湿化妆品套装,1999.0,0,0,玉兰油,0.0,0.0,1000元以上,0,其他,314.60140845070424,高端品牌
2025-11-10,A539054956796,【预售】Olay玉兰油pro-x护肤7步套装 补水保湿抗暗沉提亮肤色,2788.0,0,0,玉兰油,0.0,0.0,1000元以上,0,其他,314.60140845070424,高端品牌
2025-11-10,A539379501045,【11预售】Olay水感透白面部精华露淡斑美白精华液 限量桃花瓶版,219.0,0,0,玉兰油,0.0,0.0,200-500元,0,精华,314.60140845070424,高端品牌
2025-11-10,A539379880103,【11预售】Olay玉兰油水感面膜补水美白淡斑保湿收缩毛孔面膜女,270.0,0,0,玉兰油,0.0,0.0,200-500元,0,面膜,314.60140845070424,高端品牌
2025-11-14,A520709155253,雅漾 无皂基平衡洁肤凝胶125ml  深层清洁洗面奶净柔泡沫保湿舒敏,165.0,6380,1530,雅漾,1052700.0,0.23981191222570533,100-200元,0,其他,211.79746835443038,高端品牌
2025-11-14,A520709683517,雅漾 日间隔离乳40ml 保湿补水隔离 护肤防护 防晒霜 妆前乳,258.0,4950,826,雅漾,1277100.0,0.16686868686868686,200-500元,0,防晒,211.79746835443038,高端品牌
2025-11-14,A520711852230,雅漾 舒护活泉水喷雾300ml 大喷 冬季补水保湿 舒缓修护敏感肌肤,186.0,186200,33478,雅漾,34633200.0,0.17979591836734693,100-200元,1,喷雾,211.79746835443038,高端品牌
2025-11-14,A520713898656,雅漾 身体润肤油200ml 全身滋养 补水保湿 深层舒缓 冬季滋润护理,245.0,1189,121,雅漾,291305.0,0.10176619007569386,200-500元,0,其他,211.79746835443038,高端品牌
2025-11-14,A520717706371,雅漾 自然倍护防晒露 SPF30+ PA+++100ml 夏季隔离 面部防晒乳,268.0,3837,767,雅漾,1028316.0,0.19989575188949701,200-500元,0,防晒,211.79746835443038,高端品牌
2025-11-14,A520720076936,雅漾 清爽倍护便携防晒乳30ml小金刚 夏季全身防晒霜舒缓肌肤,168.0,29825,6678,雅漾,5010600.0,0.22390611902766136,100-200元,1,防晒,211.79746835443038,高端品牌
2025-11-14,A520766083727,雅漾 无菌护肤套装 旅行装 舒缓特护三部曲 舒缓敏感肌肤温和补水,75.0,12966,1867,雅漾,972450.0,0.14399197902205768,50-100元,1,其他,211.79746835443038,高端品牌
2025-11-14,A520766167032,雅漾 净柔洁面摩丝150ml 温和泡沫洁面乳 深层清洁洗面奶柔和水润,218.0,6786,1480,雅漾,1479348.0,0.21809608016504567,200-500元,0,洁面,211.79746835443038,高端品牌
2025-11-14,A520781448326,雅漾 舒缓保湿面膜50ml 芙蓉蜜 补水滋润 深层滋养 冬季修护敏肌,238.0,5253,1172,雅漾,1250214.0,0.22311060346468684,200-500元,0,面膜,211.79746835443038,高端品牌
2025-11-14,A520782603911,雅漾 亮肤淡斑精华乳30ml 保湿补水 提亮肤色 滋润淡斑 淡印美白,245.0,2421,518,雅漾,593145.0,0.21396117306897977,200-500元,0,精华,211.79746835443038,高端品牌
2025-11-14,A520782628000,雅漾 清爽倍护防晒喷雾SPF30+200ml 夏季户外身体防晒清爽保湿,288.0,6025,1321,雅漾,1735200.0,0.21925311203319503,200-500元,0,防晒,211.79746835443038,高端品牌
2025-11-14,A520782755806,雅漾 清爽倍护无香料盈润防晒霜SPF30+50ml 高耐受防晒乳夏季户外,270.0,1198,188,雅漾,323460.0,0.15692821368948248,200-500元,0,防晒,211.79746835443038,高端品牌
2025-11-14,A520788870756,雅漾 清透美白精华乳50ml  补水保湿 提亮肤色 改善肤质 水润净白,360.0,1540,342,雅漾,554400.0,0.22207792207792207,200-500元,0,精华,211.79746835443038,高端品牌
2025-11-14,A520789046377,雅漾 清透美白乳50ml 补水滋养 深层保湿 提亮肤色 清爽轻盈,280.0,1393,227,雅漾,390040.0,0.16295764536970567,200-500元,0,其他,211.79746835443038,高端品牌
2025-11-14,A520789118199,雅漾 清透美白润肤水200ml 补水保湿柔肤水滋养美白爽肤水,250.0,1806,361,雅漾,451500.0,0.1998892580287929,200-500元,0,爽肤水,211.79746835443038,高端品牌
2025-11-14,A520809378375,雅漾 修红舒润面膜50ml 深层滋润 舒缓敏感肌 冬季保湿 修护泛红,248.0,6588,1324,雅漾,1633824.0,0.20097146326654525,200-500元,0,面膜,211.79746835443038,高端品牌
2025-11-14,A520817936301,雅漾 修护洁面乳200ml 男士女士洗面奶 深层清洁 舒缓敏感肌肤,220.0,4567,819,雅漾,1004740.0,0.17932997591416686,200-500元,0,洁面,211.79746835443038,高端品牌
2025-11-14,A520833076078,雅漾 净柔平衡保湿乳50ml 妆前乳 T区护理 控油保湿 补水锁水舒缓,248.0,9833,2417,雅漾,2438584.0,0.2458049425404251,200-500元,0,其他,211.79746835443038,高端品牌
2025-11-14,A520953103416,雅漾 恒润保湿水300ml 补水保湿 深层滋润 舒缓肌肤,252.0,17592,2151,雅漾,4433184.0,0.12227148703956343,200-500元,1,其他,211.79746835443038,高端品牌
2025-11-14,A520961233453,雅漾 修颜抚纹精华乳15ml 提拉紧致 淡化皱纹细纹 滋润滋养护理,328.0,323,41,雅漾,105944.0,0.12693498452012383,200-500元,0,精华,211.79746835443038,高端品牌
2025-11-14,A520964610030,雅漾 修红隔离保湿霜SPF10 40ml 护肤隔离面霜 舒缓皮肤 修复泛红,238.0,1116,145,雅漾,265608.0,0.12992831541218638,200-500元,0,面霜,211.79746835443038,高端品牌
2025-11-14,A520978282729,雅漾 清爽无皂基洁肤凝胶200ml 洁面清洁 调节油性肤质 温和控油,192.0,8817,2319,雅漾,1692864.0,0.26301463082681187,100-200元,0,洁面,211.79746835443038,高端品牌
2025-11-14,A521094868126,雅漾 修红隔离保湿乳40ml 修复泛红 修护防晒 补水滋润深层保湿,238.0,2984,486,雅漾,710192.0,0.1628686327077748,200-500元,0,防晒,211.79746835443038,高端品牌
2025-11-14,A521116993895,雅漾 舒缓特护洁面乳200ml 清爽免洗洗面奶 深层清洁 舒缓敏感肌,295.0,3837,697,雅漾,1131915.0,0.1816523325514725,200-500元,0,洁面,211.79746835443038,高端品牌
2025-11-14,A521121246618,雅漾 舒缓特护面霜50ml 补水保湿紧致滋润 深层滋养 冬季修护护理,272.0,13965,2089,雅漾,3798480.0,0.14958825635517364,200-500元,1,面霜,211.79746835443038,高端品牌
2025-11-14,A521123282523,雅漾 滋润洁肤皂100g 洗脸皂 洁面护肤香皂 温和清洁 滋润肌肤,98.0,2104,397,雅漾,206192.0,0.18868821292775664,50-100元,0,洁面,211.79746835443038,高端品牌
2025-11-14,A521199963934,雅漾 焕彩透亮光感蜜粉9g 散粉定妆控油 持久遮瑕 匀净肤色柔和,268.0,877,178,雅漾,235036.0,0.20296465222348917,200-500元,0,蜜粉,211.79746835443038,高端品牌
2025-11-14,A521209629287,雅漾 焕彩立体光感蜜粉9g 散粉定妆控油 持久遮瑕 彩妆,268.0,241,42,雅漾,64588.0,0.17427385892116182,200-500元,0,蜜粉,211.79746835443038,高端品牌
2025-11-14,A521213176097,雅漾 祛油清痘乳30ml 控油舒缓 修复角质层 改善青春痘 净化毛孔,208.0,2626,561,雅漾,546208.0,0.21363290175171362,200-500元,0,其他,211.79746835443038,高端品牌
2025-11-14,A521213600666,雅漾 焕彩提亮遮瑕刷1.7ml 匀净肤色 控油定妆 长效持久 防晒遮瑕,185.0,409,63,雅漾,75665.0,0.15403422982885084,100-200元,0,防晒,211.79746835443038,高端品牌
2025-11-14,A521214010223,雅漾 焕彩遮瑕粉底液30ml 裸妆彩妆 匀净肤色 遮瑕防晒 长效隔离,245.0,3157,607,雅漾,773465.0,0.1922711434906557,200-500元,0,防晒,211.79746835443038,高端品牌
2025-11-14,A521230292155,雅漾 修复霜40ml 舒缓肌肤 深层滋润滋养 补水保湿 干性皮肤适用,182.0,1338,153,雅漾,243516.0,0.11434977578475336,100-200元,0,其他,211.79746835443038,高端品牌
2025-11-14,A521465605447,雅漾 修护舒缓保湿霜50ml 保湿面霜 温和滋润 冬季舒缓敏感肌肤,272.0,27941,5837,雅漾,7599952.0,0.20890447729143552,200-500元,1,面霜,211.79746835443038,高端品牌
2025-11-14,A521520940352,雅漾 修颜抚纹眼霜15ml 提拉紧致 淡化皱纹细纹 滋润滋养护理,328.0,1425,211,雅漾,467400.0,0.1480701754385965,200-500元,0,眼霜,211.79746835443038,高端品牌
2025-11-14,A521523108457,雅漾 舒润净颜卸妆水200ml 温和卸妆 深层清洁 清爽舒缓免洗柔肤,172.0,6294,636,雅漾,1082568.0,0.10104861773117255,100-200元,0,卸妆,211.79746835443038,高端品牌
2025-11-14,A521523668157,雅漾 舒润柔肤水200ml  舒护滋润爽肤水 深层水润补水保湿,195.0,4211,795,雅漾,821145.0,0.1887912609831394,100-200元,0,爽肤水,211.79746835443038,高端品牌
2025-11-14,A521525260937,雅漾 舒缓保湿眼霜10ml淡化细纹黑眼圈眼袋补水保湿 舒缓眼周肌肤,215.0,3609,604,雅漾,775935.0,0.16735937932945413,200-500元,0,眼霜,211.79746835443038,高端品牌
2025-11-14,A521525298168,雅漾 恒润滋养保湿霜40ml 滋润修护面霜 补水滋养 深层保湿,228.0,2578,360,雅漾,587784.0,0.13964313421256788,200-500元,0,面霜,211.79746835443038,高端品牌
2025-11-14,A521525534430,雅漾 恒润清爽隔离保湿乳40ml 保湿乳液 持久控油 轻盈深层补水,228.0,2032,229,雅漾,463296.0,0.11269685039370078,200-500元,0,乳液,211.79746835443038,高端品牌
2025-11-14,A521525862466,雅漾 恒润滋养隔离保湿霜40ml 持久保湿水嫩补水面霜深层滋润,228.0,788,96,雅漾,179664.0,0.1218274111675127,200-500元,0,面霜,211.79746835443038,高端品牌
2025-11-14,A521526086944,雅漾 三重修护特润霜200ml 赠洁肤皂100g 深层滋养冬季滋润护理,230.0,11474,1336,雅漾,2639020.0,0.11643716227993725,200-500元,1,其他,211.79746835443038,高端品牌
2025-11-14,A521534709639,雅漾 冷霜润手霜50ml 护手霜 深层滋润 保湿长效舒缓肌肤手部护理,75.0,1994,244,雅漾,149550.0,0.12236710130391174,50-100元,0,其他,211.79746835443038,高端品牌
2025-11-14,A521535433408,雅漾 祛脂净肤爽肤水200ml 补水滋润 深层保湿 清爽控油 收敛毛孔,187.0,4534,949,雅漾,847858.0,0.2093074547860609,100-200元,0,爽肤水,211.79746835443038,高端品牌
2025-11-14,A522195252316,雅漾 舒润净颜卸妆水400ml 温和卸妆 深层清洁 免洗爽肤 保湿补水,270.0,512,56,雅漾,138240.0,0.109375,200-500元,0,卸妆,211.79746835443038,高端品牌
2025-11-14,A522936681509,雅漾 祛油细致毛孔调理露40ml 控油补水保湿改善毛孔轻盈清爽,188.0,3605,788,雅漾,677740.0,0.2185852981969487,100-200元,0,其他,211.79746835443038,高端品牌
2025-11-14,A524393498030,雅漾 修红洁面乳300ml 修复泛红滋润呵护洗面奶 清爽清洁舒缓温和,248.0,3461,556,雅漾,858328.0,0.16064721178850044,200-500元,0,洁面,211.79746835443038,高端品牌
2025-11-14,A524622452917,雅漾 舒护活泉水喷雾50ml3支装 补水保湿 舒缓敏感 爽肤水,98.0,94436,20031,雅漾,9254728.0,0.21211190647634376,50-100元,1,爽肤水,211.79746835443038,高端品牌
2025-11-14,A525659375247,雅漾 小喷50ml+卸妆水100ml 温和卸妆 深层清洁 补水保湿舒缓肌肤,98.0,4169,522,雅漾,408562.0,0.12520988246581913,50-100元,0,卸妆,211.79746835443038,高端品牌
2025-11-14,A527911663362,雅漾 修护洁面乳100ml 修护舒缓-免费试用顾客专享 单拍不发货,98.0,1479,666,雅漾,144942.0,0.45030425963488846,50-100元,0,洁面,211.79746835443038,高端品牌
2025-11-14,A528413374972,雅漾 【加购专享】小喷  喷雾50ml,33.0,20095,6078,雅漾,663135.0,0.3024632993281911,0-50元,1,喷雾,211.79746835443038,高端品牌
2025-11-14,A529753720694,雅漾 净柔洁面摩丝50ml 温和洁面乳--免费试用顾客专享 单拍不发,98.0,2403,1485,雅漾,235494.0,0.6179775280898876,50-100元,0,洁面,211.79746835443038,高端品牌
2025-11-14,A530928830697,雅漾 【加购专享】 舒润净颜卸妆水200ml,98.0,5778,1834,雅漾,566244.0,0.31741086881273795,50-100元,0,卸妆,211.79746835443038,高端品牌
2025-11-14,A531798731214,雅漾 恒润清爽保湿乳液40ml 面部乳液 清爽轻盈深度补水,228.0,2592,930,雅漾,590976.0,0.3587962962962963,200-500元,0,乳液,211.79746835443038,高端品牌
2025-11-14,A531908084173,雅漾 恒润保湿精华乳30ml 补水保湿乳液 深层滋润 冬季锁水滋养,248.0,7017,2211,雅漾,1740216.0,0.31509191962377087,200-500元,0,精华,211.79746835443038,高端品牌
2025-11-14,A532709966637,雅漾恒润保湿水100ml--免费试用顾客专用 单拍不发货,98.0,884,470,雅漾,86632.0,0.5316742081447964,50-100元,0,其他,211.79746835443038,高端品牌
2025-11-14,A534017334640,雅漾 净润清爽卸妆水400ml  温和卸妆 深层清洁 免洗控油舒缓肌肤,268.0,742,246,雅漾,198856.0,0.33153638814016173,200-500元,0,卸妆,211.79746835443038,高端品牌
2025-11-14,A534043105500,雅漾 净柔爽肤水300ml 补水保湿 平衡油脂 清爽 舒缓,258.0,2810,1053,雅漾,724980.0,0.3747330960854093,200-500元,0,爽肤水,211.79746835443038,高端品牌
2025-11-14,A536781379687,雅漾 修护舒缓面膜 19ml*3 肌底面膜贴 敏肌适用 补水保湿修护,138.0,17950,3418,雅漾,2477100.0,0.19041782729805015,100-200元,1,面膜,211.79746835443038,高端品牌
2025-11-14,A537787645380,雅漾 凝乳修护润唇蜜15ml 无色润唇膏 保湿补水滋润 淡化唇纹,98.0,768,154,雅漾,75264.0,0.20052083333333334,50-100元,0,其他,211.79746835443038,高端品牌
2025-11-14,A538803916575,雅漾 皮尔法伯健康美丽盒--加购专享,88.0,384,149,雅漾,33792.0,0.3880208333333333,50-100元,0,其他,211.79746835443038,高端品牌
2025-11-14,A539335376166,雅漾 舒护活泉水喷雾50ml 小喷  -----免费试用专享，单拍不发货,85.0,563,215,雅漾,47855.0,0.38188277087033745,50-100元,0,喷雾,211.79746835443038,高端品牌
2025-11-14,A539845271271,雅漾 三重修护特润霜100ml  深层滋养 长效保湿舒缓,118.0,105,37,雅漾,12390.0,0.3523809523809524,100-200元,0,其他,211.79746835443038,高端品牌
2025-11-14,A540361702126,雅漾 恒润滋养保湿霜15ml ----免费试用顾客专享 单拍不发货,60.0,347,106,雅漾,20820.0,0.30547550432276654,50-100元,0,其他,211.79746835443038,高端品牌
2025-11-11,A538707369547,【11-11专享】 雅漾 舒护活泉水喷雾150ml 保湿套装 秋冬舒缓补水,125.0,3800,1086,雅漾,475000.0,0.28578947368421054,100-200元,0,喷雾,211.79746835443038,高端品牌
2025-11-11,A540341578059,【11-11专享】雅漾 舒护活泉水喷雾300ml 赠芙蓉蜜50ml+保湿水,372.0,1026,0,雅漾,381672.0,0.0,200-500元,0,喷雾,211.79746835443038,高端品牌
2025-11-11,A540342402248,【11-11专享】雅漾 恒润保湿精华乳30ml 补水保湿 深层滋润舒缓,496.0,1280,0,雅漾,634880.0,0.0,200-500元,0,精华,211.79746835443038,高端品牌
2025-11-11,A541395776784,【11-11专享】雅漾 舒护活泉水喷雾300ml 赠修护洁面乳200ml 舒缓,186.0,1358,0,雅漾,252588.0,0.0,100-200元,0,洁面,211.79746835443038,高端品牌
2025-11-10,A527911319777,雅漾 舒润净颜卸妆水100ml --免费试用顾客专享 单拍不发货,98.0,1963,789,雅漾,192374.0,0.401935812531839,50-100元,0,卸妆,211.79746835443038,高端品牌
2025-11-10,A536513321695,雅漾修护舒缓面膜19ml  一片装 ----免费试用顾客专享单拍不发货,46.0,2326,1535,雅漾,106996.0,0.6599312123817713,0-50元,0,面膜,211.79746835443038,高端品牌
2025-11-10,A538982883960,【11-11预售 买一赠二】雅漾 三重修护特润霜200ml 深层滋养肌肤,230.0,3996,0,雅漾,919080.0,0.0,200-500元,0,其他,211.79746835443038,高端品牌
2025-11-10,A539060842883,【11-11预售 买一赠二】雅漾 舒护活泉水喷雾300ml 敏肌舒缓补水,186.0,69948,1,雅漾,13010328.0,1.4296334419854749e-05,100-200元,1,喷雾,211.79746835443038,高端品牌
2025-11-10,A539062394921,【11-11预售 买一赠一】雅漾 恒润保湿精华乳30ml 深层滋润保湿,248.0,5873,1,雅漾,1456504.0,0.00017027073046143367,200-500元,0,精华,211.79746835443038,高端品牌
2025-11-10,A539105981721,【11-11预售 买一赠二】雅漾 舒护活泉水喷雾300ml 赠修护洁面乳,186.0,23903,1,雅漾,4445958.0,4.1835752834372257e-05,100-200元,1,洁面,211.79746835443038,高端品牌
2025-11-10,A539106781047,【11-11预售 买二赠二】雅漾 恒润保湿精华乳+恒润保湿水 补水,500.0,9014,0,雅漾,4507000.0,0.0,200-500元,0,精华,211.79746835443038,高端品牌
2025-11-10,A539143212250,【11-11预售 买二赠三】雅漾 舒护活泉水喷雾+修护舒缓保湿霜50ml,458.0,6607,0,雅漾,3026006.0,0.0,200-500元,0,喷雾,211.79746835443038,高端品牌
2025-11-09,A540211296621,【限时预售 买一享一】雅漾 修护洁面乳200ml 深层清洁 修护补水,220.0,1904,0,雅漾,418880.0,0.0,200-500元,0,洁面,211.79746835443038,高端品牌
2025-11-09,A540212424185,【限时预售 买一享一】雅漾 舒缓保湿眼霜10ml 改善眼周 淡化细纹,215.0,1752,0,雅漾,376680.0,0.0,200-500元,0,眼霜,211.79746835443038,高端品牌
2025-11-07,A540386334136,雅漾 修护舒缓面膜 19ml*5 肌底面膜贴 敏肌适用 深度修护舒缓,228.0,45,6,雅漾,10260.0,0.13333333333333333,200-500元,0,面膜,211.79746835443038,高端品牌
2025-11-06,A540215778969,【限时预售 买一享一】雅漾 无皂基平衡洁肤凝胶125ml 深层清洁,165.0,1870,0,雅漾,308550.0,0.0,100-200元,0,其他,211.79746835443038,高端品牌
2025-11-14,A38540283565,雅诗兰黛卸妆乳液正品 净彩瞬洁眼唇卸妆液100ml 深层清洁卸妆,250.0,669,47,雅诗兰黛,167250.0,0.07025411061285501,200-500元,0,乳液,920.0243902439024,奢侈品牌
2025-11-14,A38543983086,雅诗兰黛泡沫洁面 净莹焕采洁面泡沫150ml 清洁卸妆 补水保湿,350.0,359,9,雅诗兰黛,125650.0,0.025069637883008356,200-500元,0,洁面,920.0243902439024,奢侈品牌
2025-11-14,A38550302306,雅诗兰黛 紧实抗皱竹粹水200ml 紧致补水精华水,520.0,4752,196,雅诗兰黛,2471040.0,0.041245791245791245,500-1000元,0,精华,920.0243902439024,奢侈品牌
2025-11-14,A38550374637,雅诗兰黛香水正品 摩登都市淡香氛30ml/50ml 女士 持久淡香,580.0,209,16,雅诗兰黛,121220.0,0.07655502392344497,500-1000元,0,其他,920.0243902439024,奢侈品牌
2025-11-14,A38550422477,雅诗兰黛爽肤水 细致毛孔竹粹水200ml 控油保湿 收缩毛孔,520.0,1691,132,雅诗兰黛,879320.0,0.07806031933767002,500-1000元,0,爽肤水,920.0243902439024,奢侈品牌
2025-11-14,A38553698201,雅诗兰黛弹性紧实柔肤眼霜15ml 提拉紧致 淡化细纹,560.0,8910,730,雅诗兰黛,4989600.0,0.0819304152637486,500-1000元,0,眼霜,920.0243902439024,奢侈品牌
2025-11-14,A38576432348,雅诗兰黛睫毛膏 不晕染 凝彩卷翘睫毛膏5.5ml 卷翘,330.0,311,6,雅诗兰黛,102630.0,0.01929260450160772,200-500元,0,睫毛膏,920.0243902439024,奢侈品牌
2025-11-14,A38606814151,雅诗兰黛眼线膏 深邃眼线膏01 3g 防水不晕染 持久,265.0,256,16,雅诗兰黛,67840.0,0.0625,200-500元,0,其他,920.0243902439024,奢侈品牌
2025-11-14,A38610766374,雅诗兰黛眼霜 青春抗皱滋润眼霜 15ml 保湿淡化细纹 紧致补水,540.0,1248,83,雅诗兰黛,673920.0,0.06650641025641026,500-1000元,0,眼霜,920.0243902439024,奢侈品牌
2025-11-14,A38622701169,雅诗兰黛爽肤水 肌初赋活原生液75/150ml 收缩毛孔精华水,420.0,12868,1740,雅诗兰黛,5404560.0,0.13521914827479017,200-500元,1,精华,920.0243902439024,奢侈品牌
2025-11-14,A38623921943,雅诗兰黛晶透净颜洁面乳125ml 深层清洁 透亮匀净,350.0,4036,358,雅诗兰黛,1412600.0,0.08870168483647176,200-500元,0,洁面,920.0243902439024,奢侈品牌
2025-11-14,A38627936299,雅诗兰黛粉饼 持久润泽粉饼11g 多色SPF14/PA++ 遮瑕持久滋润防晒,430.0,2237,143,雅诗兰黛,961910.0,0.06392489941886455,200-500元,0,防晒,920.0243902439024,奢侈品牌
2025-11-14,A38637185952,【新享价】雅诗兰黛红石榴水红石榴能量水200ml 滋润型补水爽肤水,420.0,14121,1270,雅诗兰黛,5930820.0,0.08993697330217407,200-500元,1,爽肤水,920.0243902439024,奢侈品牌
2025-11-14,A38650260389,雅诗兰黛红石榴鲜活亮采晚霜50ml 滋润补水排浊面膜,620.0,8497,719,雅诗兰黛,5268140.0,0.08461810050606096,500-1000元,0,面膜,920.0243902439024,奢侈品牌
2025-11-14,A38725004494,【新升级】雅诗兰黛洗面奶 红石榴泡沫洁面乳125ml 清洁补水保湿,280.0,40576,4689,雅诗兰黛,11361280.0,0.11556092271293375,200-500元,1,洁面,920.0243902439024,奢侈品牌
2025-11-14,A38757396760,雅诗兰黛面霜 红石榴面霜50ml 深层滋养提亮肤色 补水保湿,590.0,12215,1130,雅诗兰黛,7206850.0,0.09250920998772001,500-1000元,1,面霜,920.0243902439024,奢侈品牌
2025-11-14,A38786813458,雅诗兰黛红石榴面霜 鲜养焕亮凝霜50ml 补水保湿滋养,590.0,6929,858,雅诗兰黛,4088110.0,0.12382739212007504,500-1000元,0,面霜,920.0243902439024,奢侈品牌
2025-11-14,A38832394031,雅诗兰黛爽肤水 盈润保湿竹粹水200ml 修护滋润 保湿亮肤,520.0,705,15,雅诗兰黛,366600.0,0.02127659574468085,500-1000元,0,爽肤水,920.0243902439024,奢侈品牌
2025-11-14,A38848279045,雅诗兰黛小棕瓶面部精华30ml  修护精华露补水保湿,590.0,35384,3904,雅诗兰黛,20876560.0,0.11033235360614967,500-1000元,1,精华,920.0243902439024,奢侈品牌
2025-11-14,A39090623915,雅诗兰黛套装 红石榴洁面乳+红石榴能量水 美容护肤套装,700.0,17124,1415,雅诗兰黛,11986800.0,0.0826325624854006,500-1000元,1,洁面,920.0243902439024,奢侈品牌
2025-11-14,A39449795950,雅诗兰黛眼部精华露 ANR眼部密集精华露15ml,560.0,7730,509,雅诗兰黛,4328800.0,0.06584734799482536,500-1000元,0,精华,920.0243902439024,奢侈品牌
2025-11-14,A39488472991,雅诗兰黛小棕瓶眼霜 眼部精华霜15ml 补水淡化细纹,490.0,96353,12281,雅诗兰黛,47212970.0,0.12745840814504997,200-500元,1,精华,920.0243902439024,奢侈品牌
2025-11-14,A39571199816,雅诗兰黛小棕瓶套装 小棕瓶眼霜+小棕瓶精华美容护肤套装补水滋养,1080.0,14888,2296,雅诗兰黛,16079040.0,0.15421816227834498,1000元以上,1,精华,920.0243902439024,奢侈品牌
2025-11-14,A40156435965,雅诗兰黛化妆刷 粉底刷1号 BB刷 扁头 单支装 粉底液刷,350.0,109,8,雅诗兰黛,38150.0,0.07339449541284404,200-500元,0,粉底,920.0243902439024,奢侈品牌
2025-11-14,A40174935000,雅诗兰黛化妆刷 腮红刷15号 大号 单支装,400.0,21,0,雅诗兰黛,8400.0,0.0,200-500元,0,其他,920.0243902439024,奢侈品牌
2025-11-14,A40191441972,雅诗兰黛化妆刷 眼影刷25号 单支装,280.0,30,8,雅诗兰黛,8400.0,0.26666666666666666,200-500元,0,眼影,920.0243902439024,奢侈品牌
2025-11-14,A40191509921,雅诗兰黛化妆刷 圆形蜜粉刷10号 散粉刷 大号 单支装,500.0,20,3,雅诗兰黛,10000.0,0.15,200-500元,0,蜜粉,920.0243902439024,奢侈品牌
2025-11-14,A40868935856,雅诗兰黛红石榴入门套装 焕亮红石榴洁面+水+晚霜,220.0,13291,8,雅诗兰黛,2924020.0,0.0006019110676397562,200-500元,1,洁面,920.0243902439024,奢侈品牌
2025-11-14,A40918089598,雅诗兰黛小棕瓶入门套装 小棕瓶+眼霜+原生液 补水,305.0,14859,1825,雅诗兰黛,4531995.0,0.12282118581331179,200-500元,1,眼霜,920.0243902439024,奢侈品牌
2025-11-14,A41038272995,雅诗兰黛眼影 花漾琉光三色眼影2g 多色 眼影盘 含眼影刷,430.0,219,8,雅诗兰黛,94170.0,0.0365296803652968,200-500元,0,眼影,920.0243902439024,奢侈品牌
2025-11-14,A42302551887,雅诗兰黛粉底液 沁水粉底液30ml 补水保湿 防晒遮瑕 持久不脱妆,520.0,15026,1807,雅诗兰黛,7813520.0,0.12025821908691602,500-1000元,1,防晒,920.0243902439024,奢侈品牌
2025-11-14,A42354029173,雅诗兰黛蜜粉 臻透无痕蜜粉10g 定妆遮瑕 修饰毛孔,500.0,232,20,雅诗兰黛,116000.0,0.08620689655172414,200-500元,0,蜜粉,920.0243902439024,奢侈品牌
2025-11-14,A42367957000,雅诗兰黛粉底 沁水粉底凝霜粉芯SPF20/PA++ 10g 保湿 遮瑕 防晒,450.0,184,4,雅诗兰黛,82800.0,0.021739130434782608,200-500元,0,防晒,920.0243902439024,奢侈品牌
2025-11-14,A42368496731,雅诗兰黛眼影 花漾魅型五色眼影盘7g 多色 含眼影刷 干湿两用,520.0,506,59,雅诗兰黛,263120.0,0.116600790513834,500-1000元,0,眼影,920.0243902439024,奢侈品牌
2025-11-14,A42385040442,雅诗兰黛粉盒 沁水粉底凝霜配套粉盒 空粉盒,150.0,98,1,雅诗兰黛,14700.0,0.01020408163265306,100-200元,0,粉底,920.0243902439024,奢侈品牌
2025-11-14,A42664441398,雅诗兰黛面霜 多效智妍面霜50ml 滋润 保湿补水 提拉紧致,830.0,7228,645,雅诗兰黛,5999240.0,0.08923630326508024,500-1000元,0,面霜,920.0243902439024,奢侈品牌
2025-11-14,A42972979952,雅诗兰黛颈霜 白金级奢宠紧颜颈霜50ml 提拉紧致 淡化颈纹,1300.0,79,5,雅诗兰黛,102700.0,0.06329113924050633,1000元以上,0,其他,920.0243902439024,奢侈品牌
2025-11-14,A42978959435,雅诗兰黛眼霜 白金奢宠紧颜眼霜 紧致补水淡化细纹,980.0,1226,117,雅诗兰黛,1201480.0,0.09543230016313213,500-1000元,0,眼霜,920.0243902439024,奢侈品牌
2025-11-14,A43022465129,雅诗兰黛白金乳液面霜 白金级奢宠紧颜乳霜50ml 保湿补水,2500.0,72,5,雅诗兰黛,180000.0,0.06944444444444445,1000元以上,0,面霜,920.0243902439024,奢侈品牌
2025-11-14,A43023125663,雅诗兰黛白金精华液 白金级奢宠紧颜精华露30ml 紧致淡化皱纹细纹,2500.0,70,6,雅诗兰黛,175000.0,0.08571428571428572,1000元以上,0,精华,920.0243902439024,奢侈品牌
2025-11-14,A43025749921,雅诗兰黛白金洁面洗面奶 白金级保湿洁面乳125ml 控油深层清洁女,550.0,1041,144,雅诗兰黛,572550.0,0.138328530259366,500-1000元,0,洁面,920.0243902439024,奢侈品牌
2025-11-14,A43041368391,雅诗兰黛白金爽肤水 白金级奢宠紧颜精华水200ml 紧致保湿补水女,880.0,510,60,雅诗兰黛,448800.0,0.11764705882352941,500-1000元,0,精华,920.0243902439024,奢侈品牌
2025-11-14,A43043484211,雅诗兰黛白金粉饼 双重润养白金级臻致焕采粉饼SPF16/PA+++ 遮瑕,800.0,250,40,雅诗兰黛,200000.0,0.16,500-1000元,0,其他,920.0243902439024,奢侈品牌
2025-11-14,A43044176335,雅诗兰黛白金眼霜 白金级紧颜眼部修护精华露15ml 淡化细纹 保湿,1080.0,432,42,雅诗兰黛,466560.0,0.09722222222222222,1000元以上,0,精华,920.0243902439024,奢侈品牌
2025-11-14,A43047108919,雅诗兰黛白金粉底 白金级奢宠臻采粉底霜SPF15/PA++ 保湿遮瑕防晒,950.0,95,6,雅诗兰黛,90250.0,0.06315789473684211,500-1000元,0,防晒,920.0243902439024,奢侈品牌
2025-11-14,A43047156454,雅诗兰黛 白金级奢宠臻采粉底液SPF15/PA+++ 遮瑕  防晒,950.0,1082,110,雅诗兰黛,1027900.0,0.10166358595194085,500-1000元,0,防晒,920.0243902439024,奢侈品牌
2025-11-14,A43047184359,雅诗兰黛白金乳液面霜 白金级奢宠紧颜乳液75ml 保湿补水 紧致,2250.0,56,5,雅诗兰黛,126000.0,0.08928571428571429,1000元以上,0,面霜,920.0243902439024,奢侈品牌
2025-11-14,A43227754385,雅诗兰黛面霜 白金级奢宠乳霜50ml 淡斑淡纹 保湿补水滋润,2600.0,127,15,雅诗兰黛,330200.0,0.11811023622047244,1000元以上,0,面霜,920.0243902439024,奢侈品牌
2025-11-14,A43502413713,雅诗兰黛倾慕唇膏口红滋润补水保湿不脱妆 刘雯同款,300.0,35487,7907,雅诗兰黛,10646100.0,0.22281398822103868,200-500元,1,口红,920.0243902439024,奢侈品牌
2025-11-14,A43752639204,雅诗兰黛晶透沁白精华露30ml 淡斑淡印 补水保湿,830.0,4332,692,雅诗兰黛,3595560.0,0.15974145891043398,500-1000元,0,精华,920.0243902439024,奢侈品牌
2025-11-14,A43811937758,雅诗兰黛晶透沁白滋润霜50ml 保湿补水 淡斑淡印,695.0,3815,355,雅诗兰黛,2651425.0,0.09305373525557012,500-1000元,0,其他,920.0243902439024,奢侈品牌
2025-11-14,A43811997253,雅诗兰黛晶透沁白精粹水200ml 淡斑化妆水 保湿补水,520.0,3664,466,雅诗兰黛,1905280.0,0.12718340611353712,500-1000元,0,其他,920.0243902439024,奢侈品牌
2025-11-14,A44318891850,雅诗兰黛防晒霜 晶透沁白防晒霜SPF30+30ml 防晒隔离补水保湿,520.0,2786,522,雅诗兰黛,1448720.0,0.1873653984206748,500-1000元,0,防晒,920.0243902439024,奢侈品牌
2025-11-14,A44970267423,雅诗兰黛粉饼盒 晶透沁白焕采粉饼空粉盒 配套粉饼盒 方便携带,150.0,767,148,雅诗兰黛,115050.0,0.19295958279009126,100-200元,0,其他,920.0243902439024,奢侈品牌
2025-11-14,A44974170616,雅诗兰黛粉饼 晶透沁白焕采粉饼SPF 25/PA+++ 遮瑕控油定妆防晒,430.0,658,108,雅诗兰黛,282940.0,0.1641337386018237,200-500元,0,防晒,920.0243902439024,奢侈品牌
2025-11-14,A520283377825,雅诗兰黛红石榴双融乳液 鲜活亮采双萃液100ml 补水保湿提亮肤色,590.0,2217,285,雅诗兰黛,1308030.0,0.12855209742895804,500-1000元,0,乳液,920.0243902439024,奢侈品牌
2025-11-14,A520920608189,雅诗兰黛口红 倾慕液体唇膏 液态唇蜜 滋润丰型持久,300.0,1371,137,雅诗兰黛,411300.0,0.099927060539752,200-500元,0,口红,920.0243902439024,奢侈品牌
2025-11-14,A521036118361,【全新上市】雅诗兰黛香水 缪斯淡香氛-风尚格调 淡香持久 女士,1420.0,325,42,雅诗兰黛,461500.0,0.12923076923076923,1000元以上,0,其他,920.0243902439024,奢侈品牌
2025-11-14,A521528582364,雅诗兰黛多维充盈紧塑精华 充盈苹果肌提拉紧致,1180.0,746,89,雅诗兰黛,880280.0,0.1193029490616622,1000元以上,0,精华,920.0243902439024,奢侈品牌
2025-11-14,A522645736958,雅诗兰黛白金 白金级蕴能黑钻奢华面霜50ml 滋润提亮紧致,3800.0,23,3,雅诗兰黛,87400.0,0.13043478260869565,1000元以上,0,面霜,920.0243902439024,奢侈品牌
2025-11-14,A522670364989,【新上】雅诗兰黛白金 白金级蕴能黑钻奢华眼霜15ml 丰盈提拉紧致,2500.0,62,7,雅诗兰黛,155000.0,0.11290322580645161,1000元以上,0,眼霜,920.0243902439024,奢侈品牌
2025-11-14,A523280346866,雅诗兰黛弹性紧实滋润眼霜 提拉紧致淡化细纹,560.0,188,0,雅诗兰黛,105280.0,0.0,500-1000元,0,眼霜,920.0243902439024,奢侈品牌
2025-11-14,A524212103948,雅诗兰黛面膜 多效智妍面膜75ml 舒缓肌肤 润养赋活,680.0,298,51,雅诗兰黛,202640.0,0.17114093959731544,500-1000元,0,面膜,920.0243902439024,奢侈品牌
2025-11-14,A524240698074,雅诗兰黛多效智妍蕴养眼霜15ml 提拉紧致补水保湿,550.0,2573,497,雅诗兰黛,1415150.0,0.1931597357170618,500-1000元,0,眼霜,920.0243902439024,奢侈品牌
2025-11-14,A524662822373,【新品上市】雅诗兰黛 白金级奢宠紧颜焕能凝乳霜 滋润提拉紧致,2500.0,22,6,雅诗兰黛,55000.0,0.2727272727272727,1000元以上,0,其他,920.0243902439024,奢侈品牌
2025-11-14,A524679224873,雅诗兰黛香水 缪斯香氛 魅意浓情系列30/50/100ml 持久 女士,630.0,72,7,雅诗兰黛,45360.0,0.09722222222222222,500-1000元,0,其他,920.0243902439024,奢侈品牌
2025-11-14,A524863483542,雅诗兰黛小棕蜜精华油 肌透修护精萃蜜30ml 修护滋养 补水保湿,680.0,1384,156,雅诗兰黛,941120.0,0.11271676300578035,500-1000元,0,精华,920.0243902439024,奢侈品牌
2025-11-14,A525128660683,雅诗兰黛面霜 弹性紧实特润柔肤霜50ml 提拉紧致,830.0,916,149,雅诗兰黛,760280.0,0.16266375545851527,500-1000元,0,面霜,920.0243902439024,奢侈品牌
2025-11-14,A525659251505,雅诗兰黛面膜 小棕瓶密集修护肌透面膜贴4片/8片 刘雯同款面膜,680.0,1159,116,雅诗兰黛,788120.0,0.1000862812769629,500-1000元,0,面膜,920.0243902439024,奢侈品牌
2025-11-14,A526977796478,雅诗兰黛红石榴套装 红石榴果萃水+洁面+面霜套装 补水保湿滋养,1290.0,7727,2513,雅诗兰黛,9967830.0,0.3252232431732885,1000元以上,0,面霜,920.0243902439024,奢侈品牌
2025-11-14,A527567778591,雅诗兰黛晶透沁白淡斑乳液100ml 补水保湿 淡斑淡印,695.0,942,192,雅诗兰黛,654690.0,0.20382165605095542,500-1000元,0,乳液,920.0243902439024,奢侈品牌
2025-11-14,A527568906313,雅诗兰黛面膜 晶透沁白淡斑面膜6片装 密集修护 牛奶面膜,710.0,361,88,雅诗兰黛,256310.0,0.24376731301939059,500-1000元,0,面膜,920.0243902439024,奢侈品牌
2025-11-14,A528116701995,雅诗兰黛眼霜 弹性紧实柔肤眼霜15ml 提拉紧致淡化细纹补水,560.0,18,0,雅诗兰黛,10080.0,0.0,500-1000元,0,眼霜,920.0243902439024,奢侈品牌
2025-11-14,A528701653185,【新品上市】雅诗兰黛BB霜  晶透沁白修颜膏SPF 30/PA++ 遮瑕防晒,490.0,369,88,雅诗兰黛,180810.0,0.23848238482384823,200-500元,0,防晒,920.0243902439024,奢侈品牌
2025-11-14,A529085064706,雅诗兰黛花漾倾慕唇彩唇釉5.8ml显色持久 滋润保湿,260.0,525,178,雅诗兰黛,136500.0,0.33904761904761904,200-500元,0,其他,920.0243902439024,奢侈品牌
2025-11-14,A529344699764,【新品上市】雅诗兰黛 倾慕单色眼影 显色不脱妆立体眼影24色可选,290.0,16,8,雅诗兰黛,4640.0,0.5,200-500元,0,眼影,920.0243902439024,奢侈品牌
2025-11-14,A529358605613,【新品上市】雅诗兰黛 花漾倾慕腮红 渐变腮红 立体塑型 持久,450.0,246,72,雅诗兰黛,110700.0,0.2926829268292683,200-500元,0,其他,920.0243902439024,奢侈品牌
2025-11-14,A529381136479,雅诗兰黛口红 花漾倾慕丰唇膏 玻尿酸持久保湿滋养,290.0,1202,425,雅诗兰黛,348580.0,0.35357737104825293,200-500元,0,口红,920.0243902439024,奢侈品牌
2025-11-14,A529418616469,雅诗兰黛持妆无瑕液体粉盒 遮瑕持久保湿不脱妆,480.0,1885,568,雅诗兰黛,904800.0,0.3013262599469496,200-500元,0,其他,920.0243902439024,奢侈品牌
2025-11-14,A530542339390,雅诗兰黛持妆粉底液30ml  轻薄持久不脱妆 补水保湿,420.0,3720,1482,雅诗兰黛,1562400.0,0.39838709677419354,200-500元,0,粉底,920.0243902439024,奢侈品牌
2025-11-14,A534203791612,雅诗兰黛微精华喷雾75ml 保湿补水 爽肤水化妆水,580.0,350,150,雅诗兰黛,203000.0,0.42857142857142855,500-1000元,0,精华,920.0243902439024,奢侈品牌
2025-11-14,A535567986478,雅诗兰黛肌透修护洁面乳100ml 洗面奶清洁补水保湿,310.0,1117,415,雅诗兰黛,346270.0,0.37153088630259623,200-500元,0,洁面,920.0243902439024,奢侈品牌
2025-11-14,A535601101778,雅诗兰黛洁面 肌透修护洁颜膏70ml 补水清洁卸妆,390.0,374,136,雅诗兰黛,145860.0,0.36363636363636365,200-500元,0,洁面,920.0243902439024,奢侈品牌
2025-11-14,A536282247430,雅诗兰黛香水 缪斯淡香氛-粉漾柔情 淡香持久 女士,750.0,26,5,雅诗兰黛,19500.0,0.19230769230769232,500-1000元,0,其他,920.0243902439024,奢侈品牌
2025-11-14,A537997511648,【新品上市】雅诗兰黛  真我光采保湿饰底乳30ml 遮瑕隔离,380.0,281,93,雅诗兰黛,106780.0,0.3309608540925267,200-500元,0,隔离霜,920.0243902439024,奢侈品牌
2025-11-14,A538001003307,雅诗兰黛 真我光采轻透润唇蜜 保湿滋润不脱色,200.0,1049,469,雅诗兰黛,209800.0,0.4470924690181125,100-200元,0,其他,920.0243902439024,奢侈品牌
2025-11-14,A538076386623,雅诗兰黛真我光采唇颊彩 一笔两用 持久保湿 不脱色,220.0,298,148,雅诗兰黛,65560.0,0.4966442953020134,200-500元,0,其他,920.0243902439024,奢侈品牌
2025-11-14,A538106886248,雅诗兰黛面霜 多效智妍精华霜75ml 滋润 保湿补水 提拉紧致,920.0,787,225,雅诗兰黛,724040.0,0.28589580686149935,500-1000元,0,面霜,920.0243902439024,奢侈品牌
2025-11-14,A538364889980,雅诗兰黛乳液 多效智妍美肌修颜乳30ml  保湿遮瑕,600.0,124,49,雅诗兰黛,74400.0,0.3951612903225806,500-1000元,0,乳液,920.0243902439024,奢侈品牌
2025-11-14,A539048163116,【新升级】雅诗兰黛洗面奶 红石榴泡沫洁面乳60ml 清洁补水保湿,130.0,3416,702,雅诗兰黛,444080.0,0.20550351288056207,100-200元,0,洁面,920.0243902439024,奢侈品牌
2025-11-14,A539172137841,雅诗兰黛  鲜活亮采果萃水（滋润型）100ml,210.0,755,170,雅诗兰黛,158550.0,0.2251655629139073,200-500元,0,其他,920.0243902439024,奢侈品牌
2025-11-14,A541166924219,【新品上市】雅诗兰黛 持妆塑型眉胶笔 马拉松眉笔 唐嫣同款,250.0,79,3,雅诗兰黛,19750.0,0.0379746835443038,200-500元,0,其他,920.0243902439024,奢侈品牌
2025-11-13,A38623654284,雅诗兰黛睫毛膏  滋养睫毛底膏5ml  滋养纤长,250.0,224,21,雅诗兰黛,56000.0,0.09375,200-500元,0,睫毛膏,920.0243902439024,奢侈品牌
2025-11-13,A530593308358,雅诗兰黛白金级奢宠紧颜眼霜 补水保湿淡化细纹,980.0,19,6,雅诗兰黛,18620.0,0.3157894736842105,500-1000元,0,眼霜,920.0243902439024,奢侈品牌
2025-11-13,A538201452665,雅诗兰黛密集修护滋养提拉紧致小棕豆精华液,1060.0,250,79,雅诗兰黛,265000.0,0.316,1000元以上,0,精华,920.0243902439024,奢侈品牌
2025-11-12,A38770558803,雅诗兰黛唇膏口红 女 花漾唇膏炫慕系列 正品 滋润保湿持久,300.0,4146,103,雅诗兰黛,1243800.0,0.024843222383019777,200-500元,0,口红,920.0243902439024,奢侈品牌
2025-11-12,A43022749403,雅诗兰黛白金粉饼 双重润养白金级臻致焕采粉饼盒 空粉盒,280.0,193,31,雅诗兰黛,54040.0,0.16062176165803108,200-500元,0,其他,920.0243902439024,奢侈品牌
2025-11-12,A520553253480,雅诗兰黛红石榴精华 鲜养焕亮精华露30ml 排浊保湿修护精华液,650.0,584,100,雅诗兰黛,379600.0,0.17123287671232876,500-1000元,0,精华,920.0243902439024,奢侈品牌
2025-11-12,A541125827453,【新品上市】雅诗兰黛  白金级蕴能黑钻焕肤面膜50ml 滋养提亮,3000.0,0,0,雅诗兰黛,0.0,0.0,1000元以上,0,面膜,920.0243902439024,奢侈品牌
2025-11-11,A38544559909,【11-11单品】雅诗兰黛凝彩纤长睫毛膏6ml  纤长防水 持久不晕染,330.0,2149,163,雅诗兰黛,709170.0,0.07584923220102373,200-500元,0,睫毛膏,920.0243902439024,奢侈品牌
2025-11-11,A38546843639,雅诗兰黛面霜 青春抗皱滋润霜50ml（干性肌肤）滋润 淡化细纹,780.0,482,24,雅诗兰黛,375960.0,0.04979253112033195,500-1000元,0,面霜,920.0243902439024,奢侈品牌
2025-11-11,A38551650118,雅诗兰黛面霜 盈润保湿霜50ml（干性肌肤） 补水保湿滋润,590.0,375,31,雅诗兰黛,221250.0,0.08266666666666667,500-1000元,0,面霜,920.0243902439024,奢侈品牌
2025-11-11,A38571812243,雅诗兰黛 净颜透澈卸妆油200ml 卸妆保湿 温和深层清洁,350.0,1452,205,雅诗兰黛,508200.0,0.14118457300275483,200-500元,0,卸妆,920.0243902439024,奢侈品牌
2025-11-11,A38620693184,雅诗兰黛唇蜜口红 莹粹亮彩花漾唇彩6m l多色 滋润持久,250.0,1263,42,雅诗兰黛,315750.0,0.0332541567695962,200-500元,0,口红,920.0243902439024,奢侈品牌
2025-11-11,A38624777339,【11-11单品】雅诗兰黛眼部舒缓眼膜10对 补水保湿 淡化黑眼圈,300.0,8791,709,雅诗兰黛,2637300.0,0.08065066545330452,200-500元,0,其他,920.0243902439024,奢侈品牌
2025-11-11,A38648428212,雅诗兰黛洗面奶 净莹细致洁面ㄠ150ml 控油祛痘 软化角质,310.0,569,28,雅诗兰黛,176390.0,0.0492091388400703,200-500元,0,洁面,920.0243902439024,奢侈品牌
2025-11-11,A38725671757,雅诗兰黛面霜 弹性紧实柔肤晚霜 50ml 提拉紧致 淡化细纹 抗皱,880.0,1789,122,雅诗兰黛,1574320.0,0.06819452207937395,500-1000元,0,面霜,920.0243902439024,奢侈品牌
2025-11-11,A39822556416,【11-11单品】雅诗兰黛女士 雅诗兰黛缪斯淡香氛 淡香水 双重香调,630.0,1806,126,雅诗兰黛,1137780.0,0.06976744186046512,500-1000元,0,其他,920.0243902439024,奢侈品牌
2025-11-11,A40704735213,【11-11套装】雅诗兰黛红石榴套装 鲜活亮采面霜50ml+晚霜50ml,1210.0,7174,28,雅诗兰黛,8680540.0,0.0039029829941455256,1000元以上,0,面霜,920.0243902439024,奢侈品牌
2025-11-11,A41798842642,【11-11套装】雅诗兰黛红石榴能量水+面霜+晚霜 补水保湿提亮滋养,1630.0,5741,223,雅诗兰黛,9357830.0,0.03884340707193869,1000元以上,0,面霜,920.0243902439024,奢侈品牌
2025-11-11,A41842394802,【11-11套装】雅诗兰黛晶透沁白淡斑精粹水+滋润霜 淡斑补水 滋润,1215.0,938,62,雅诗兰黛,1139670.0,0.06609808102345416,1000元以上,0,其他,920.0243902439024,奢侈品牌
2025-11-11,A42303843520,雅诗兰黛遮瑕笔 润泽修颜明采笔2.2ml 遮瑕 高光提亮,320.0,630,71,雅诗兰黛,201600.0,0.1126984126984127,200-500元,0,其他,920.0243902439024,奢侈品牌
2025-11-11,A42387992524,雅诗兰黛眉笔 持妆塑形眉彩笔 双头双色眉笔 持久不晕染 易上色,260.0,1382,68,雅诗兰黛,359320.0,0.049204052098408106,200-500元,0,其他,920.0243902439024,奢侈品牌
2025-11-11,A42973387512,雅诗兰黛白金面膜 白金级奢宠紧颜面膜75ml 补水紧致 免洗面膜,1200.0,272,18,雅诗兰黛,326400.0,0.0661764705882353,1000元以上,0,面膜,920.0243902439024,奢侈品牌
2025-11-11,A42974802003,雅诗兰黛睫毛膏 凝彩立体炫极睫毛膏01 6ml 纤长卷翘浓密大眼,330.0,124,21,雅诗兰黛,40920.0,0.1693548387096774,200-500元,0,睫毛膏,920.0243902439024,奢侈品牌
2025-11-11,A43025785301,雅诗兰黛白金精华液 白金级蕴能双钻精华露25ml    补水保湿,3800.0,78,4,雅诗兰黛,296400.0,0.05128205128205128,1000元以上,0,精华,920.0243902439024,奢侈品牌
2025-11-11,A43029097112,雅诗兰黛白金眼霜 白金级奢宠润养眼霜15ml 提拉紧致 淡化细纹,700.0,904,86,雅诗兰黛,632800.0,0.09513274336283185,500-1000元,0,眼霜,920.0243902439024,奢侈品牌
2025-11-11,A43149872142,【11-11套装】雅诗兰黛 白金奢宠紧颜乳霜礼盒 保湿抗皱提亮肤色,2500.0,329,0,雅诗兰黛,822500.0,0.0,1000元以上,0,其他,920.0243902439024,奢侈品牌
2025-11-11,A43227638164,雅诗兰黛白金淡斑水 白金级奢宠精华水200ml 保湿补水,880.0,548,71,雅诗兰黛,482240.0,0.12956204379562045,500-1000元,0,精华,920.0243902439024,奢侈品牌
2025-11-11,A44428485003,【11-11单品】雅诗兰黛水光肌微精华面膜6片装 密集补水深层滋养,600.0,3015,200,雅诗兰黛,1809000.0,0.06633499170812604,500-1000元,0,面膜,920.0243902439024,奢侈品牌
2025-11-11,A520440778594,【新上】雅诗兰黛防晒霜 白金级防晒隔离霜SPF30+/PA+++30ml,780.0,166,17,雅诗兰黛,129480.0,0.10240963855421686,500-1000元,0,防晒,920.0243902439024,奢侈品牌
2025-11-11,A520966991265,【11-11单品】雅诗兰黛眼线笔 凝彩持妆眼线笔 多色 持久不晕染,220.0,443,57,雅诗兰黛,97460.0,0.12866817155756208,200-500元,0,其他,920.0243902439024,奢侈品牌
2025-11-11,A522560429591,【11-11套装】雅诗兰黛护肤原生液150ml+小棕瓶精华50ml+眼霜15ml,2100.0,785,17,雅诗兰黛,1648500.0,0.02165605095541401,1000元以上,0,精华,920.0243902439024,奢侈品牌
2025-11-11,A522562797102,【11-11套装】雅诗兰黛护肤小棕瓶精华50ml+多效智妍面霜50ml补水,1680.0,861,57,雅诗兰黛,1446480.0,0.06620209059233449,1000元以上,0,面霜,920.0243902439024,奢侈品牌
2025-11-11,A522566284371,【11-11当天满赠】雅诗兰黛红石榴 红石榴面霜50ml+晚霜50ml,1210.0,914,0,雅诗兰黛,1105940.0,0.0,1000元以上,0,面霜,920.0243902439024,奢侈品牌
2025-11-11,A522566832260,【11-11套装】雅诗兰黛肌透修护小棕瓶50ml保湿补水限量版小金瓶,850.0,7291,5,雅诗兰黛,6197350.0,0.0006857769853243725,500-1000元,0,其他,920.0243902439024,奢侈品牌
2025-11-11,A523049180785,【11-11套装】雅诗兰黛小棕瓶30ml+原生液+多效智妍面霜 补水保湿,2180.0,363,0,雅诗兰黛,791340.0,0.0,1000元以上,0,面霜,920.0243902439024,奢侈品牌
2025-11-11,A523054373396,【11-11当天满赠】雅诗兰黛晶透沁白套装 淡斑水+洁面+精华+霜,2395.0,372,0,雅诗兰黛,890940.0,0.0,1000元以上,0,精华,920.0243902439024,奢侈品牌
2025-11-11,A523116618765,【11-11当天满赠】雅诗兰黛套装小棕瓶精华50ml+多效智妍面霜50ml,1680.0,221,0,雅诗兰黛,371280.0,0.0,1000元以上,0,面霜,920.0243902439024,奢侈品牌
2025-11-11,A523277460216,【11-11套装】雅诗兰黛小棕瓶精华50ml+原生液150ml 补水保湿修护,1610.0,156,0,雅诗兰黛,251160.0,0.0,1000元以上,0,精华,920.0243902439024,奢侈品牌
2025-11-11,A523283000049,【11-11套装】雅诗兰黛多效智妍面霜+智妍眼霜 深层滋养 提拉紧致,1380.0,909,36,雅诗兰黛,1254420.0,0.039603960396039604,1000元以上,0,面霜,920.0243902439024,奢侈品牌
2025-11-11,A523368402322,【11-11套装】雅诗兰黛 白金级奢宠臻采粉底液 保湿遮瑕不脱妆,950.0,38,0,雅诗兰黛,36100.0,0.0,500-1000元,0,粉底,920.0243902439024,奢侈品牌
2025-11-11,A523384950952,【11-11当天满赠】雅诗兰黛抗皱竹萃水+紧实眼霜套装 提拉紧致,1080.0,240,0,雅诗兰黛,259200.0,0.0,1000元以上,0,眼霜,920.0243902439024,奢侈品牌
2025-11-11,A523394697642,【11-11单品】雅诗兰黛口红 花漾倾慕唇膏 滋润补水不脱妆,300.0,217,8,雅诗兰黛,65100.0,0.03686635944700461,200-500元,0,口红,920.0243902439024,奢侈品牌
2025-11-11,A523780666228,【11-11单品】雅诗兰黛沁水粉底液30ml 遮瑕不脱妆,520.0,75,1,雅诗兰黛,39000.0,0.013333333333333334,500-1000元,0,粉底,920.0243902439024,奢侈品牌
2025-11-11,A523931721731,【11-11套装】雅诗兰黛 臻彩盛宴礼盒 化妆品彩妆彩妆套装,1080.0,600,0,雅诗兰黛,648000.0,0.0,1000元以上,0,其他,920.0243902439024,奢侈品牌
2025-11-11,A524164750552,【11-11套装】雅诗兰黛白金套装 白金奢宠紧颜乳霜礼盒 滋润提拉,2500.0,374,50,雅诗兰黛,935000.0,0.13368983957219252,1000元以上,0,其他,920.0243902439024,奢侈品牌
2025-11-11,A525788098564,【11-11单品】雅诗兰黛红石榴鲜活亮采面霜 提亮肤色排浊润养,590.0,94,2,雅诗兰黛,55460.0,0.02127659574468085,500-1000元,0,面霜,920.0243902439024,奢侈品牌
2025-11-11,A525927391504,【11-11单品】雅诗兰黛面霜 多效智妍面霜50ml 滋润保湿补水,830.0,58,0,雅诗兰黛,48140.0,0.0,500-1000元,0,面霜,920.0243902439024,奢侈品牌
2025-11-11,A526383253767,【11-11当天满赠】雅诗兰黛小棕瓶眼霜+修护精华套装 补水保湿,1080.0,500,0,雅诗兰黛,540000.0,0.0,1000元以上,0,精华,920.0243902439024,奢侈品牌
2025-11-11,A527568130862,【11-11单品】雅诗兰黛晶透沁白淡斑晚安膜8g 滋润修护 免洗面膜,530.0,447,166,雅诗兰黛,236910.0,0.3713646532438479,500-1000元,0,面膜,920.0243902439024,奢侈品牌
2025-11-11,A527568610408,【11-11单品】雅诗兰黛晶透沁白淡斑特润霜50ml 保湿补水滋润,695.0,454,143,雅诗兰黛,315530.0,0.31497797356828194,500-1000元,0,其他,920.0243902439024,奢侈品牌
2025-11-11,A527660738908,雅诗兰黛眼霜 多维紧塑双层修护眼霜10ml  紧致提拉 补水,680.0,728,54,雅诗兰黛,495040.0,0.07417582417582418,500-1000元,0,眼霜,920.0243902439024,奢侈品牌
2025-11-11,A529359333135,【新品上市】雅诗兰黛炫黑造型睫毛底膏6ml 惊艳打底 一支三用,270.0,47,20,雅诗兰黛,12690.0,0.425531914893617,200-500元,0,睫毛膏,920.0243902439024,奢侈品牌
2025-11-11,A529517530154,【新品上市】雅诗兰黛花漾倾慕唇颊彩 两用唇颊棒 持久出色 唇膏,320.0,61,18,雅诗兰黛,19520.0,0.29508196721311475,200-500元,0,其他,920.0243902439024,奢侈品牌
2025-11-11,A532597864728,【11-11单品】雅诗兰黛小棕瓶面膜贴4片/8片 模拟SPA 刘雯同款,680.0,51,11,雅诗兰黛,34680.0,0.21568627450980393,500-1000元,0,面膜,920.0243902439024,奢侈品牌
2025-11-11,A535587823258,【11-11单品】雅诗兰黛小棕瓶特润修护肌透精华露 补水保湿,590.0,125,2,雅诗兰黛,73750.0,0.016,500-1000元,0,精华,920.0243902439024,奢侈品牌
2025-11-11,A539207548932,【11-11当天满赠】雅诗兰黛小棕瓶精华+洁面+小棕蜜补水修护套装,1580.0,19,4,雅诗兰黛,30020.0,0.21052631578947367,1000元以上,0,精华,920.0243902439024,奢侈品牌
2025-11-11,A539342138764,【11-11单品】雅诗兰黛小棕瓶眼霜15ml 保湿补水淡化细纹,490.0,210,4,雅诗兰黛,102900.0,0.01904761904761905,200-500元,0,眼霜,920.0243902439024,奢侈品牌
2025-11-11,A539957654724,【11-11套装】雅诗兰黛 白金洁面乳+紧颜精华水,1430.0,0,0,雅诗兰黛,0.0,0.0,1000元以上,0,精华,920.0243902439024,奢侈品牌
2025-11-11,A540275683389,【11-11套装】雅诗兰黛 白金洁面乳+紧颜精华水 淡斑修护补水保湿,1430.0,19,0,雅诗兰黛,27170.0,0.0,1000元以上,0,精华,920.0243902439024,奢侈品牌
2025-11-11,A540753912276,【11-11单品】雅诗兰黛洗面奶红石榴泡沫洁面乳125ml清洁补水保湿,280.0,179,2,雅诗兰黛,50120.0,0.0111731843575419,200-500元,0,洁面,920.0243902439024,奢侈品牌
2025-11-11,A540754340571,【11-11单品】雅诗兰黛面霜 多效智妍精华霜 深层滋养补水保,920.0,14,0,雅诗兰黛,12880.0,0.0,500-1000元,0,面霜,920.0243902439024,奢侈品牌
2025-11-11,A540761117987,【11-11单品】雅诗兰黛小棕蜜精华油 肌透修护精萃蜜补水保湿,680.0,8,0,雅诗兰黛,5440.0,0.0,500-1000元,0,精华,920.0243902439024,奢侈品牌
2025-11-11,A540762061812,【11-11单品】雅诗兰黛鲜活焕亮红石榴晚霜50ml 滋润排浊面膜,620.0,60,0,雅诗兰黛,37200.0,0.0,500-1000元,0,面膜,920.0243902439024,奢侈品牌
2025-11-11,A540762137382,【11-11套装】雅诗兰黛套装 小棕瓶精华30ml+小棕瓶眼霜15ml,1080.0,53,0,雅诗兰黛,57240.0,0.0,1000元以上,0,精华,920.0243902439024,奢侈品牌
2025-11-11,A540763203806,【11-11当天满赠】雅诗兰黛原生液+多效智妍面霜套装 深层滋养,1590.0,100,0,雅诗兰黛,159000.0,0.0,1000元以上,0,面霜,920.0243902439024,奢侈品牌
2025-11-11,A540763215494,【11-11当天满赠】雅诗兰黛套装 多效智妍面霜+智妍眼霜+小棕瓶,2230.0,64,0,雅诗兰黛,142720.0,0.0,1000元以上,0,面霜,920.0243902439024,奢侈品牌
2025-11-11,A540764362989,【11-11单品】雅诗兰黛果萃水 红石榴能量水200ml 滋润型,420.0,68,1,雅诗兰黛,28560.0,0.014705882352941176,200-500元,0,其他,920.0243902439024,奢侈品牌
2025-11-11,A540767010493,【11-11当天满赠】雅诗兰黛套装 红石榴水+面霜+晚霜 排浊润养,1630.0,394,0,雅诗兰黛,642220.0,0.0,1000元以上,0,面霜,920.0243902439024,奢侈品牌
2025-11-11,A540767411257,【11-11当天满赠】雅诗兰黛套装小棕瓶精华+眼霜+原生液 补水修护,2100.0,119,0,雅诗兰黛,249900.0,0.0,1000元以上,0,精华,920.0243902439024,奢侈品牌
2025-11-11,A540768531854,【11-11当天满赠】雅诗兰黛红石榴套装 洁面+能量水+面霜补水保湿,1290.0,222,0,雅诗兰黛,286380.0,0.0,1000元以上,0,面霜,920.0243902439024,奢侈品牌
2025-11-11,A540819866801,【11-11单品】雅诗兰黛白金臻彩粉底液 补水保湿遮瑕不脱妆,950.0,3,0,雅诗兰黛,2850.0,0.0,500-1000元,0,粉底,920.0243902439024,奢侈品牌
2025-11-11,A541110174938,【11-11套装】雅诗兰黛小棕瓶精华胶囊 小棕豆60粒+小棕瓶7ml套装,1170.0,138,0,雅诗兰黛,161460.0,0.0,1000元以上,0,精华,920.0243902439024,奢侈品牌
2025-11-11,A541243661620,【11-11当天满赠】雅诗兰黛小棕瓶精华+原生液+智妍面霜 修护滋养,2180.0,46,0,雅诗兰黛,100280.0,0.0,1000元以上,0,面霜,920.0243902439024,奢侈品牌
2025-11-11,A541250570747,【11-11当天满赠】雅诗兰黛小棕瓶精华50ml+肌初赋活原生液150ml,1610.0,112,0,雅诗兰黛,180320.0,0.0,1000元以上,0,精华,920.0243902439024,奢侈品牌
2025-11-11,A541250962225,【11-11当天满赠】雅诗兰黛多效智妍面霜50ml+眼霜15ml 深层滋养,1380.0,38,0,雅诗兰黛,52440.0,0.0,1000元以上,0,面霜,920.0243902439024,奢侈品牌
2025-11-11,A541394963739,【11-11套装】雅诗兰黛 小棕瓶30ml+红石榴洁面+精华水+面霜套装,1880.0,121,0,雅诗兰黛,227480.0,0.0,1000元以上,0,面霜,920.0243902439024,奢侈品牌
2025-11-11,A541402241515,【11-11套装】雅诗兰黛护肤套装  小棕瓶精华75ml+原生液15ml,1156.0,13,0,雅诗兰黛,15028.0,0.0,1000元以上,0,精华,920.0243902439024,奢侈品牌
2025-11-11,A541422691226,【11-11套装】雅诗兰黛 小棕瓶50ml金瓶装+智妍面霜+修护洁面套装,1990.0,2,0,雅诗兰黛,3980.0,0.0,1000元以上,0,面霜,920.0243902439024,奢侈品牌
2025-11-11,A541469325559,【新品上市】雅诗兰黛特润肌透修护精华露75ml 小棕瓶精华大容量,1080.0,300,0,雅诗兰黛,324000.0,0.0,1000元以上,0,精华,920.0243902439024,奢侈品牌
2025-11-11,A541477418335,【11-11套装】雅诗兰黛 小棕瓶精华50ml金瓶装+多效智妍面霜50ml,1680.0,38,0,雅诗兰黛,63840.0,0.0,1000元以上,0,面霜,920.0243902439024,奢侈品牌
2025-11-11,A541597771411,【11-11单品】雅诗兰黛爽肤水 肌初赋活原生液  收缩毛孔精华水,760.0,74,0,雅诗兰黛,56240.0,0.0,500-1000元,0,精华,920.0243902439024,奢侈品牌
2025-11-10,A38548127438,雅诗兰黛乳液 青春抗皱滋润凝露50ml 提拉紧致 滋润淡化细纹,780.0,507,77,雅诗兰黛,395460.0,0.15187376725838264,500-1000元,0,乳液,920.0243902439024,奢侈品牌
2025-11-10,A38548527755,【新享价】雅诗兰黛 红石榴能量水200ml 清爽型 补水保湿,420.0,3617,699,雅诗兰黛,1519140.0,0.1932540779651645,200-500元,0,其他,920.0243902439024,奢侈品牌
2025-11-10,A38552118187,雅诗兰黛面霜 青春抗皱逆时空滋润晚霜 50ml 滋润淡化细纹,830.0,842,26,雅诗兰黛,698860.0,0.030878859857482184,500-1000元,0,面霜,920.0243902439024,奢侈品牌
2025-11-10,A38571824409,雅诗兰黛洗面奶 净莹柔肤洁面乳150ml 深层清洁 软化角质,310.0,4149,426,雅诗兰黛,1286190.0,0.10267534345625452,200-500元,0,洁面,920.0243902439024,奢侈品牌
2025-11-10,A38576456963,雅诗兰黛香水正品 欢沁清悦淡香氛50ml 女士 清新淡香,640.0,77,2,雅诗兰黛,49280.0,0.025974025974025976,500-1000元,0,其他,920.0243902439024,奢侈品牌
2025-11-10,A38580416203,雅诗兰黛睫毛膏 不晕染 凝彩双头睫毛膏 纤长浓密卷翘大眼,380.0,282,18,雅诗兰黛,107160.0,0.06382978723404255,200-500元,0,睫毛膏,920.0243902439024,奢侈品牌
2025-11-10,A38637869568,雅诗兰黛脸部卸妆 净颜透澈卸妆乳200ml 清洁卸妆 补水保湿,350.0,1186,9,雅诗兰黛,415100.0,0.007588532883642495,200-500元,0,卸妆,920.0243902439024,奢侈品牌
2025-11-10,A39041454506,【11-11预售】雅诗兰黛口红 倾慕唇膏套装 滋润补水女保湿不脱妆,300.0,12524,478,雅诗兰黛,3757200.0,0.03816671989779623,200-500元,1,口红,920.0243902439024,奢侈品牌
2025-11-10,A39042419375,【11-11预售】雅诗兰黛 鲜亮焕采泡沫洁面乳 红石榴洗面奶套装,280.0,5287,0,雅诗兰黛,1480360.0,0.0,200-500元,0,洁面,920.0243902439024,奢侈品牌
2025-11-10,A39046326315,【21日预售 拍下不发货】雅诗兰黛ANR特润修护肌透精华露30ml A,590.0,4087,543,雅诗兰黛,2411330.0,0.13286028872033276,500-1000元,0,精华,920.0243902439024,奢侈品牌
2025-11-10,A39077636217,【11-11预售】雅诗兰黛小棕瓶套装 特润修护精华露30ml 补水保湿,590.0,14305,181,雅诗兰黛,8439950.0,0.012652918559944076,500-1000元,1,精华,920.0243902439024,奢侈品牌
2025-11-10,A41371948435,【11-11预售】雅诗兰黛红石榴能量水套装 补水保湿排浊 提亮肤色,420.0,4139,118,雅诗兰黛,1738380.0,0.02850930176371104,200-500元,0,其他,920.0243902439024,奢侈品牌
2025-11-10,A41373944401,【11-11抢先预售】雅诗兰黛套装小棕瓶精华30ml+眼霜15ml补水修护,1080.0,5558,64,雅诗兰黛,6002640.0,0.011514933429291111,1000元以上,0,精华,920.0243902439024,奢侈品牌
2025-11-10,A41765403448,【11-11预售】雅诗兰黛护肤套装 小棕瓶+眼霜+原生液 淡化细纹,2100.0,1485,1,雅诗兰黛,3118500.0,0.0006734006734006734,1000元以上,0,眼霜,920.0243902439024,奢侈品牌
2025-11-10,A41826196227,【11-11预售】雅诗兰黛面部护肤套装 洁面+小棕瓶精华+小棕蜜,1580.0,1439,1,雅诗兰黛,2273620.0,0.0006949270326615705,1000元以上,0,精华,920.0243902439024,奢侈品牌
2025-11-10,A41909508168,【11-11预售】雅诗兰黛 鲜亮焕采红石榴套装 能量水+日霜+晚霜,1630.0,4988,1,雅诗兰黛,8130440.0,0.00020048115477145148,1000元以上,0,其他,920.0243902439024,奢侈品牌
2025-11-10,A41971604895,【11-11预售】雅诗兰黛  晶透沁白套装 淡斑精粹水+滋润霜  保湿,1215.0,427,0,雅诗兰黛,518805.0,0.0,1000元以上,0,其他,920.0243902439024,奢侈品牌
2025-11-10,A42153091021,【11-11抢先预售】雅诗兰黛小棕瓶眼霜15ml套装 淡化细纹黑眼圈,490.0,10119,2,雅诗兰黛,4958310.0,0.00019764798893171263,200-500元,1,眼霜,920.0243902439024,奢侈品牌
2025-11-10,A42671628346,【11-11抢先预售】雅诗兰黛小棕瓶精华30ml套装 保湿修护精华液,590.0,4230,564,雅诗兰黛,2495700.0,0.13333333333333333,500-1000元,0,精华,920.0243902439024,奢侈品牌
2025-11-10,A42978827269,雅诗兰黛白金面霜 白金级奢宠润养面霜50ml 滋润补水保湿女士,1700.0,73,4,雅诗兰黛,124100.0,0.0547945205479452,1000元以上,0,面霜,920.0243902439024,奢侈品牌
2025-11-10,A43208259432,【11-11 套装】 白金级奢宠紧颜明眸套装 紧颜眼霜15ml 提拉紧致,980.0,674,82,雅诗兰黛,660520.0,0.12166172106824925,500-1000元,0,眼霜,920.0243902439024,奢侈品牌
2025-11-10,A520904349615,雅诗兰黛BB霜 晶透沁白双效修颜霜SPF30+PA+++ 遮瑕防晒提亮,520.0,1465,232,雅诗兰黛,761800.0,0.1583617747440273,500-1000元,0,防晒,920.0243902439024,奢侈品牌
2025-11-10,A521534165749,雅诗兰黛凝露 多维充盈紧塑凝露15ml充盈苹果肌 提拉紧致淡化细纹,580.0,81,7,雅诗兰黛,46980.0,0.08641975308641975,500-1000元,0,其他,920.0243902439024,奢侈品牌
2025-11-10,A522544307880,【11-11预售】雅诗兰黛 臻彩盛宴礼盒 彩妆大套装,1080.0,1478,1,雅诗兰黛,1596240.0,0.0006765899864682003,1000元以上,0,其他,920.0243902439024,奢侈品牌
2025-11-10,A522544627311,【11-11预售】雅诗兰黛小棕瓶眼霜套装 眼部精华霜15ml 补水保湿,490.0,46499,1108,雅诗兰黛,22784510.0,0.023828469429450095,200-500元,1,精华,920.0243902439024,奢侈品牌
2025-11-10,A522559634246,【11-11预售】雅诗兰黛护肤套装 小棕瓶精华+眼霜 补水淡化细纹,1080.0,13311,173,雅诗兰黛,14375880.0,0.012996769589061678,1000元以上,1,精华,920.0243902439024,奢侈品牌
2025-11-10,A522564744854,【11-11抢先预售】雅诗兰黛套装 小棕瓶精华50ml+赋活原生液150ml,1610.0,927,2,雅诗兰黛,1492470.0,0.002157497303128371,1000元以上,0,精华,920.0243902439024,奢侈品牌
2025-11-10,A523270690139,【11-11预售】雅诗兰黛套装 小棕瓶+原生液+多效智妍面霜 补水,2180.0,382,0,雅诗兰黛,832760.0,0.0,1000元以上,0,面霜,920.0243902439024,奢侈品牌
2025-11-10,A523277402835,【11-11预售】雅诗兰黛 晶透沁白套装 洁面+精华露+精华水+面霜,2395.0,358,0,雅诗兰黛,857410.0,0.0,1000元以上,0,面霜,920.0243902439024,奢侈品牌
2025-11-10,A523281561562,【21号预售  拍下不发货】   眼部精华霜15ml 提拉紧致 淡化细纹A,490.0,246,26,雅诗兰黛,120540.0,0.10569105691056911,200-500元,0,精华,920.0243902439024,奢侈品牌
2025-11-10,A523282841260,【11-11预售】雅诗兰黛 焕亮红石榴晚霜套装 滋润补水 排浊面膜,620.0,1170,49,雅诗兰黛,725400.0,0.04188034188034188,500-1000元,0,面膜,920.0243902439024,奢侈品牌
2025-11-10,A523288764543,【11-11预售】雅诗兰黛 沁水粉底液30ml套装 补水保湿 遮瑕不脱妆,520.0,2071,1,雅诗兰黛,1076920.0,0.0004828585224529213,500-1000元,0,粉底,920.0243902439024,奢侈品牌
2025-11-10,A523391694534,【11-11单品搭配】雅诗兰黛红石榴洁面+水+面霜+晚霜+精华,2560.0,98,0,雅诗兰黛,250880.0,0.0,1000元以上,0,面霜,920.0243902439024,奢侈品牌
2025-11-10,A523394769001,【11-11预售】雅诗兰黛 红石榴套装 洁面+果萃水+面霜+晚霜+精华,2560.0,261,1,雅诗兰黛,668160.0,0.0038314176245210726,1000元以上,0,面霜,920.0243902439024,奢侈品牌
2025-11-10,A523940392337,【11-11预售】雅诗兰黛红石榴套装 洁面+能量水+面霜+晚霜+唇膏,2160.0,179,0,雅诗兰黛,386640.0,0.0,1000元以上,0,面霜,920.0243902439024,奢侈品牌
2025-11-10,A524576422919,雅诗兰黛口红 倾慕唇膏 丝绒系列 多色 滋润保湿持久,300.0,467,84,雅诗兰黛,140100.0,0.17987152034261242,200-500元,0,口红,920.0243902439024,奢侈品牌
2025-11-10,A525712840808,【11-11预售】雅诗兰黛小棕瓶精华50ml套装 补水保湿精华液小金瓶,850.0,3425,225,雅诗兰黛,2911250.0,0.06569343065693431,500-1000元,0,精华,920.0243902439024,奢侈品牌
2025-11-10,A525713364164,【11-11预售】雅诗兰黛护肤套装小棕瓶精华+多效智妍面霜修护滋养,1680.0,1618,39,雅诗兰黛,2718240.0,0.024103831891223733,1000元以上,0,面霜,920.0243902439024,奢侈品牌
2025-11-10,A525726330192,【11-11预售】雅诗兰黛护肤套装 小棕瓶50ml+原生液150ml补水保湿,1610.0,937,1,雅诗兰黛,1508570.0,0.0010672358591248667,1000元以上,0,其他,920.0243902439024,奢侈品牌
2025-11-10,A525927691885,【11-11预售】雅诗兰黛小棕蜜精华油 肌透修护精萃蜜套装 补水,680.0,331,58,雅诗兰黛,225080.0,0.17522658610271905,500-1000元,0,精华,920.0243902439024,奢侈品牌
2025-11-10,A525982360985,【11-11预售】雅诗兰黛 红石榴面霜套装 提亮肤色 滋养补水保湿,590.0,1816,20,雅诗兰黛,1071440.0,0.011013215859030838,500-1000元,0,面霜,920.0243902439024,奢侈品牌
2025-11-10,A527382126055,【11-11抢先预售】雅诗兰黛红石榴亮肤三步曲 洁面+水+面霜套装,1290.0,1453,2,雅诗兰黛,1874370.0,0.0013764624913971094,1000元以上,0,面霜,920.0243902439024,奢侈品牌
2025-11-10,A528010743601,【测试链接 拍下不发货】雅诗兰黛套装 红石榴鲜活亮采面霜  A,590.0,203,1,雅诗兰黛,119770.0,0.0049261083743842365,500-1000元,0,面霜,920.0243902439024,奢侈品牌
2025-11-10,A529291811895,雅诗兰黛 炫黑造型双头眼线液笔 防水不晕染眼线笔,300.0,199,69,雅诗兰黛,59700.0,0.34673366834170855,200-500元,0,其他,920.0243902439024,奢侈品牌
2025-11-10,A531139713543,【超级粉丝卡】雅诗兰黛小棕瓶精华露7ml 补水保湿修护,110.0,814,315,雅诗兰黛,89540.0,0.386977886977887,100-200元,0,精华,920.0243902439024,奢侈品牌
2025-11-10,A531443439633,【11-11预售】雅诗兰黛红石榴亮肤三步曲 洁面+水+面霜套装 保湿,1290.0,2966,271,雅诗兰黛,3826140.0,0.0913688469318948,1000元以上,0,面霜,920.0243902439024,奢侈品牌
2025-11-10,A538157684772,【新品上市】雅诗兰黛  真我光采明眸持妆饰底乳15ml,380.0,31,19,雅诗兰黛,11780.0,0.6129032258064516,200-500元,0,其他,920.0243902439024,奢侈品牌
2025-11-10,A539114881019,【11-11预售】雅诗兰黛 小棕瓶密集修护肌透面膜贴套装 刘雯同款,680.0,253,0,雅诗兰黛,172040.0,0.0,500-1000元,0,面膜,920.0243902439024,奢侈品牌
2025-11-10,A539794795152,【11-11预售】雅诗兰黛套装  多效智妍精华霜+智妍眼霜 深层滋养,1470.0,421,0,雅诗兰黛,618870.0,0.0,1000元以上,0,精华,920.0243902439024,奢侈品牌
2025-11-10,A539795917381,【11-11预售】雅诗兰黛多效智妍套装 面霜+眼霜 深层滋润补水保湿,1380.0,531,1,雅诗兰黛,732780.0,0.0018832391713747645,1000元以上,0,面霜,920.0243902439024,奢侈品牌
2025-11-10,A539796441122,【11-11预售新品】雅诗兰黛多效智妍精华霜75ml套装 深层滋养面霜,920.0,675,0,雅诗兰黛,621000.0,0.0,500-1000元,0,面霜,920.0243902439024,奢侈品牌
2025-11-10,A539901564305,【11-11抢先预售】雅诗兰黛红石榴面霜50ml套装 深层滋养提亮肤色,590.0,450,2,雅诗兰黛,265500.0,0.0044444444444444444,500-1000元,0,面霜,920.0243902439024,奢侈品牌
2025-11-10,A539914603028,【11-11抢先预售】雅诗兰黛小棕瓶精华+多效智妍面霜套装修护滋养,1680.0,880,2,雅诗兰黛,1478400.0,0.0022727272727272726,1000元以上,0,面霜,920.0243902439024,奢侈品牌
2025-11-10,A539915052812,【11-11抢先预售】雅诗兰黛小棕瓶精华+原生液+眼霜面部护理套装,2100.0,382,2,雅诗兰黛,802200.0,0.005235602094240838,1000元以上,0,精华,920.0243902439024,奢侈品牌
2025-11-10,A539916267005,【11-11抢先预售】雅诗兰黛彩妆套装 沁水粉底液30ml补水保湿遮瑕,520.0,807,2,雅诗兰黛,419640.0,0.0024783147459727386,500-1000元,0,粉底,920.0243902439024,奢侈品牌
2025-11-10,A539916847574,【11-11抢先预售】雅诗兰黛修护套装 小棕瓶精华+洁面乳+小棕蜜,1580.0,158,2,雅诗兰黛,249640.0,0.012658227848101266,1000元以上,0,精华,920.0243902439024,奢侈品牌
2025-11-10,A540750320872,【11-11单品搭配】雅诗兰黛套装 小棕瓶+红石榴滋润水+面霜+晚霜,2220.0,1,0,雅诗兰黛,2220.0,0.0,1000元以上,0,面霜,920.0243902439024,奢侈品牌
2025-11-10,A540763583734,【11-11单品搭配】雅诗兰黛套装 小棕瓶洁面+原生液+精华+眼霜,2150.0,0,0,雅诗兰黛,0.0,0.0,1000元以上,0,精华,920.0243902439024,奢侈品牌
2025-11-09,A38604107219,雅诗兰黛红石榴面膜 鲜亮焕采双效精华面膜80ml 补水保湿提亮肤色,650.0,1988,81,雅诗兰黛,1292200.0,0.04074446680080483,500-1000元,0,面膜,920.0243902439024,奢侈品牌
2025-11-09,A39020223383,雅诗兰黛香水正品 欢沁淡香薰30ml/50ml  女士 持久淡香,640.0,670,65,雅诗兰黛,428800.0,0.09701492537313433,500-1000元,0,其他,920.0243902439024,奢侈品牌
2025-11-09,A523367323796,【11-11抢先预售】雅诗兰黛红石榴能量水+面霜+晚霜 排浊润养套装,1630.0,2780,2,雅诗兰黛,4531400.0,0.0007194244604316547,1000元以上,0,面霜,920.0243902439024,奢侈品牌
2025-11-09,A528060415997,雅诗兰黛眼霜 多效智妍蕴养眼霜15ml 提拉紧致 深透润泽 补水保湿,550.0,10,0,雅诗兰黛,5500.0,0.0,500-1000元,0,眼霜,920.0243902439024,奢侈品牌
2025-11-09,A534685402544,【新品首发】雅诗兰黛微精华喷雾75ml 保湿补水喷雾 爽肤水化妆水,580.0,23,9,雅诗兰黛,13340.0,0.391304347826087,500-1000元,0,精华,920.0243902439024,奢侈品牌
2025-11-09,A539385216175,【仅限11-11】雅诗兰黛  真我光采轻透润唇蜜,200.0,3,2,雅诗兰黛,600.0,0.6666666666666666,100-200元,0,其他,920.0243902439024,奢侈品牌
2025-11-08,A38566285278,雅诗兰黛面霜 青春抗皱滋润霜50ml（中性/混合性肌肤）滋润淡细纹,780.0,1066,30,雅诗兰黛,831480.0,0.028142589118198873,500-1000元,0,面霜,920.0243902439024,奢侈品牌
2025-11-08,A539046343044,雅诗兰黛多效智妍精华霜75ml+智妍眼霜15ml淡化细纹,1470.0,58,21,雅诗兰黛,85260.0,0.3620689655172414,1000元以上,0,精华,920.0243902439024,奢侈品牌
2025-11-08,A539732960861,【11-11套装】雅诗兰黛鲜活焕采红石榴洁面+水+面霜+晚霜+唇膏,2160.0,0,0,雅诗兰黛,0.0,0.0,1000元以上,0,面霜,920.0243902439024,奢侈品牌
2025-11-07,A38545922685,雅诗兰黛洗面奶 净莹润泽洁面霜150ml 深层清洁 软化角质,310.0,706,26,雅诗兰黛,218860.0,0.036827195467422094,200-500元,0,面霜,920.0243902439024,奢侈品牌
2025-11-07,A522637387860,雅诗兰黛多效智妍入门套装 小棕瓶+原生液+多效智妍面霜 滋润,365.0,2754,271,雅诗兰黛,1005210.0,0.09840232389251997,200-500元,0,面霜,920.0243902439024,奢侈品牌
2025-11-07,A525982424584,【11-11单品】雅诗兰黛护肤套装 小棕瓶精华+小棕蜜精萃蜜,1270.0,230,44,雅诗兰黛,292100.0,0.19130434782608696,1000元以上,0,精华,920.0243902439024,奢侈品牌
2025-11-07,A533036509545,雅诗兰黛BB霜 晶透沁白双效修颜霜30ml 防护隔离,520.0,42,24,雅诗兰黛,21840.0,0.5714285714285714,500-1000元,0,隔离霜,920.0243902439024,奢侈品牌
2025-11-07,A539047031691,【新品上市】雅诗兰黛  红石榴洁面乳60ml+果萃水（滋润）100ml,340.0,191,72,雅诗兰黛,64940.0,0.3769633507853403,200-500元,0,洁面,920.0243902439024,奢侈品牌
2025-11-05,A38632144018,雅诗兰黛唇膏 花漾唇膏莹炫系列3.8g 多色口红 亮泽持久,260.0,1788,13,雅诗兰黛,464880.0,0.00727069351230425,200-500元,0,口红,920.0243902439024,奢侈品牌
2025-11-14,A526144271414,雪花秀润珏肌本赋活精华露50ml 精华液 补水保湿 紧致弹力 精华,880.0,108,30,雪花秀,95040.0,0.2777777777777778,500-1000元,0,精华,928.6376811594203,奢侈品牌
2025-11-14,A526144987893,雪花秀滋晶雪肤美白修护眼霜15ml 补水保湿 淡化眼袋  修护眼霜,510.0,64,11,雪花秀,32640.0,0.171875,500-1000元,0,眼霜,928.6376811594203,奢侈品牌
2025-11-14,A526147795720,雪花秀臻秀修护活颜水125ml 保湿水补水保湿柔肤水  紧致爽肤水,700.0,82,23,雪花秀,57400.0,0.2804878048780488,500-1000元,0,爽肤水,928.6376811594203,奢侈品牌
2025-11-14,A526147995767,雪花秀臻秀修护眼霜25ml 眼部精华霜  淡细纹改善黑眼圈紧致,1780.0,25,9,雪花秀,44500.0,0.36,1000元以上,0,精华,928.6376811594203,奢侈品牌
2025-11-14,A526148415182,雪花秀顺行柔和洁颜油200ml 卸妆油正品脸部眼唇 温和卸妆 不油腻,320.0,502,129,雪花秀,160640.0,0.25697211155378485,200-500元,0,卸妆,928.6376811594203,奢侈品牌
2025-11-14,A526148471579,雪花秀玉璨净爽面膜150ml玉容撕拉面膜,280.0,22787,3582,雪花秀,6380360.0,0.15719489182428578,200-500元,1,面膜,928.6376811594203,奢侈品牌
2025-11-14,A526149707606,雪花秀清润舒缓面膜80ml 睡眠面膜深层补水保湿夜间修护收缩毛孔,280.0,809,204,雪花秀,226520.0,0.2521631644004944,200-500元,0,面膜,928.6376811594203,奢侈品牌
2025-11-14,A526179402881,雪花秀润致焕活肌底精华露90ml 润燥精华 保湿补水  润泽滋养,780.0,24988,848,雪花秀,19490640.0,0.03393628941892108,500-1000元,1,精华,928.6376811594203,奢侈品牌
2025-11-14,A526184126558,雪花秀臻秀修护活颜霜60ml 紧致补水保湿淡化细纹 护肤面霜 滋润,2880.0,16,3,雪花秀,46080.0,0.1875,1000元以上,0,面霜,928.6376811594203,奢侈品牌
2025-11-14,A526184382952,雪花秀与润修复睡眠面膜120ml 韩国夜间面膜,380.0,15095,2096,雪花秀,5736100.0,0.1388539251407751,200-500元,1,面膜,928.6376811594203,奢侈品牌
2025-11-14,A526184674105,雪花秀宫中蜜皂100g*2 天然植物手工皂洁面皂 控油温和 保湿滋润,360.0,3080,720,雪花秀,1108800.0,0.23376623376623376,200-500元,0,洁面,928.6376811594203,奢侈品牌
2025-11-14,A526185671656,雪花秀妍闪身体菁华露250ml 深层滋润身体乳补水,370.0,139,37,雪花秀,51430.0,0.26618705035971224,200-500元,0,其他,928.6376811594203,奢侈品牌
2025-11-14,A526185971322,雪花秀采淡致美修瑕膏11g 遮瑕膏 遮盖痘痘黑眼圈 含替换粉扑,380.0,79,15,雪花秀,30020.0,0.189873417721519,200-500元,0,其他,928.6376811594203,奢侈品牌
2025-11-14,A526186765990,雪花秀滋盈肌本平衡水125ml 补水保湿  爽肤水,400.0,1467,320,雪花秀,586800.0,0.21813224267211997,200-500元,0,爽肤水,928.6376811594203,奢侈品牌
2025-11-14,A526193197973,雪花秀采淡柔滑粉底液30ml 补水保湿防晒遮瑕打底 提亮肤色 滋润,360.0,336,105,雪花秀,120960.0,0.3125,200-500元,0,防晒,928.6376811594203,奢侈品牌
2025-11-14,A526200388397,雪花秀闪理肌本青春眼霜25ml 淡化细纹改善黑眼圈,780.0,562,135,雪花秀,438360.0,0.2402135231316726,500-1000元,0,眼霜,928.6376811594203,奢侈品牌
2025-11-14,A526200948626,雪花秀滋晶雪肤美白精华露50ml 提亮肤色 保湿补水面部精华露,1340.0,166,25,雪花秀,222440.0,0.15060240963855423,1000元以上,0,精华,928.6376811594203,奢侈品牌
2025-11-14,A526203616162,雪花秀滋晶焕颜白参磨砂ㄠ80ml 面部去角质,380.0,171,44,雪花秀,64980.0,0.2573099415204678,200-500元,0,其他,928.6376811594203,奢侈品牌
2025-11-14,A526204008305,雪花秀臻秀修护活颜精华露50ml 补水紧致 淡化细纹 补水精华液,2180.0,13,5,雪花秀,28340.0,0.38461538461538464,1000元以上,0,精华,928.6376811594203,奢侈品牌
2025-11-14,A526204364258,雪花秀顺行柔和洁面泡沫200ml 洗面奶洁面,320.0,2855,663,雪花秀,913600.0,0.23222416812609456,200-500元,0,洁面,928.6376811594203,奢侈品牌
2025-11-14,A526205568630,雪花秀睿率按摩乳霜180ml 补水面部按摩霜面膜保湿,490.0,46,7,雪花秀,22540.0,0.15217391304347827,200-500元,0,面膜,928.6376811594203,奢侈品牌
2025-11-14,A526206320797,雪花秀采淡柔滑粉饼10g 干粉粉饼防晒定妆遮瑕保湿水润韩国彩妆,400.0,580,158,雪花秀,232000.0,0.27241379310344827,200-500元,0,防晒,928.6376811594203,奢侈品牌
2025-11-14,A526215795118,雪花秀滋晶美白精华修容霜30ml 保湿美白遮瑕防晒隔离 提亮肤色,400.0,174,42,雪花秀,69600.0,0.2413793103448276,200-500元,0,精华,928.6376811594203,奢侈品牌
2025-11-14,A526229229199,雪花秀美颜修容亮润露80ml 保湿补水提亮肤色  淡化细纹  滋润,600.0,123,33,雪花秀,73800.0,0.2682926829268293,500-1000元,0,其他,928.6376811594203,奢侈品牌
2025-11-14,A526251385848,雪花秀明掉草本精华液7ml*5提拉紧致 保湿补水 易吸收 清爽不黏腻,1180.0,17,3,雪花秀,20060.0,0.17647058823529413,1000元以上,0,精华,928.6376811594203,奢侈品牌
2025-11-14,A526251498718,雪花秀肌本护唇膏15g  润唇膏补水保湿滋润,230.0,190,40,雪花秀,43700.0,0.21052631578947367,200-500元,0,其他,928.6376811594203,奢侈品牌
2025-11-14,A527075782868,雪花秀滋晶雪肤美白护肤礼盒套装,2230.0,43,4,雪花秀,95890.0,0.09302325581395349,1000元以上,0,其他,928.6376811594203,奢侈品牌
2025-11-14,A527085193838,雪花秀明星致选礼盒套装 韩国奢华护肤品化妆品 精华套装 保湿,2180.0,147,21,雪花秀,320460.0,0.14285714285714285,1000元以上,0,精华,928.6376811594203,奢侈品牌
2025-11-14,A527439880238,雪花秀丝斓多效粉饼 遮瑕粉饼腮红 修容 保湿服帖 限量特供礼盒,980.0,43,9,雪花秀,42140.0,0.20930232558139536,500-1000元,0,其他,928.6376811594203,奢侈品牌
2025-11-14,A529111939476,雪花秀滋晶雪肤美白面膜5P装 补水保湿淡斑亮肤,460.0,309,65,雪花秀,142140.0,0.21035598705501618,200-500元,0,面膜,928.6376811594203,奢侈品牌
2025-11-14,A535000632520,雪花秀滋盈生真本油 补水保湿精华 新品 改善细纹 提升肌肤弹力,780.0,15,7,雪花秀,11700.0,0.4666666666666667,500-1000元,0,精华,928.6376811594203,奢侈品牌
2025-11-14,A535274499499,雪花秀滋晶雪肤美白防护乳霜40ml 防紫外线隔离防晒霜舒缓肌肤,510.0,32,11,雪花秀,16320.0,0.34375,500-1000元,0,防晒,928.6376811594203,奢侈品牌
2025-11-14,A539829935096,雪花秀人参焕颜修护套装 补水保湿,688.0,793,0,雪花秀,545584.0,0.0,500-1000元,0,其他,928.6376811594203,奢侈品牌
2025-11-13,A526144375123,雪花秀滋盈肌本平衡乳125ml 乳液补水保湿滋润去黄,440.0,873,170,雪花秀,384120.0,0.19473081328751432,200-500元,0,乳液,928.6376811594203,奢侈品牌
2025-11-13,A526147471966,雪花秀滋盈生人参紧致修护眼霜25ml提拉紧致 淡化细纹,1200.0,194,55,雪花秀,232800.0,0.28350515463917525,1000元以上,0,眼霜,928.6376811594203,奢侈品牌
2025-11-13,A526147543716,雪花秀滋如珍人参凝时精华露35ml  保湿补水精华液  提亮肤色,950.0,58,14,雪花秀,55100.0,0.2413793103448276,500-1000元,0,精华,928.6376811594203,奢侈品牌
2025-11-13,A527100585857,雪花秀采淡致美气垫粉底液套装 韩国bb霜裸妆遮瑕,400.0,1987,52,雪花秀,794800.0,0.026170105686965275,200-500元,0,粉底,928.6376811594203,奢侈品牌
2025-11-13,A527276814976,雪花秀与润夜间修复面膜120ml 韩国睡眠面膜补水保,380.0,3268,234,雪花秀,1241840.0,0.07160342717258263,200-500元,0,面膜,928.6376811594203,奢侈品牌
2025-11-13,A531797727174,雪花秀致美润白气垫粉底液气垫bb霜木莲花 保湿,450.0,451,53,雪花秀,202950.0,0.11751662971175167,200-500元,0,粉底,928.6376811594203,奢侈品牌
2025-11-13,A538706401085,雪花秀滋盈生人参焕颜修护霜60ml 镇牌人参霜保湿,1680.0,26,4,雪花秀,43680.0,0.15384615384615385,1000元以上,0,其他,928.6376811594203,奢侈品牌
2025-11-13,A540670465581,雪花秀与润夜间修复面膜套装120ml*2睡眠面膜日常拍无赠,760.0,513,0,雪花秀,389880.0,0.0,500-1000元,0,面膜,928.6376811594203,奢侈品牌
2025-11-13,A540674866841,雪花秀玉璨净爽面膜套装150ml*2  保湿补水,560.0,556,0,雪花秀,311360.0,0.0,500-1000元,0,面膜,928.6376811594203,奢侈品牌
2025-11-12,A526264096292,雪花秀滋晶雪肤美白乳125ml 补水保湿乳液淡化细纹 官方直售 滋润,470.0,229,59,雪花秀,107630.0,0.2576419213973799,200-500元,0,乳液,928.6376811594203,奢侈品牌
2025-11-12,A527067530404,雪花秀滋盈肌本护肤礼盒套装 水乳化妆品,840.0,10924,1944,雪花秀,9176160.0,0.1779567923837422,500-1000元,1,其他,928.6376811594203,奢侈品牌
2025-11-12,A527076018828,雪花秀臻秀典藏护肤礼盒 面部套装 日常拍无赠品,5060.0,24,5,雪花秀,121440.0,0.20833333333333334,1000元以上,0,其他,928.6376811594203,奢侈品牌
2025-11-11,A526181074382,雪花秀滋晶雪肤美白淡斑精华露35ml 亮肤保湿祛斑 补水滋润精华,1100.0,114,22,雪花秀,125400.0,0.19298245614035087,1000元以上,0,精华,928.6376811594203,奢侈品牌
2025-11-11,A526192829480,雪花秀妍闪护手霜100ml 补水保湿滋润防裂女士男士,230.0,80,18,雪花秀,18400.0,0.225,200-500元,0,其他,928.6376811594203,奢侈品牌
2025-11-11,A526201160137,雪花秀滋晶雪肤美白水125ml 补水保湿调理水 滋润美白爽肤水,440.0,235,61,雪花秀,103400.0,0.25957446808510637,200-500元,0,爽肤水,928.6376811594203,奢侈品牌
2025-11-11,A526203008779,雪花秀滋晶雪肤美白霜50ml 补水保湿 女 日霜晚霜 滋润护肤面霜,900.0,63,20,雪花秀,56700.0,0.31746031746031744,500-1000元,0,面霜,928.6376811594203,奢侈品牌
2025-11-11,A526980489577,雪花秀采淡柔滑底霜30ml 隔离霜防晒裸妆,360.0,778,193,雪花秀,280080.0,0.2480719794344473,200-500元,0,防晒,928.6376811594203,奢侈品牌
2025-11-11,A527075962648,雪花秀明星致爱护肤礼盒 韩国奢华护肤化妆品套装 改善肤质 保湿,2530.0,89,25,雪花秀,225170.0,0.2808988764044944,1000元以上,0,其他,928.6376811594203,奢侈品牌
2025-11-11,A527300564608,雪花秀玉璨净爽面膜150ml   提亮肤色 撕拉面膜,280.0,1173,0,雪花秀,328440.0,0.0,200-500元,0,面膜,928.6376811594203,奢侈品牌
2025-11-11,A529162486271,【双11聚】雪花秀润致焕活肌底精华露90ml 润燥精华,780.0,5361,248,雪花秀,4181580.0,0.046260026114530874,500-1000元,0,精华,928.6376811594203,奢侈品牌
2025-11-11,A532920180385,雪花秀丽珉多效焕颜面膜10片 弹力紧致 补水保湿 改善肤质面贴膜,580.0,183,40,雪花秀,106140.0,0.2185792349726776,500-1000元,0,面膜,928.6376811594203,奢侈品牌
2025-11-10,A526144391450,雪花秀弹力肌本紧然修颜霜75ml 滋润面霜补水保湿 提拉紧致,680.0,327,90,雪花秀,222360.0,0.27522935779816515,500-1000元,0,面霜,928.6376811594203,奢侈品牌
2025-11-10,A526183570333,雪花秀滋晶洁面乳150ml 泡沫洗面奶 男女 深层清洁 保湿洗面奶,320.0,254,59,雪花秀,81280.0,0.23228346456692914,200-500元,0,洁面,928.6376811594203,奢侈品牌
2025-11-10,A526184511882,雪花秀男士精养防晒霜50ml面部护理 户外隔离防紫外线 清爽不油腻,290.0,131,39,雪花秀,37990.0,0.29770992366412213,200-500元,0,防晒,928.6376811594203,奢侈品牌
2025-11-10,A526190465996,【11聚】雪花秀滋盈生人参凝萃焕颜修护霜60ml 日常拍无赠品,1580.0,329,76,雪花秀,519820.0,0.23100303951367782,1000元以上,0,其他,928.6376811594203,奢侈品牌
2025-11-10,A526190973559,雪花秀臻秀修护活颜乳125ml 保湿补水滋润护肤乳,760.0,73,22,雪花秀,55480.0,0.3013698630136986,500-1000元,0,其他,928.6376811594203,奢侈品牌
2025-11-10,A526220498992,【11-11预售】雪花秀男士精养紧肤乳90ml 乳液擦脸油 补水,320.0,300,82,雪花秀,96000.0,0.2733333333333333,200-500元,0,乳液,928.6376811594203,奢侈品牌
2025-11-10,A526251686705,【11-11预售买1赠3】雪花秀采淡致美气垫粉底韩国bb霜遮瑕替换芯,400.0,14846,2250,雪花秀,5938400.0,0.15155597467331267,200-500元,1,粉底,928.6376811594203,奢侈品牌
2025-11-10,A528946282689,【11聚】雪花秀滋晶雪肤限量美白水乳套装礼盒 日常拍无赠品,910.0,561,192,雪花秀,510510.0,0.3422459893048128,500-1000元,0,其他,928.6376811594203,奢侈品牌
2025-11-10,A531549467252,【11-11预售买1赠4】雪花秀致美润白气垫粉底液气垫bb霜木莲花,450.0,2567,539,雪花秀,1155150.0,0.20997273081417997,200-500元,0,粉底,928.6376811594203,奢侈品牌
2025-11-10,A539112566249,【11-11预售】雪花秀滋盈生人参护肤礼盒 补水保湿,688.0,1445,0,雪花秀,994160.0,0.0,500-1000元,0,其他,928.6376811594203,奢侈品牌
2025-11-10,A539348727197,【11-11预售买1赠6】雪花秀滋盈肌本护肤礼盒水乳化妆品护肤套装,840.0,6907,2,雪花秀,5801880.0,0.0002895613146083683,500-1000元,0,其他,928.6376811594203,奢侈品牌
2025-11-10,A540676604237,【11-11预售】雪花秀滋晶雪肤限量美白套装礼盒 水乳保湿,910.0,323,0,雪花秀,293930.0,0.0,500-1000元,0,其他,928.6376811594203,奢侈品牌
2025-11-10,A540677164044,【11-11预售】雪花秀滋晶雪肤美白护肤礼盒套装,2230.0,14,0,雪花秀,31220.0,0.0,1000元以上,0,其他,928.6376811594203,奢侈品牌
2025-11-10,A540876275806,【11聚】雪花秀弹力肌本面霜闪理眼霜组合套装   日常拍无赠品,1460.0,0,0,雪花秀,0.0,0.0,1000元以上,0,面霜,928.6376811594203,奢侈品牌
2025-11-06,A540681497970,【11-11预售】雪花秀臻秀典藏护肤礼盒 韩国高端面部护肤套装,5060.0,19,0,雪花秀,96140.0,0.0,1000元以上,0,其他,928.6376811594203,奢侈品牌
2025-11-14,A2251521828,相宜本草四倍多萃润泽精华保湿霜滋润面霜女补水,79.0,139746,1397,相宜本草,11039934.0,0.009996708313654774,50-100元,1,面霜,115.86281437125749,中端品牌
2025-11-14,A2251610120,正品相宜本草四倍多萃润泽洁面膏深层清洁滋润补水保湿,29.0,225376,3868,相宜本草,6535904.0,0.017162430782337073,0-50元,1,洁面,115.86281437125749,中端品牌
2025-11-14,A2251615486,相宜本草红石榴亮白嫩肤水女紧致补水保湿精华爽肤水女秋冬护肤品,108.0,132718,3124,相宜本草,14333544.0,0.023538630781054566,100-200元,1,精华,115.86281437125749,中端品牌
2025-11-14,A2252191048,相宜本草红石榴鲜活透亮面贴膜7片补水保湿女化妆品滋润,79.0,96729,2428,相宜本草,7641591.0,0.0251010555262641,50-100元,1,其他,115.86281437125749,中端品牌
2025-11-14,A2253094636,相宜本草去死皮膏洁净面部全身温和去角质补水化妆,35.0,592269,23894,相宜本草,20729415.0,0.040343154884013854,0-50元,1,其他,115.86281437125749,中端品牌
2025-11-14,A2253281880,相宜本草橄榄油护手霜滋润保湿补水秋冬护理女80g*2支,22.8,279548,5097,相宜本草,6373694.4,0.01823300470759941,0-50元,1,其他,115.86281437125749,中端品牌
2025-11-14,A2253282718,相宜本草红石榴鲜活透亮眼凝霜淡化黑眼圈女眼霜,138.0,119297,3705,相宜本草,16462986.0,0.031056941918070027,100-200元,1,眼霜,115.86281437125749,中端品牌
2025-11-14,A2253286028,专柜正品相宜本草男士劲爽洁面膏清爽控油保湿洗面奶滋润补水,25.8,48244,2679,相宜本草,1244695.2,0.055530221374678716,0-50元,1,洁面,115.86281437125749,中端品牌
2025-11-14,A2253305238,专柜正品相宜本草金缕梅控油细肤乳液补水保湿女化妆品面部护肤品,69.0,57016,516,相宜本草,3934104.0,0.009050091202469482,50-100元,1,乳液,115.86281437125749,中端品牌
2025-11-14,A2253507922,相宜本草八倍凝水霜补水保湿女滋润亮肤八杯水护肤品面霜正品,39.0,315567,3935,相宜本草,12307113.0,0.01246961817934068,0-50元,1,面霜,115.86281437125749,中端品牌
2025-11-14,A2253833774,相宜本草清透防晒露SPF30清爽保湿女防晒霜补水护,42.0,299091,6989,相宜本草,12561822.0,0.02336747010107292,0-50元,1,防晒,115.86281437125749,中端品牌
2025-11-14,A2253978004,相宜本草红石榴鲜活亮白乳液女补水保湿精华乳液秋冬护肤品,118.0,52090,996,相宜本草,6146620.0,0.01912075254367441,100-200元,1,精华,115.86281437125749,中端品牌
2025-11-14,A2254058576,专柜正品相宜本草男士乳液保湿补水秋季清爽控油护肤品滋润化妆品,32.29,127319,9094,相宜本草,4111130.51,0.07142688836701513,0-50元,1,乳液,115.86281437125749,中端品牌
2025-11-14,A2254066344,相宜本草红景天莹透幼白面霜补水保湿霜女滋润,109.0,72132,1436,相宜本草,7862388.0,0.019907946542449952,100-200元,1,面霜,115.86281437125749,中端品牌
2025-11-14,A2486508176,【包邮】相宜本草金缕梅控油清爽补水温和保湿洁面乳洗面奶,35.0,156165,6350,相宜本草,5465775.0,0.0406621201933852,0-50元,1,洁面,115.86281437125749,中端品牌
2025-11-14,A2519405448,相宜本草金缕梅控油爽肤水控油清凉补水保湿女精华乳,69.0,132094,1811,相宜本草,9114486.0,0.01370993383499629,50-100元,1,精华,115.86281437125749,中端品牌
2025-11-14,A3096780174,相宜本草红景天幼白面膜免洗睡眠面膜补水保湿,89.0,214912,4928,相宜本草,19127168.0,0.022930315664085765,50-100元,1,面膜,115.86281437125749,中端品牌
2025-11-14,A6362027578,相宜本草男士劲爽洁面乳液套装清洁控油清爽护肤乳,60.0,114326,2848,相宜本草,6859560.0,0.02491121879537463,50-100元,1,洁面,115.86281437125749,中端品牌
2025-11-14,A7096325902,专柜正品相宜本草红景天幼亮洁面膏洗面奶女保湿补水滋润护肤,45.0,99352,3830,相宜本草,4470840.0,0.0385498027216362,0-50元,1,洁面,115.86281437125749,中端品牌
2025-11-14,A9709829810,相宜本草红景天焕亮修颜乳bb霜滋润遮瑕隔离,99.0,165609,4558,相宜本草,16395291.0,0.027522658792698464,50-100元,1,隔离霜,115.86281437125749,中端品牌
2025-11-14,A10027317366,相宜本草红景天护肤套装美白补水保湿女化妆品,188.0,209387,9743,相宜本草,39364756.0,0.046531064488244255,100-200元,1,其他,115.86281437125749,中端品牌
2025-11-14,A12229695732,相宜本草芯净自然净颜泡洁面乳补水保湿洗面奶女滋润,69.0,24768,1470,相宜本草,1708992.0,0.05935077519379845,50-100元,1,洁面,115.86281437125749,中端品牌
2025-11-14,A12620554096,相宜本草四倍多萃4件套装补水保湿女护肤品秋冬,118.0,285109,6793,相宜本草,33642862.0,0.02382597532873392,100-200元,1,其他,115.86281437125749,中端品牌
2025-11-14,A13047655105,相宜本草 橄榄油润手霜80g3只装+橄榄油身体乳200g,64.0,19099,34,相宜本草,1222336.0,0.001780197916121263,50-100元,1,其他,115.86281437125749,中端品牌
2025-11-14,A13421025693,相宜本草四倍多萃护肤3件套装爽肤乳补水保湿,118.0,19155,1238,相宜本草,2260290.0,0.06463064474027669,100-200元,1,其他,115.86281437125749,中端品牌
2025-11-14,A13924095102,【真5折狂欢购】相宜本草红石榴鲜活透亮洁颜乳洗面奶女补水保湿,58.0,76206,2571,相宜本草,4419948.0,0.033737500984174475,50-100元,1,其他,115.86281437125749,中端品牌
2025-11-14,A13956982789,相宜本草红石榴护肤化妆品套装女美白补水乳保湿,218.0,444271,9355,相宜本草,96851078.0,0.02105696748155968,200-500元,1,其他,115.86281437125749,中端品牌
2025-11-14,A14454708036,相宜本草红石榴鲜活亮白面霜女补水保湿精华霜,128.0,80774,2241,相宜本草,10339072.0,0.027744076064080025,100-200元,1,面霜,115.86281437125749,中端品牌
2025-11-14,A15182329900,相宜本草芯净自然护肤套装清爽补水保湿女洗面奶保湿水乳液礼盒,138.0,87295,8033,相宜本草,12046710.0,0.09202130706226015,100-200元,1,乳液,115.86281437125749,中端品牌
2025-11-14,A15648674791,相宜本草百合保湿4件套装护肤品女热卖补水修护,188.0,125846,1982,相宜本草,23659048.0,0.015749408006611256,100-200元,1,其他,115.86281437125749,中端品牌
2025-11-14,A16720891481,专柜正品相宜本草百合高保湿洁面乳洗面奶女温和清洁补水滋润,45.0,58374,1538,相宜本草,2626830.0,0.02634734642135197,0-50元,1,洁面,115.86281437125749,中端品牌
2025-11-14,A17522994816,专柜正品相宜本草黑茶男士洗面奶洁面膏 清洁补水保湿清爽护肤品,39.0,17936,786,相宜本草,699504.0,0.043822479928635145,0-50元,1,洁面,115.86281437125749,中端品牌
2025-11-14,A17556022707,专柜正品相宜本草黑茶男士清爽控油深层洁面泥膏洗面奶护肤品,35.0,42225,1478,相宜本草,1477875.0,0.035002960331557136,0-50元,1,洁面,115.86281437125749,中端品牌
2025-11-14,A18346600085,相宜本草芯净自然保湿乳 清爽补水乳液女控油化妆品,79.0,21741,583,相宜本草,1717539.0,0.02681569385032887,50-100元,1,乳液,115.86281437125749,中端品牌
2025-11-14,A19191568229,专柜正品相宜本草百合高保湿润养水清爽补水保湿锁水护肤品女,89.0,53421,996,相宜本草,4754469.0,0.018644353344190488,50-100元,1,其他,115.86281437125749,中端品牌
2025-11-14,A20438280981,相宜本草去死皮膏套装温和洁面去角质3支装保湿,105.0,32642,4351,相宜本草,3427410.0,0.13329452852153667,100-200元,1,洁面,115.86281437125749,中端品牌
2025-11-14,A20446335583,相宜本草水润亮白隔离乳霜50g防晒霜修颜保湿遮瑕女全身,68.0,21550,1954,相宜本草,1465400.0,0.09067285382830627,50-100元,1,防晒,115.86281437125749,中端品牌
2025-11-14,A22027747948,专柜正品相宜本草百合高保湿水凝霜补水保湿修护秋冬护肤面霜女,75.0,20670,815,相宜本草,1550250.0,0.03942912433478471,50-100元,1,面霜,115.86281437125749,中端品牌
2025-11-14,A23213756586,正品相宜本草黑茶男士泥面膜控油祛黑头保湿补水秋冬护肤品,85.0,40158,1597,相宜本草,3413430.0,0.039767916728920764,50-100元,1,面膜,115.86281437125749,中端品牌
2025-11-14,A24087564999,相宜本草四倍蚕丝面膜7片补水保湿面贴膜,79.0,4214,17,相宜本草,332906.0,0.004034171808258187,50-100元,0,面膜,115.86281437125749,中端品牌
2025-11-14,A35521032908,相宜本草百合高保湿修护面霜补水保湿女精华霜,109.0,24839,805,相宜本草,2707451.0,0.0324087121059624,100-200元,1,面霜,115.86281437125749,中端品牌
2025-11-14,A35736583445,相宜本草百合高保湿护肤套装洗面奶乳液补水保湿女化妆,233.0,14128,764,相宜本草,3291824.0,0.05407701019252548,200-500元,1,乳液,115.86281437125749,中端品牌
2025-11-14,A36450020491,相宜本草四倍多萃润泽柔肤水补水保湿女滋润护肤品,59.0,80724,3642,相宜本草,4762716.0,0.045116693920023786,50-100元,1,其他,115.86281437125749,中端品牌
2025-11-14,A37346618814,相宜本草四倍多萃润泽眼霜15g补水滋养保湿女,89.0,12958,811,相宜本草,1153262.0,0.06258681895354222,50-100元,1,眼霜,115.86281437125749,中端品牌
2025-11-14,A37354729514,相宜本草四倍多萃润泽乳液保湿补水滋润补水女护肤,69.0,23046,1264,相宜本草,1590174.0,0.054846828082964504,50-100元,1,乳液,115.86281437125749,中端品牌
2025-11-14,A37436662425,相宜本草红景天幼白隔离保湿乳面部防晒霜女补,99.0,114849,5347,相宜本草,11370051.0,0.04655678325453422,50-100元,1,防晒,115.86281437125749,中端品牌
2025-11-14,A37831048496,【包邮】正品相宜本草黑茶男士控油清凉洁面乳清爽洗面奶,45.0,52642,5731,相宜本草,2368890.0,0.10886744424603928,0-50元,1,洁面,115.86281437125749,中端品牌
2025-11-14,A38417445244,专柜正品相宜本草黑茶男士控油抗痘洁面乳膏补水保湿,39.0,23018,1999,相宜本草,897702.0,0.08684507776522721,0-50元,1,洁面,115.86281437125749,中端品牌
2025-11-14,A39294746425,相宜本草红景天幼白护肤套装女美白补水滋润洗面奶精华水乳液,233.0,31374,5170,相宜本草,7310142.0,0.16478612864155032,200-500元,1,精华,115.86281437125749,中端品牌
2025-11-14,A39315889999,相宜本草金缕梅控油祛痘套装女补水保湿护肤品礼盒保湿水乳液,168.0,9286,4154,相宜本草,1560048.0,0.4473400818436356,100-200元,0,乳液,115.86281437125749,中端品牌
2025-11-14,A41639931913,专柜正品相宜本草四倍多萃沁润霜滋润补水保湿精华霜女秋冬护肤霜,80.0,9903,637,相宜本草,792240.0,0.06432394223972533,50-100元,0,精华,115.86281437125749,中端品牌
2025-11-14,A41647141924,专柜正品相宜本草芯净自然去角质更新露面部去死皮,79.0,10892,1192,相宜本草,860468.0,0.10943811972089607,50-100元,1,其他,115.86281437125749,中端品牌
2025-11-14,A41715384674,相宜本草百合高保湿修护眼霜紧致细纹黑眼圈保湿女,119.0,19054,1720,相宜本草,2267426.0,0.09026975963052378,100-200元,1,眼霜,115.86281437125749,中端品牌
2025-11-14,A43453058444,相宜本草红景天幼白化妆品4件套装女美白植物保湿,258.0,36196,9553,相宜本草,9338568.0,0.2639241905182893,200-500元,1,其他,115.86281437125749,中端品牌
2025-11-14,A43462886706,相宜本草红石榴化妆品套装补水保湿女提亮秋冬护肤品礼盒,218.0,45173,4662,相宜本草,9847714.0,0.1032032408739734,200-500元,1,其他,115.86281437125749,中端品牌
2025-11-14,A45470827080,鲜鲜水相宜本草山茶花焕活净颜乳温和洗面奶女,98.0,4847,263,相宜本草,475006.0,0.054260367237466474,50-100元,0,其他,115.86281437125749,中端品牌
2025-11-14,A45558340726,相宜本草茶树控油净肤收敛水补水控油面部保湿,109.0,3521,271,相宜本草,383789.0,0.07696677080374893,100-200元,0,其他,115.86281437125749,中端品牌
2025-11-14,A520305131661,相宜本草睡莲滢泽保湿水女补水爽肤护肤品,128.0,4289,333,相宜本草,548992.0,0.07764047563534623,100-200元,0,其他,115.86281437125749,中端品牌
2025-11-14,A520307554770,相宜本草睡莲滢泽保湿乳补水乳液秋季护肤品,148.0,2055,92,相宜本草,304140.0,0.04476885644768856,100-200元,0,乳液,115.86281437125749,中端品牌
2025-11-14,A520382119874,正品花开茉莉水润透亮面膜5片补水保湿面贴膜滋润护肤品女,69.0,1721,192,相宜本草,118749.0,0.1115630447414294,50-100元,0,面膜,115.86281437125749,中端品牌
2025-11-14,A520386352696,专柜正品相宜本草花开丹参花修护面膜5片装 补水保湿面贴膜护肤品,69.0,2408,1054,相宜本草,166152.0,0.4377076411960133,50-100元,0,面膜,115.86281437125749,中端品牌
2025-11-14,A520425060059,相宜本草睡莲保湿精萃油肌肤补水女面部护肤品,88.0,2413,178,相宜本草,212344.0,0.07376709490261085,50-100元,0,其他,115.86281437125749,中端品牌
2025-11-14,A521245728594,相宜本草睡莲洁面乳清爽保湿补水洗面奶化妆品女,68.0,8335,1435,相宜本草,566780.0,0.17216556688662268,50-100元,0,洁面,115.86281437125749,中端品牌
2025-11-14,A522541079975,相宜本草睡莲滢泽保湿面霜女护肤品滋润补水,148.0,2475,324,相宜本草,366300.0,0.13090909090909092,100-200元,0,面霜,115.86281437125749,中端品牌
2025-11-14,A522578990345,相宜本草花开面贴膜补水保湿面膜21片女护肤品,169.0,44336,10523,相宜本草,7492784.0,0.23734662576687116,100-200元,1,面膜,115.86281437125749,中端品牌
2025-11-14,A523195635862,相宜本草睡莲保湿化妆品套装精油女面部补水保湿护肤品保湿水乳液,298.0,13385,2358,相宜本草,3988730.0,0.17616735151288757,200-500元,1,乳液,115.86281437125749,中端品牌
2025-11-14,A523225736031,鲜鲜水相宜本草山茶花焕活化妆品滋润保湿补水,168.0,2673,25,相宜本草,449064.0,0.00935278713056491,100-200元,0,其他,115.86281437125749,中端品牌
2025-11-14,A524078677314,相宜本草红景天幼白护肤套装隔离乳精华水乳女秋冬补水保湿化妆品,287.0,16459,2050,相宜本草,4723733.0,0.12455191688437936,200-500元,1,精华,115.86281437125749,中端品牌
2025-11-14,A524104552256,相宜本草四倍蚕丝面贴膜女补水保湿21片/套,237.0,23437,5248,相宜本草,5554569.0,0.22391944361479713,200-500元,1,其他,115.86281437125749,中端品牌
2025-11-14,A526979160804,相宜本草红景天气垫CC遮瑕隔离女bb霜滋润补水,189.0,8710,1619,相宜本草,1646190.0,0.18587830080367393,100-200元,0,隔离霜,115.86281437125749,中端品牌
2025-11-14,A527344962651,相宜本草红景天小红瓶 焕亮精华液保湿补水,198.0,11264,2605,相宜本草,2230272.0,0.23126775568181818,100-200元,1,精华,115.86281437125749,中端品牌
2025-11-14,A528180566722,正品水感倍护防晒露防晒霜防紫外线身体女保湿补水,69.0,12308,4092,相宜本草,849252.0,0.3324666883327917,50-100元,1,防晒,115.86281437125749,中端品牌
2025-11-14,A528214164460,相宜本草黑茶男士清爽骄阳防晒露护理防晒霜控油保湿,89.0,6010,2007,相宜本草,534890.0,0.3339434276206323,50-100元,0,防晒,115.86281437125749,中端品牌
2025-11-14,A530869992309,相宜本草睡莲保湿3件套装女补水保湿护肤品洗面奶乳液保湿水,279.0,2040,696,相宜本草,569160.0,0.3411764705882353,200-500元,0,乳液,115.86281437125749,中端品牌
2025-11-14,A532646427195,相宜本草金缕梅控油祛痘凝胶补水保湿收毛孔,89.0,2699,415,相宜本草,240211.0,0.15376065209336792,50-100元,0,其他,115.86281437125749,中端品牌
2025-11-14,A533763057295,相宜本草金缕梅清爽控油化妆品3件套装女保湿补水,307.0,2076,767,相宜本草,637332.0,0.3694605009633911,200-500元,0,其他,115.86281437125749,中端品牌
2025-11-14,A536477911839,相宜本草野果王大陆礼盒套装补水保湿滋润护肤品,259.0,1612,321,相宜本草,417508.0,0.19913151364764267,200-500元,0,其他,115.86281437125749,中端品牌
2025-11-14,A536881052520,相宜本草黑茶男士醒肤冰爽露补水保湿清爽肤水,90.0,1233,70,相宜本草,110970.0,0.05677210056772101,50-100元,0,爽肤水,115.86281437125749,中端品牌
2025-11-14,A537490767868,相宜本草野果狠保湿水份乳液润泽滋润补水保湿护肤品女,139.0,218,94,相宜本草,30302.0,0.43119266055045874,100-200元,0,乳液,115.86281437125749,中端品牌
2025-11-14,A537493051770,相宜本草野果狠保湿导入精华补水保湿润泽乳,159.0,583,82,相宜本草,92697.0,0.14065180102915953,100-200元,0,精华,115.86281437125749,中端品牌
2025-11-14,A537493399580,【新品上市】相宜本草野果真清净深层洁面乳洗面奶去角质泡泡清洁,59.0,1155,565,相宜本草,68145.0,0.48917748917748916,50-100元,0,洁面,115.86281437125749,中端品牌
2025-11-14,A537524811945,正品相宜本草芯净自然保湿喷雾女补水滋养清爽保湿水,69.0,507,215,相宜本草,34983.0,0.4240631163708087,50-100元,0,喷雾,115.86281437125749,中端品牌
2025-11-14,A537609181783,【新品上市】相宜本草野果狠保湿晶露水爆爆水补水保湿锁水滋润女,139.0,749,379,相宜本草,104111.0,0.5060080106809078,100-200元,0,其他,115.86281437125749,中端品牌
2025-11-14,A537647976041,相宜本草野果狠保湿润体乳润泽保湿滋润补水女,109.0,1929,366,相宜本草,210261.0,0.18973561430793157,100-200元,0,其他,115.86281437125749,中端品牌
2025-11-14,A538466189350,相宜本草野果王大陆礼盒套装补水保湿滋润护肤品女化妆,259.0,1460,321,相宜本草,378140.0,0.21986301369863015,200-500元,0,其他,115.86281437125749,中端品牌
2025-11-14,A538773258117,相宜本草红景天美白保湿护肤品6件套礼盒秋冬化妆品套装,278.0,7175,5,相宜本草,1994650.0,0.0006968641114982578,200-500元,0,其他,115.86281437125749,中端品牌
2025-11-14,A539919712722,相宜本草金缕梅爽肤水2支装补水保湿护肤品,138.0,1192,1,相宜本草,164496.0,0.0008389261744966443,100-200元,0,爽肤水,115.86281437125749,中端品牌
2025-11-14,A540749662875,相宜本草正品红景天小红瓶 焕亮精华液保湿补水,198.0,1916,7,相宜本草,379368.0,0.0036534446764091857,100-200元,0,精华,115.86281437125749,中端品牌
2025-11-14,A540796858993,相宜本草红石榴鲜活透亮洁颜乳洗面奶保湿女2支装,116.0,2625,1,相宜本草,304500.0,0.00038095238095238096,100-200元,0,其他,115.86281437125749,中端品牌
2025-11-13,A17555722884,相宜本草黑茶男士爽肤水控油补水保湿滋润护肤品,69.0,27262,1796,相宜本草,1881078.0,0.06587924583669577,50-100元,1,爽肤水,115.86281437125749,中端品牌
2025-11-13,A45548945615,鲜鲜水相宜本草山茶花焕活鲜养乳女保湿乳液,188.0,3804,152,相宜本草,715152.0,0.03995793901156677,100-200元,0,乳液,115.86281437125749,中端品牌
2025-11-13,A529507484159,正品相宜本草黑茶男士套装清爽控油清洁补水保湿洗面奶保湿水面膜,159.0,3802,1090,相宜本草,604518.0,0.2866912151499211,100-200元,0,面膜,115.86281437125749,中端品牌
2025-11-13,A536808610828,相宜本草红石榴鲜活素颜霜面霜化妆品女保湿补水秋冬护肤乳,158.0,1175,12,相宜本草,185650.0,0.010212765957446808,100-200元,0,面霜,115.86281437125749,中端品牌
2025-11-13,A539921130416,红景天幼亮洁面膏温和洗面奶女 2支装,90.0,6006,2,相宜本草,540540.0,0.000333000333000333,50-100元,0,洁面,115.86281437125749,中端品牌
2025-11-12,A2251570112,【真5折买3免1】相宜本草红景天幼白精华水补水保湿爽肤女护肤品,89.0,117922,2359,相宜本草,10495058.0,0.020004748901816454,50-100元,1,精华,115.86281437125749,中端品牌
2025-11-12,A42886233839,鲜鲜水相宜本草山茶花焕活精油保湿女护肤品补水精粹油,238.0,9290,426,相宜本草,2211020.0,0.045855758880516684,200-500元,0,其他,115.86281437125749,中端品牌
2025-11-12,A44239992006,鲜鲜水相宜本草山茶花焕活菁华水秋季补水保湿滋润护肤品女,168.0,4664,259,相宜本草,783552.0,0.055531732418524875,100-200元,0,其他,115.86281437125749,中端品牌
2025-11-12,A538913952150,相宜本草山茶花焕活清润水补水保湿女鲜鲜水,168.0,877,41,相宜本草,147336.0,0.046750285062713795,100-200元,0,其他,115.86281437125749,中端品牌
2025-11-11,A3213904066,【真5折】相宜本草金缕梅化妆品套装控油女保湿补水滋润护,86.0,97847,5301,相宜本草,8414842.0,0.054176418285690926,50-100元,1,其他,115.86281437125749,中端品牌
2025-11-11,A8544828820,【5折狂欢购】相宜本草红景天幼亮眼凝霜眼霜淡化黑眼圈补水保湿,59.0,46122,1504,相宜本草,2721198.0,0.03260916699189107,50-100元,1,眼霜,115.86281437125749,中端品牌
2025-11-11,A9049260660,【真5折狂欢】相宜本草光彩立现睡眠面膜套装透亮补水保湿女 3盒,49.5,119078,6669,相宜本草,5894361.0,0.0560053074455399,0-50元,1,面膜,115.86281437125749,中端品牌
2025-11-11,A9609851200,【真5折】专柜正品相宜本草红景天幼亮爽肤水女幼白补水保湿柔肤,44.5,26457,616,相宜本草,1177336.5,0.023283063083493972,0-50元,1,爽肤水,115.86281437125749,中端品牌
2025-11-11,A12229615671,【真5折狂欢】相宜本草芯净自然净肤保湿水清爽补水化妆品控油,39.5,49525,2400,相宜本草,1956237.5,0.04846037354871277,0-50元,1,其他,115.86281437125749,中端品牌
2025-11-11,A15585297140,【真5折狂欢购】相宜本草百合高保湿润养乳补水滋润乳液女护肤品,49.5,34168,463,相宜本草,1691316.0,0.013550690704752986,0-50元,1,乳液,115.86281437125749,中端品牌
2025-11-11,A18031346641,【真5折狂欢购】相宜本草黑茶男士护肤套装洗面奶乳液保湿水控油,105.0,37526,2533,相宜本草,3940230.0,0.06749986675904707,100-200元,1,乳液,115.86281437125749,中端品牌
2025-11-11,A23280500026,【真5折狂欢购】相宜本草黑茶男士清爽保湿护肤品补水控油,40.0,18551,775,相宜本草,742040.0,0.04177672362675867,0-50元,1,其他,115.86281437125749,中端品牌
2025-11-11,A38682957358,【真5折狂欢】相宜本草芯净自然保湿护肤套装 洁面+水+乳液+喷雾,138.0,1974,0,相宜本草,272412.0,0.0,100-200元,0,洁面,115.86281437125749,中端品牌
2025-11-11,A39439393952,【5折狂欢购】相宜本草滋养紧致眼霜女补水淡化眼部细纹眼袋2支装,49.0,26628,2939,相宜本草,1304772.0,0.11037254018326574,0-50元,1,眼霜,115.86281437125749,中端品牌
2025-11-11,A41451053271,【真5折狂欢购】相宜本草红石榴化妆品套装美白补水保湿护肤品,239.0,6794,0,相宜本草,1623766.0,0.0,200-500元,0,其他,115.86281437125749,中端品牌
2025-11-11,A45539961930,【领券满199减100】相宜本草茶树控油净肤洁面乳洁补水保湿洗面奶,34.0,6753,735,相宜本草,229602.0,0.10884051532652154,0-50元,0,洁面,115.86281437125749,中端品牌
2025-11-11,A521848444056,【真5折】相宜本草黑茶男士护肤品套装洗面奶保湿液劲肤乳面膜,149.0,2486,335,相宜本草,370414.0,0.13475462590506837,100-200元,0,面膜,115.86281437125749,中端品牌
2025-11-11,A523308464515,【真5折狂欢购】相宜本草红石榴2件套装嫩肤水补水保湿素颜霜女,130.0,17831,7589,相宜本草,2318030.0,0.42560708877797093,100-200元,1,其他,115.86281437125749,中端品牌
2025-11-11,A539921434191,【4.1折】相宜本草野果面膜狠保湿+粉透亮+特丝滑共15片,98.0,579,0,相宜本草,56742.0,0.0,50-100元,0,面膜,115.86281437125749,中端品牌
2025-11-11,A540337512471,【真5折】相宜本草八倍凝水霜补水保湿女滋润八杯水面霜正品*2盒,39.0,5651,5,相宜本草,220389.0,0.0008847991505928155,0-50元,0,面霜,115.86281437125749,中端品牌
2025-11-11,A540338060494,【真5折狂欢】【新品上市】相宜本草野果真清净深层洁面乳洗面奶,79.0,230,0,相宜本草,18170.0,0.0,50-100元,0,洁面,115.86281437125749,中端品牌
2025-11-11,A540740856928,【真5折狂欢】相宜本草黑茶男士控油抗痘洁面乳膏补水保湿2支装,39.0,1901,1,相宜本草,74139.0,0.0005260389268805891,0-50元,0,洁面,115.86281437125749,中端品牌
2025-11-11,A540909919807,【领券立减100元】相宜本草红景天幼白护肤6件套装女美白补水保湿,284.5,1912,0,相宜本草,543964.0,0.0,200-500元,0,其他,115.86281437125749,中端品牌
2025-11-11,A540910018966,【5折后领券立减100元】相宜本草睡莲保湿化妆品6件套装精油女,355.0,1202,0,相宜本草,426710.0,0.0,200-500元,0,其他,115.86281437125749,中端品牌
2025-11-10,A2251553488,【3折预售买即叠享双重礼包】相宜本草红石榴鲜活亮白保湿4件套,228.0,91312,672,相宜本草,20819136.0,0.007359383213597337,200-500元,1,其他,115.86281437125749,中端品牌
2025-11-10,A2253538990,专柜正品相宜本草滋养紧致眼霜女保湿淡化细纹黑眼圈补水护肤品,49.0,406474,6177,相宜本草,19917226.0,0.015196543936389535,0-50元,1,眼霜,115.86281437125749,中端品牌
2025-11-10,A2656108514,【真5折狂欢购】相宜本草红景天莹透幼白精华乳液补水保湿润泽女,95.0,105267,1430,相宜本草,10000365.0,0.013584504165597956,50-100元,1,精华,115.86281437125749,中端品牌
2025-11-10,A12229499633,【双11来啦】专柜正品相宜本草芯净自然控油洁面两用卸妆乳补水,49.0,129199,8885,相宜本草,6330751.0,0.06876988211983065,0-50元,1,洁面,115.86281437125749,中端品牌
2025-11-10,A19560996093,【4.7折抢先预售】相宜本草百合高保湿水面膜套装补水保湿滋润,108.0,7857,0,相宜本草,848556.0,0.0,100-200元,0,面膜,115.86281437125749,中端品牌
2025-11-10,A23279780548,【真5折狂欢购】相宜本草黑茶男士清爽补水乳液保湿滋润控油护肤,95.0,14158,603,相宜本草,1345010.0,0.042590761406978386,50-100元,1,乳液,115.86281437125749,中端品牌
2025-11-10,A35535760454,【正装买一送一】相宜本草红石榴鲜活亮白嫩肤精华水保湿水2瓶,108.0,60566,0,相宜本草,6541128.0,0.0,100-200元,1,精华,115.86281437125749,中端品牌
2025-11-10,A37520090560,【3折买即赠7日旅行装】相宜本草四倍蚕丝补水保湿面膜4盒装28片,98.0,50403,690,相宜本草,4939494.0,0.013689661329682757,50-100元,1,面膜,115.86281437125749,中端品牌
2025-11-10,A39918829652,【预售前2500名加赠108元正装】相宜本草四倍多萃补水保湿四件套,118.0,34587,855,相宜本草,4081266.0,0.024720270621909967,100-200元,1,其他,115.86281437125749,中端品牌
2025-11-10,A41858538804,【5折预售下单赠面膜】相宜本草百合秋冬保湿补水护肤4件套,170.0,50213,199,相宜本草,8536210.0,0.003963117121064267,100-200元,1,面膜,115.86281437125749,中端品牌
2025-11-10,A42303152449,【4.6折预售定金15元抵25元】相宜本草黑茶男士控油保湿补水套装,129.0,926,15,相宜本草,119454.0,0.016198704103671708,100-200元,0,其他,115.86281437125749,中端品牌
2025-11-10,A43213014138,[鲜鲜水]正品相宜本草山茶花焕活化妆品套装补水保湿女滋润护肤品,319.0,5885,1396,相宜本草,1877315.0,0.23721325403568394,200-500元,0,其他,115.86281437125749,中端品牌
2025-11-10,A45539105980,【领券满199减100】相宜本草茶树祛痘精油清爽控油女补水保湿,129.0,2095,220,相宜本草,270255.0,0.10501193317422435,100-200元,0,其他,115.86281437125749,中端品牌
2025-11-10,A45539445108,【领券满199减100】相宜本草茶树控油净肤平衡乳控油保湿乳液女,129.0,718,107,相宜本草,92622.0,0.149025069637883,100-200元,0,乳液,115.86281437125749,中端品牌
2025-11-10,A521177002859,【前2500名送睡莲三件套】相宜本草睡莲滢泽秋冬保湿护肤品套装,199.0,2982,471,相宜本草,593418.0,0.1579476861167002,100-200元,0,其他,115.86281437125749,中端品牌
2025-11-10,A522042220494,正品相宜本草化妆品套装茶树控油净肤套装女补水保湿清爽护肤品,239.0,4225,942,相宜本草,1009775.0,0.2229585798816568,200-500元,0,其他,115.86281437125749,中端品牌
2025-11-10,A531489971173,【5折预售定金10元抵15元】相宜本草黑茶男士秋季保湿补水护肤品,99.0,2281,924,相宜本草,225819.0,0.4050854888206927,50-100元,0,其他,115.86281437125749,中端品牌
2025-11-10,A535748247444,【4.8折预售定金15元抵25元】相宜本草红石榴素颜霜懒人日霜晚霜,139.0,2756,291,相宜本草,383084.0,0.1055878084179971,100-200元,0,其他,115.86281437125749,中端品牌
2025-11-10,A536554480650,【5折预售定金10元抵15元】相宜本草黑茶男士控油清爽护肤品套装,80.0,1513,0,相宜本草,121040.0,0.0,50-100元,0,其他,115.86281437125749,中端品牌
2025-11-10,A536687428512,相宜本草面膜试用三片装深层补水保湿滋润【联系客服9.99元试用】,20.0,21116,12106,相宜本草,422320.0,0.5733093388899413,0-50元,1,面膜,115.86281437125749,中端品牌
2025-11-10,A538758575293,【预售买就送水乳中样】相宜本草金缕梅补水保湿水乳祛痘凝胶套装,168.0,635,0,相宜本草,106680.0,0.0,100-200元,0,其他,115.86281437125749,中端品牌
2025-11-10,A538835818764,【前2000名加赠面膜5片】相宜本草野果狠保湿套装王大陆力荐礼盒,206.0,855,0,相宜本草,176130.0,0.0,200-500元,0,面膜,115.86281437125749,中端品牌
2025-11-10,A538836314793,【4.7折抢先预售】正品相宜本草山茶花焕活化妆品套装补水保湿,118.0,88,0,相宜本草,10384.0,0.0,100-200元,0,其他,115.86281437125749,中端品牌
2025-11-10,A538882153793,【10抵15元 买1得3】相宜本草红景天焕亮无瑕CC霜气垫BB遮瑕霜,98.0,3512,0,相宜本草,344176.0,0.0,50-100元,0,其他,115.86281437125749,中端品牌
2025-11-10,A538917408267,【5折抢先预售】相宜本草黑茶男士护肤品套装控油磨砂魔兽定制,97.0,576,0,相宜本草,55872.0,0.0,50-100元,0,其他,115.86281437125749,中端品牌
2025-11-10,A539414916990,【4折预售定金10元抵15元】相宜本草野果狠保湿补水面贴膜15片,98.0,765,0,相宜本草,74970.0,0.0,50-100元,0,其他,115.86281437125749,中端品牌
2025-11-10,A539920790378,相宜本草芯净自然卸妆洗面两用乳洁面奶2只装,98.0,4,0,相宜本草,392.0,0.0,50-100元,0,洁面,115.86281437125749,中端品牌
2025-11-09,A2251509802,正品相宜本草光彩立现绿茶睡眠面膜补水保湿提亮肤色,35.0,144586,4424,相宜本草,5060510.0,0.030597706555268146,0-50元,1,面膜,115.86281437125749,中端品牌
2025-11-09,A2251552580,专柜正品相宜本草光彩立现白茶睡眠面膜补水保湿女滋润,35.0,357015,3756,相宜本草,12495525.0,0.010520566362757867,0-50元,1,面膜,115.86281437125749,中端品牌
2025-11-09,A15177193380,正品相宜本草芯净自然深层净化泥面膜 清洁补水保湿滋润化妆品女,89.0,11810,786,相宜本草,1051090.0,0.06655376799322608,50-100元,1,面膜,115.86281437125749,中端品牌
2025-11-09,A17556082581,专柜正品相宜本草男士护肤黑茶控油祛痘ㄠ畈悴顾Ｊ逅,75.0,2650,168,相宜本草,198750.0,0.06339622641509433,50-100元,0,其他,115.86281437125749,中端品牌
2025-11-09,A18603385114,正品相宜本草 黑茶男士护肤品套装洗面奶补水保湿清爽控油护肤品,57.0,2822,341,相宜本草,160854.0,0.12083628632175762,50-100元,0,其他,115.86281437125749,中端品牌
2025-11-09,A38917550221,专柜正品相宜本草黑茶男士控油磨砂洁面膏 补水保湿清爽洗面奶,39.0,18648,1823,相宜本草,727272.0,0.09775847275847276,0-50元,1,洁面,115.86281437125749,中端品牌
2025-11-09,A39295402774,【魔兽部落定制】相宜本草黑茶男士护肤品套装控油抗痘魔兽定制,80.0,8566,1711,相宜本草,685280.0,0.1997431706747607,50-100元,0,其他,115.86281437125749,中端品牌
2025-11-09,A41619198368,专柜正品相宜本草芯净自然氨基酸泡沫洁面乳补水保湿女,55.0,6339,762,相宜本草,348645.0,0.12020823473734027,50-100元,0,洁面,115.86281437125749,中端品牌
2025-11-09,A45501230397,[鲜鲜水]相宜本草山茶花焕活菁华水80ml补水保湿女面部滋润护肤品,99.0,3365,606,相宜本草,333135.0,0.1800891530460624,50-100元,0,其他,115.86281437125749,中端品牌
2025-11-09,A520386192442,相宜本草正品花开莲花保湿面膜5片补水滋润面贴膜女护肤品,69.0,2463,564,相宜本草,169947.0,0.2289890377588307,50-100元,0,面膜,115.86281437125749,中端品牌
2025-11-09,A520386516140,正品相宜本草花开百合花补水沁润面膜5片保湿滋润护肤品面贴膜女,69.0,6240,572,相宜本草,430560.0,0.09166666666666666,50-100元,0,面膜,115.86281437125749,中端品牌
2025-11-09,A525061987130,专柜正品相宜本草手心护手霜套装滋润保湿女护肤品防干裂,79.0,1012,195,相宜本草,79948.0,0.19268774703557312,50-100元,0,其他,115.86281437125749,中端品牌
2025-11-09,A527460200227,专柜正品相宜本草红景天幼白养肤套装女美白保湿补水女水润护肤品,258.0,4627,1781,相宜本草,1193766.0,0.3849146315106981,200-500元,0,其他,115.86281437125749,中端品牌
2025-11-09,A528281283141,正品相宜本草四倍洁面膏补水清洁面部护肤品洗面奶女2支装,58.0,8011,3287,相宜本草,464638.0,0.410310822618899,50-100元,0,洁面,115.86281437125749,中端品牌
2025-11-09,A528345041537,正品相宜本草黑茶男士控油磨砂洗面奶洁面乳面部去角质死皮膏,65.0,3852,1453,相宜本草,250380.0,0.37720664589823466,50-100元,0,洁面,115.86281437125749,中端品牌
2025-11-09,A529037178763,正品相宜本草黑茶男士控油磨砂洁面膏面膜洗面奶清爽保湿加量装,104.0,889,208,相宜本草,92456.0,0.23397075365579303,100-200元,0,面膜,115.86281437125749,中端品牌
2025-11-09,A536733735835,相宜本草黑茶男士醒肤霜补水保湿面霜清爽控油润肤乳液护肤品,105.0,185,80,相宜本草,19425.0,0.43243243243243246,100-200元,0,面霜,115.86281437125749,中端品牌
2025-11-09,A536857288549,正品相宜本草黑茶男士醒肤洁面膏补水保湿护肤清爽控油,39.0,974,520,相宜本草,37986.0,0.5338809034907598,0-50元,0,洁面,115.86281437125749,中端品牌
2025-11-09,A537142390406,【直播11.7]相宜本草面膜三片装红石榴面膜深层补水滋润保湿,9.9,1614,961,相宜本草,15978.6,0.5954151177199505,0-50元,0,面膜,115.86281437125749,中端品牌
2025-11-09,A537567866329,【新品上市】相宜本草野果狠保湿补水面膜5片装滋润清爽透薄,79.0,427,166,相宜本草,33733.0,0.38875878220140514,50-100元,0,面膜,115.86281437125749,中端品牌
2025-11-06,A2251535518,【包邮】正品相宜本草男士洁面乳深层清净清爽控油洗面奶,23.8,149534,9878,相宜本草,3558909.2,0.06605855524496101,0-50元,1,洁面,115.86281437125749,中端品牌
2025-11-05,A520511879360,【11专用】正品相宜本草花开臻选面膜女补水保湿面贴,388.0,2390,110,相宜本草,927320.0,0.04602510460251046,200-500元,0,面膜,115.86281437125749,中端品牌
2025-11-14,A530360831836,薇姿温泉矿物水活霜（滋润型）50m l保湿霜女 补水滋润面霜护肤品,235.0,1707,323,薇姿,401145.0,0.18922085530169888,200-500元,0,面霜,277.74257425742576,高端品牌
2025-11-14,A530361227539,薇姿温泉矿物水活爽肤水200ml补水保湿化妆水 收缩毛孔柔肤润肤水,195.0,2711,1004,薇姿,528645.0,0.37034304684618224,100-200元,0,爽肤水,277.74257425742576,高端品牌
2025-11-14,A530361447719,薇姿温泉矿物水活精华液30ml 补水保湿滋润面部精华 法国原装正品,320.0,2674,1026,薇姿,855680.0,0.3836948391922214,200-500元,0,精华,277.74257425742576,高端品牌
2025-11-14,A530362355399,薇姿温泉纯净泡沫洁面霜125ml洗面奶女 深层清洁 补水保湿 洁面乳,175.0,2771,980,薇姿,484925.0,0.3536629375676651,100-200元,0,面霜,277.74257425742576,高端品牌
2025-11-14,A530370395615,薇姿温泉纯净泡沫洁面摩丝150ml 深层清洁 洗面奶女 补水保湿,180.0,152,45,薇姿,27360.0,0.29605263157894735,100-200元,0,洁面,277.74257425742576,高端品牌
2025-11-14,A530382471210,薇姿理想新肌焕能精华凝霜50ml面霜 改善肌肤暗沉保湿补水霜 正品,315.0,340,95,薇姿,107100.0,0.27941176470588236,200-500元,0,面霜,277.74257425742576,高端品牌
2025-11-14,A530382675609,薇姿净颜无瑕冰爽祛痘精华露 15ML控油祛痘收缩毛孔 面部精华正品,135.0,712,255,薇姿,96120.0,0.35814606741573035,100-200元,0,精华,277.74257425742576,高端品牌
2025-11-14,A530414594372,薇姿润泉舒缓喷雾 300ml补水保湿喷雾大喷 火山温泉水 焕活肌肤,175.0,6580,2499,薇姿,1151500.0,0.3797872340425532,100-200元,0,喷雾,277.74257425742576,高端品牌
2025-11-14,A530415670619,薇姿温泉矿物保湿晚安面膜 75ml 晚安睡眠面膜免洗深层补水保湿,230.0,3453,1057,薇姿,794190.0,0.3061106284390385,200-500元,0,面膜,277.74257425742576,高端品牌
2025-11-14,A530417310503,薇姿温泉纯净清爽洁面ㄠ200ml 氨基酸洗面奶 女补水保湿正品,195.0,629,246,薇姿,122655.0,0.39109697933227344,100-200元,0,洁面,277.74257425742576,高端品牌
2025-11-14,A530426914508,薇姿温泉纯净温润洁颜油125ml 脸部眼部温和卸妆油 深层清洁彩妆,185.0,110,29,薇姿,20350.0,0.2636363636363636,100-200元,0,卸妆,277.74257425742576,高端品牌
2025-11-14,A530427258362,薇姿理想焕白活采精华乳30ml+柔肤水100ml 补水 淡化色斑提亮肤色,395.0,738,294,薇姿,291510.0,0.3983739837398374,200-500元,0,精华,277.74257425742576,高端品牌
2025-11-14,A530432070811,薇姿理想焕白柔肤水200ml（清爽型）补水保湿爽肤水女 提亮肤色,245.0,100,39,薇姿,24500.0,0.39,200-500元,0,爽肤水,277.74257425742576,高端品牌
2025-11-14,A530433489256,薇姿温泉矿物水活霜（清爽型）50ml 面霜补水保湿滋润 保湿霜正品,235.0,4135,1270,薇姿,971725.0,0.30713422007255137,200-500元,0,面霜,277.74257425742576,高端品牌
2025-11-14,A530433829816,薇姿温泉矿物水活润眼凝露眼霜 15ml 紧致肌肤淡化眼袋黑眼圈细纹,265.0,1276,383,薇姿,338140.0,0.3001567398119122,200-500元,0,眼霜,277.74257425742576,高端品牌
2025-11-14,A530435074100,薇姿活性塑颜肌源焕活紧实眼霜 15ml 补水保湿 淡化细纹黑眼圈,360.0,833,260,薇姿,299880.0,0.31212484993997597,200-500元,0,眼霜,277.74257425742576,高端品牌
2025-11-14,A530435250607,薇姿活性塑颜肌源焕活精华露  眼睫10号魔法液 15ml 淡化黑眼圈,365.0,163,55,薇姿,59495.0,0.3374233128834356,200-500元,0,精华,277.74257425742576,高端品牌
2025-11-14,A530436078373,薇姿活性塑颜焕活日霜 50ml 补水保湿面霜 淡化细纹 官方正品,360.0,134,45,薇姿,48240.0,0.3358208955223881,200-500元,0,面霜,277.74257425742576,高端品牌
2025-11-14,A530436930090,薇姿净颜无瑕祛痘保湿洁面ㄠ200ml 洗面奶女控油祛痘 深层清洁,170.0,1309,477,薇姿,222530.0,0.36440030557677616,100-200元,0,洁面,277.74257425742576,高端品牌
2025-11-14,A530437062095,薇姿防晒喷雾125ml 补水清爽控油 脸部全身防晒霜SPF30+ PA+++,275.0,352,143,薇姿,96800.0,0.40625,200-500元,0,防晒,277.74257425742576,高端品牌
2025-11-14,A530453613726,薇姿理想焕白盈润日霜 50ml 补水保湿面霜 提亮肤色 法国原装正品,285.0,304,98,薇姿,86640.0,0.3223684210526316,200-500元,0,面霜,277.74257425742576,高端品牌
2025-11-14,A530453721828,薇姿理想焕白活采晚安面膜 75ML 免洗睡眠面膜 补水何湿提亮肤色,245.0,349,125,薇姿,85505.0,0.35816618911174786,200-500元,0,面膜,277.74257425742576,高端品牌
2025-11-14,A530454149591,薇姿活性塑颜焕活日霜 (干性肌肤)50ml 补水保湿面霜淡化细纹,360.0,100,39,薇姿,36000.0,0.39,200-500元,0,面霜,277.74257425742576,高端品牌
2025-11-14,A530454213374,薇姿理想新肌精华水200ml 补水保湿爽肤水女 提亮肤色 紧致肌肤,245.0,159,46,薇姿,38955.0,0.2893081761006289,200-500元,0,精华,277.74257425742576,高端品牌
2025-11-14,A530455593746,薇姿净颜无瑕祛痘保湿收敛水200ml 爽肤水女 补水保湿控油 紧肤水,165.0,515,220,薇姿,84975.0,0.42718446601941745,100-200元,0,爽肤水,277.74257425742576,高端品牌
2025-11-14,A530461408252,薇姿温泉矿物水活精粹水200ml 补水保湿精华水 收缩毛孔化妆水,205.0,1079,347,薇姿,221195.0,0.3215940685820204,200-500元,0,精华,277.74257425742576,高端品牌
2025-11-14,A530461516709,薇姿温泉纯净三合一卸妆乳200ml 脸部眼唇部 温和卸妆深层清洁,190.0,961,280,薇姿,182590.0,0.29136316337148804,100-200元,0,卸妆,277.74257425742576,高端品牌
2025-11-14,A530461836656,薇姿温泉纯净三合一洁肤水200ml温和卸妆水 脸部眼部 眼唇卸妆液,175.0,597,201,薇姿,104475.0,0.33668341708542715,100-200元,0,卸妆,277.74257425742576,高端品牌
2025-11-14,A530469768670,薇姿温泉纯净焕新磨砂霜 75ml 温和清洁 去角质,190.0,245,101,薇姿,46550.0,0.4122448979591837,100-200元,0,其他,277.74257425742576,高端品牌
2025-11-14,A530474140663,薇姿理想焕采泡沫洁面霜100ml洗面奶女深层清洁 补水保湿提亮肤色,225.0,741,264,薇姿,166725.0,0.3562753036437247,200-500元,0,面霜,277.74257425742576,高端品牌
2025-11-14,A530480632469,薇姿理想焕白精华水200ml（滋润型）补水保湿爽肤水 提亮肤色,255.0,148,48,薇姿,37740.0,0.32432432432432434,200-500元,0,精华,277.74257425742576,高端品牌
2025-11-14,A530480640965,薇姿活性塑颜肌源焕活精华水200ml淡化细纹 补水保湿爽肤水柔肤水,260.0,164,56,薇姿,42640.0,0.34146341463414637,200-500元,0,精华,277.74257425742576,高端品牌
2025-11-14,A530480836555,薇姿活性塑颜肌源焕活晚霜 50ml 紧致肌肤 保湿补水夜间修护面霜,360.0,287,101,薇姿,103320.0,0.3519163763066202,200-500元,0,面霜,277.74257425742576,高端品牌
2025-11-14,A530481736047,薇姿理想新肌焕能精华液30ml提亮肤色保湿补水 面部精华 法国原装,390.0,339,95,薇姿,132210.0,0.28023598820059,200-500元,0,精华,277.74257425742576,高端品牌
2025-11-14,A530481828792,薇姿润唇膏 4.7ml 持久滋润保湿护唇膏 舒缓唇部干燥 防干裂,70.0,582,143,薇姿,40740.0,0.24570446735395188,50-100元,0,其他,277.74257425742576,高端品牌
2025-11-14,A530482040605,薇姿净颜无瑕祛痘保湿柔肤水200ml 紧致毛孔控油补水爽肤水 正品,170.0,444,157,薇姿,75480.0,0.3536036036036036,100-200元,0,爽肤水,277.74257425742576,高端品牌
2025-11-14,A530482088004,薇姿净颜无瑕祛痘保湿乳液 50ml 补水保湿滋润 控油祛痘 法国原装,200.0,1523,517,薇姿,304600.0,0.33946158896913986,100-200元,0,乳液,277.74257425742576,高端品牌
2025-11-14,A530492987763,【特供套装】薇姿温泉护肤套装（水活霜+爽肤水）补水保湿,430.0,8402,3679,薇姿,3612860.0,0.4378719352535111,200-500元,0,爽肤水,277.74257425742576,高端品牌
2025-11-14,A530493739290,【特供套装】薇姿理想新肌套装（水+凝霜）护肤品套装女 提亮肤色,560.0,890,390,薇姿,498400.0,0.43820224719101125,500-1000元,0,其他,277.74257425742576,高端品牌
2025-11-14,A530493823381,【特供套装】薇姿男士套装（洁面+保湿露）控油保湿深层洁面,288.0,1436,431,薇姿,413568.0,0.30013927576601673,200-500元,0,洁面,277.74257425742576,高端品牌
2025-11-14,A530788402581,薇姿轻盈透感矿物修颜霜40ml滋润保湿 隔离遮瑕BB霜  轻薄裸妆,245.0,1528,503,薇姿,374360.0,0.32918848167539266,200-500元,0,隔离霜,277.74257425742576,高端品牌
2025-11-14,A530807941377,薇姿理想焕白眼霜15ml修护眼周肌肤 补水保湿 淡化眼袋细纹黑眼圈,300.0,245,70,薇姿,73500.0,0.2857142857142857,200-500元,0,眼霜,277.74257425742576,高端品牌
2025-11-14,A530834236151,薇姿理想焕白防晒隔离乳 妆前乳30ml 保湿遮瑕提亮肤色（清爽型）,245.0,556,179,薇姿,136220.0,0.32194244604316546,200-500元,0,防晒,277.74257425742576,高端品牌
2025-11-14,A532837535316,【特供套装】薇姿温泉补水保湿套装（洁面+爽肤水+水活霜）,605.0,1427,642,薇姿,863335.0,0.4498948843728101,500-1000元,0,洁面,277.74257425742576,高端品牌
2025-11-14,A534648692054,【特供双支装】薇姿润泉舒缓喷雾 300ml*2  补水保湿 强韧肌肤,350.0,726,344,薇姿,254100.0,0.4738292011019284,200-500元,0,喷雾,277.74257425742576,高端品牌
2025-11-14,A534804895830,【特供套装】薇姿温泉矿物保湿套装补水保湿滋润 持久锁水,750.0,3872,1263,薇姿,2904000.0,0.3261880165289256,500-1000元,0,其他,277.74257425742576,高端品牌
2025-11-14,A536560844178,【特供套装】薇姿净颜无瑕护肤套装祛痘控油收缩毛孔正品,540.0,398,170,薇姿,214920.0,0.4271356783919598,500-1000元,0,其他,277.74257425742576,高端品牌
2025-11-14,A537481543463,【新品上市】薇姿塑颜致臻焕活精华液 10号魔法液30ml 淡化细纹,445.0,148,38,薇姿,65860.0,0.25675675675675674,200-500元,0,精华,277.74257425742576,高端品牌
2025-11-14,A540075737589,【特供旅行装】薇姿润泉舒缓喷雾50ml*3 火山温泉 强韧肌肤,88.0,164,4,薇姿,14432.0,0.024390243902439025,50-100元,0,喷雾,277.74257425742576,高端品牌
2025-11-11,A530808177508,薇姿理想焕白防晒隔离乳 保湿妆前乳 提亮肤色30ml（明亮紫色）,245.0,183,52,薇姿,44835.0,0.28415300546448086,200-500元,0,防晒,277.74257425742576,高端品牌
2025-11-11,A535633791462,【11-11特供套装】薇姿净颜无瑕4部曲 深层清洁控油收缩毛孔,505.0,456,147,薇姿,230280.0,0.3223684210526316,500-1000元,0,其他,277.74257425742576,高端品牌
2025-11-11,A535635271617,【11-11特供套装】薇姿焕白淡斑3部曲 淡化色斑提亮肤色滋润保湿,630.0,434,56,薇姿,273420.0,0.12903225806451613,500-1000元,0,其他,277.74257425742576,高端品牌
2025-11-11,A540598040173,【11-11特供套装】薇姿活性塑颜套装 紧致肌肤 淡化眼袋提拉紧致,720.0,52,0,薇姿,37440.0,0.0,500-1000元,0,其他,277.74257425742576,高端品牌
2025-11-11,A540598328401,【11-11特供套装】薇姿理想新肌套装抗初老 补水保湿护肤提亮肤色,700.0,165,0,薇姿,115500.0,0.0,500-1000元,0,其他,277.74257425742576,高端品牌
2025-11-10,A530481376857,薇姿优护面部防晒乳（修润型）50ML 隔离保湿防晒霜 SPA30+,255.0,102,48,薇姿,26010.0,0.47058823529411764,200-500元,0,防晒,277.74257425742576,高端品牌
2025-11-10,A530715294193,【11-11预售】薇姿温泉矿物水活精华液30ml保湿张艺兴刻字限量版,285.0,3083,688,薇姿,878655.0,0.22315926046059034,200-500元,0,精华,277.74257425742576,高端品牌
2025-11-10,A530836350053,【特惠】薇姿温泉纯净泡沫洁面霜125ml 深层清洁 洗面奶洁面,155.0,509,209,薇姿,78895.0,0.4106090373280943,100-200元,0,面霜,277.74257425742576,高端品牌
2025-11-10,A531102574761,【特惠】薇姿温泉矿物水活爽肤水 200ml 补水保湿深层清洁,155.0,381,69,薇姿,59055.0,0.18110236220472442,100-200元,0,爽肤水,277.74257425742576,高端品牌
2025-11-10,A535516358766,【特惠】薇姿理想焕白柔肤水100ml*2淡化色斑改善肌肤暗沉,109.0,462,145,薇姿,50358.0,0.31385281385281383,100-200元,0,其他,277.74257425742576,高端品牌
2025-11-10,A535586796151,【特惠】薇姿温泉矿物晚安睡眠面膜 75ml SPA保湿面膜,180.0,2266,183,薇姿,407880.0,0.08075904677846425,100-200元,0,面膜,277.74257425742576,高端品牌
2025-11-10,A535632459319,【特惠】薇姿温泉水活润眼眼霜15ml 淡化眼袋黑眼圈持久保湿,230.0,807,319,薇姿,185610.0,0.3952912019826518,200-500元,0,眼霜,277.74257425742576,高端品牌
2025-11-10,A535704018517,【特惠】薇姿男士洁面ㄠ100ml*2  深层清洁控油收缩毛孔,129.0,214,56,薇姿,27606.0,0.2616822429906542,100-200元,0,洁面,277.74257425742576,高端品牌
2025-11-10,A536417975869,【11-11预售】薇姿润泉舒缓喷雾300ml*2 火山温泉强韧肌肤,270.0,642,242,薇姿,173340.0,0.37694704049844235,200-500元,0,喷雾,277.74257425742576,高端品牌
2025-11-10,A537867811620,【11-11预售】薇姿理想焕白柔肤水100ml*2 淡化色斑改善肌肤,99.0,3412,0,薇姿,337788.0,0.0,50-100元,0,其他,277.74257425742576,高端品牌
2025-11-10,A537985389277,【特惠】薇姿温泉矿物水活精华液 30ml张艺兴刻字限量版,270.0,900,2,薇姿,243000.0,0.0022222222222222222,200-500元,0,精华,277.74257425742576,高端品牌
2025-11-10,A537985549567,【11-11预售】薇姿温泉矿物睡眠面膜75mlSPA级面膜深沉补水保湿,190.0,4173,9,薇姿,792870.0,0.002156721782890007,100-200元,0,面膜,277.74257425742576,高端品牌
2025-11-10,A537998438099,【特惠】薇姿温泉矿物水活爽肤水400ml 补水保湿 深沉锁水 清洁,290.0,42,0,薇姿,12180.0,0.0,200-500元,0,爽肤水,277.74257425742576,高端品牌
2025-11-10,A538019724623,【11-11预售】薇姿润泉舒缓喷雾50ml*3 补水保湿强韧肌肤 舒缓,80.0,2017,7,薇姿,161360.0,0.0034705007436787306,50-100元,0,喷雾,277.74257425742576,高端品牌
2025-11-10,A538019972411,【11-11预售】薇姿温泉矿物水活保湿霜50ml（清爽/滋润）补水保湿,185.0,15440,13,薇姿,2856400.0,0.0008419689119170985,100-200元,1,其他,277.74257425742576,高端品牌
2025-11-10,A538420211232,【11-11预售】薇姿焕白淡斑3部曲(精华+柔肤水+洁面)淡斑修护肌肤,490.0,819,0,薇姿,401310.0,0.0,200-500元,0,精华,277.74257425742576,高端品牌
2025-11-10,A538497338423,【11-11预售】薇姿温泉水活润眼眼霜15ml 淡化眼袋黑眼圈,215.0,1529,0,薇姿,328735.0,0.0,200-500元,0,眼霜,277.74257425742576,高端品牌
2025-11-10,A538579540435,【11-11预售】薇姿温泉纯净泡沫洁面霜125ml  深层清洁 洗面奶,145.0,2888,0,薇姿,418760.0,0.0,100-200元,0,面霜,277.74257425742576,高端品牌
2025-11-10,A538579980147,【11-11预售】薇姿焕白精华乳30ml淡化色斑改善肌肤暗沉保湿补水,285.0,1420,0,薇姿,404700.0,0.0,200-500元,0,精华,277.74257425742576,高端品牌
2025-11-10,A538580596326,【11-11预售】薇姿净颜无瑕4部曲（洁面+水+霜）祛痘控油收缩毛孔,370.0,1441,0,薇姿,533170.0,0.0,200-500元,0,洁面,277.74257425742576,高端品牌
2025-11-10,A538636375607,【11-11预售】薇姿男士洁面ㄠ100ml*2深层清洁控油收缩毛孔,119.0,689,0,薇姿,81991.0,0.0,100-200元,0,洁面,277.74257425742576,高端品牌
2025-11-10,A538680638620,【11-11预售】薇姿温泉矿物水活爽肤水400ml补水保湿持久保湿,290.0,355,0,薇姿,102950.0,0.0,200-500元,0,爽肤水,277.74257425742576,高端品牌
2025-11-10,A538724385969,【特惠】薇姿温泉矿物水活霜（清爽/滋润）50ml补水保湿,185.0,4060,0,薇姿,751100.0,0.0,100-200元,0,其他,277.74257425742576,高端品牌
2025-11-10,A538759704276,【特惠】薇姿润泉喷雾50ml*3 补水保湿强韧肌肤舒缓敏感,80.0,2340,0,薇姿,187200.0,0.0,50-100元,0,喷雾,277.74257425742576,高端品牌
2025-11-10,A538759753396,【11-11预售】薇姿润泉舒缓喷雾300ml火山温泉强韧肌舒缓肌肤保湿,350.0,723,0,薇姿,253050.0,0.0,200-500元,0,喷雾,277.74257425742576,高端品牌
2025-11-10,A538760425353,【11-11预售】薇姿温泉矿物水活爽肤水200ml补水保湿持久水润,145.0,8740,0,薇姿,1267300.0,0.0,100-200元,0,爽肤水,277.74257425742576,高端品牌
2025-11-10,A539741687151,【特惠】薇姿温泉矿物水活保湿霜（滋润型）50ml补水保湿修护,185.0,126,0,薇姿,23310.0,0.0,100-200元,0,其他,277.74257425742576,高端品牌
2025-11-10,A540000698360,【11-11预售】薇姿男士保湿露50ml 控油保湿收缩毛孔 持久,150.0,938,0,薇姿,140700.0,0.0,100-200元,0,其他,277.74257425742576,高端品牌
2025-11-10,A540006087762,【特惠】薇姿理想焕白精华乳30ml 淡化色斑提拉肤色保湿补水,300.0,32,0,薇姿,9600.0,0.0,200-500元,0,精华,277.74257425742576,高端品牌
2025-11-10,A540006401289,【特惠】薇姿净颜无瑕4部曲（洁面+收敛水+保湿霜+晚霜）,395.0,63,0,薇姿,24885.0,0.0,200-500元,0,洁面,277.74257425742576,高端品牌
2025-11-10,A540006466533,【特惠】薇姿焕白淡斑3部曲(精华+柔肤水+洁面)滋润焕白 直降140,520.0,34,0,薇姿,17680.0,0.0,500-1000元,0,精华,277.74257425742576,高端品牌
2025-11-10,A540230699323,【11-11预售】薇姿理想新肌套装（面霜+精华液+大喷）修护肌肤,550.0,707,0,薇姿,388850.0,0.0,500-1000元,0,面霜,277.74257425742576,高端品牌
2025-11-10,A540231386646,【11-11预售】薇姿活性塑颜套装（眼霜+大喷+晚霜）紧致抗老提拉,570.0,402,0,薇姿,229140.0,0.0,500-1000元,0,眼霜,277.74257425742576,高端品牌
2025-11-10,A540232486865,【11-11预售】薇姿温泉矿物水活精粹水200ml 补水保湿精华水舒缓,155.0,1382,0,薇姿,214210.0,0.0,100-200元,0,精华,277.74257425742576,高端品牌
2025-11-10,A540233166511,【11-11预售】薇姿温泉纯净三合一洁肤水/卸妆水 温和卸妆液,145.0,450,0,薇姿,65250.0,0.0,100-200元,0,卸妆,277.74257425742576,高端品牌
2025-11-10,A540234869129,【11-11预售】薇姿净颜无瑕祛痘保湿乳液 控油保湿收缩毛孔祛痘,150.0,574,0,薇姿,86100.0,0.0,100-200元,0,乳液,277.74257425742576,高端品牌
2025-11-10,A540236467516,【11-11预售】薇姿焕白活采晚安睡眠面膜75ml淡化色斑提亮肤色,195.0,428,0,薇姿,83460.0,0.0,100-200元,0,面膜,277.74257425742576,高端品牌
2025-11-09,A530436450329,薇姿男士多效焕肤保湿露 50ML 清爽控油保湿霜补水润肤露,150.0,144,58,薇姿,21600.0,0.4027777777777778,100-200元,0,其他,277.74257425742576,高端品牌
2025-11-09,A535587208219,【11-11 买1送1】薇姿理想焕白柔肤水100ml,245.0,812,341,薇姿,198940.0,0.41995073891625617,200-500元,0,其他,277.74257425742576,高端品牌
2025-11-08,A530381935065,薇姿理想焕白活采乳液 50ml 补水保湿滋润 提亮肤色,295.0,263,110,薇姿,77585.0,0.41825095057034223,200-500元,0,乳液,277.74257425742576,高端品牌
2025-11-07,A530838038113,【11-11】薇姿润泉舒缓喷雾300ml火山温泉水强韧肌肤保湿,175.0,2677,1268,薇姿,468475.0,0.47366454986925666,100-200元,0,喷雾,277.74257425742576,高端品牌
2025-11-07,A539338335843,【11-11】薇姿温泉矿物水活霜50ml补水保湿 保湿霜,235.0,2,1,薇姿,470.0,0.5,200-500元,0,其他,277.74257425742576,高端品牌
2025-11-07,A540614612384,【11-11】薇姿温泉矿物水活霜50m l保湿霜女 补水滋润,235.0,5,0,薇姿,1175.0,0.0,200-500元,0,其他,277.74257425742576,高端品牌
2025-11-07,A540620869542,【11-11】薇姿温泉矿物水活爽肤水200ml补水保湿化妆水 收缩毛孔,195.0,0,0,薇姿,0.0,0.0,100-200元,0,爽肤水,277.74257425742576,高端品牌
2025-11-07,A540621401569,【11-11】薇姿温泉矿物水活精华液30ml 补水保湿滋润面部精华,320.0,0,0,薇姿,0.0,0.0,200-500元,0,精华,277.74257425742576,高端品牌
2025-11-07,A540621413178,【11-11】薇姿温泉矿物保湿晚安面膜 75ml 晚安睡眠面膜免洗,230.0,0,0,薇姿,0.0,0.0,200-500元,0,面膜,277.74257425742576,高端品牌
2025-11-06,A540006049424,【特惠】薇姿温泉矿物保湿3件套（爽肤水+水活霜+喷雾）清爽型,455.0,179,0,薇姿,81445.0,0.0,200-500元,0,爽肤水,277.74257425742576,高端品牌
2025-11-14,A18279786877,倩碧粉底液 焕妍活力粉底液30ml 粉底 保湿 专柜正品,350.0,315,19,倩碧,110250.0,0.06031746031746032,200-500元,0,粉底,348.6492890995261,高端品牌
2025-11-14,A18280662654,倩碧卸妆眼部卸妆液125ml眼部卸妆 温和卸妆专柜正品,220.0,159,11,倩碧,34980.0,0.06918238993710692,200-500元,0,卸妆,348.6492890995261,高端品牌
2025-11-14,A18280910564,倩碧睫毛膏纤长魔力睫毛膏01 6g 纤长 39度,250.0,1249,98,倩碧,312250.0,0.07846277021617294,200-500元,0,睫毛膏,348.6492890995261,高端品牌
2025-11-14,A18281414934,倩碧 城市隔离霜SPF30+30ml 都市隔离防辐射防晒,380.0,7572,462,倩碧,2877360.0,0.061014263074484945,200-500元,0,防晒,348.6492890995261,高端品牌
2025-11-14,A18283802944,Clinique/倩碧卓越润肤ㄠ  天才黄油无油50ml 倩碧小黄油,140.0,8579,601,倩碧,1201060.0,0.0700547849399697,100-200元,0,其他,348.6492890995261,高端品牌
2025-11-14,A18284042707,Clinique/倩碧按摩霜 水溶性温和磨砂膏100ml 去角质 专柜正品,260.0,2800,209,倩碧,728000.0,0.07464285714285715,200-500元,0,其他,348.6492890995261,高端品牌
2025-11-14,A18284054354,倩碧卸妆 紫晶卸妆霜125ml  深层清洁 正品,260.0,3406,549,倩碧,885560.0,0.16118614210217264,200-500元,0,卸妆,348.6492890995261,高端品牌
2025-11-14,A18284158484,Clinique/倩碧 眼部护理精华露15ml 淡化细纹保湿眼霜 正品,390.0,2931,176,倩碧,1143090.0,0.06004776526782668,200-500元,0,精华,348.6492890995261,高端品牌
2025-11-14,A18287102167,倩碧 优雅卷翘睫毛膏6ml 纤长 浓密 卷翘 防水,250.0,421,48,倩碧,105250.0,0.11401425178147269,200-500元,0,睫毛膏,348.6492890995261,高端品牌
2025-11-14,A18294041753,倩碧 爽肤水 净颜净肤水200ml 爽肤水 控油补水 专柜正品,190.0,3063,147,倩碧,581970.0,0.047992164544564155,100-200元,0,爽肤水,348.6492890995261,高端品牌
2025-11-14,A18294821629,Clinique/倩碧 化妆棉100pcs 专用纯棉卸妆棉 专用棉片 美容工具,30.0,80148,5123,倩碧,2404440.0,0.06391924938863103,0-50元,1,卸妆,348.6492890995261,高端品牌
2025-11-14,A18294953289,Clinique倩碧男士液体控油洁面皂 200ml 深层清洁洗面奶洁面,200.0,6041,851,倩碧,1208200.0,0.1408707167687469,100-200元,0,洁面,348.6492890995261,高端品牌
2025-11-14,A18296033106,Clinique倩碧蜡笔小胖唇膏 保湿滋润持久 唇膏口红正品 女 润唇膏,160.0,9426,396,倩碧,1508160.0,0.042011457670273714,100-200元,0,口红,348.6492890995261,高端品牌
2025-11-14,A18296993899,Clinique/倩碧面膜水嫩保湿夜间滋养面膜100ml面膜 补水保湿 正品,330.0,1581,75,倩碧,521730.0,0.04743833017077799,200-500元,0,面膜,348.6492890995261,高端品牌
2025-11-14,A18297345732,Clinique倩碧3号水 明肌净透水 温和爽肤水化妆水女 控油补水,155.0,34312,4935,倩碧,5318360.0,0.14382723245511775,100-200元,1,爽肤水,348.6492890995261,高端品牌
2025-11-14,A18297413026,Clinique倩碧2号水 明肌净透水 温和爽肤水化妆水 补水保湿无刺激,155.0,38463,3978,倩碧,5961765.0,0.10342406988534436,100-200元,1,爽肤水,348.6492890995261,高端品牌
2025-11-14,A18297573015,Clinique/倩碧粉饼至真亮妍粉饼粉芯SPF26/PA+++ 10g粉饼遮瑕保湿,350.0,657,59,倩碧,229950.0,0.0898021308980213,200-500元,0,其他,348.6492890995261,高端品牌
2025-11-14,A18297865077,倩碧卓越润肤乳 天才黄油有油 保湿补水乳液,295.0,52600,3261,倩碧,15517000.0,0.06199619771863118,200-500元,1,乳液,348.6492890995261,高端品牌
2025-11-14,A18298041965,Clinique倩碧水磁场眼霜 眼部护理水凝霜 保湿淡化细纹黑眼圈正品,390.0,8202,434,倩碧,3198780.0,0.052913923433308946,200-500元,0,眼霜,348.6492890995261,高端品牌
2025-11-14,A18300077547,Clinique/倩碧 套装 面部套装 净颜三步曲套装 抗痘,690.0,1544,56,倩碧,1065360.0,0.03626943005181347,500-1000元,0,其他,348.6492890995261,高端品牌
2025-11-14,A18300969341,倩碧蜜粉晶莹蜜粉35g散粉 蜜粉 定妆 粉 clinique彩妆 专柜正品,300.0,733,67,倩碧,219900.0,0.09140518417462483,200-500元,0,蜜粉,348.6492890995261,高端品牌
2025-11-14,A18301461797,倩碧遮瑕膏 眼部遮瑕霜10ml遮瑕膏 隐藏黑眼圈 专柜正品,220.0,258,18,倩碧,56760.0,0.06976744186046512,200-500元,0,其他,348.6492890995261,高端品牌
2025-11-14,A18311070316,倩碧面霜 男士平衡保湿霜50ml  深层补水  淡化细纹专柜正品,340.0,1084,68,倩碧,368560.0,0.06273062730627306,200-500元,0,面霜,348.6492890995261,高端品牌
2025-11-14,A18371782523,clinique倩碧毛孔细致精华露30ml 毛孔隐形收缩毛孔精华 专柜正品,420.0,3741,123,倩碧,1571220.0,0.03287890938251804,200-500元,0,精华,348.6492890995261,高端品牌
2025-11-14,A18383465516,Clinique/倩碧防晒霜 正品 女 防紫外线50ml SPF30+/PA+++(SPF50),320.0,790,87,倩碧,252800.0,0.11012658227848102,200-500元,0,防晒,348.6492890995261,高端品牌
2025-11-14,A18413490530,Clinique倩碧净彻爽肤水200ml 男士护肤洁肤化妆水 温和去角质,190.0,1890,178,倩碧,359100.0,0.09417989417989418,100-200元,0,爽肤水,348.6492890995261,高端品牌
2025-11-14,A18448094831,倩碧工具 倩碧自动眉笔笔杆 请与倩碧自动眉笔芯配套使用专柜正品,60.0,300,19,倩碧,18000.0,0.06333333333333334,50-100元,0,其他,348.6492890995261,高端品牌
2025-11-14,A19335077548,倩碧蜡笔小胖眼影  易上色  色泽持久不晕染  倩碧正品,160.0,809,60,倩碧,129440.0,0.07416563658838071,100-200元,0,眼影,348.6492890995261,高端品牌
2025-11-14,A20039349183,Clinique倩碧眼霜 去黑眼圈匀净卓研淡化黑眼圈眼霜10ml 眼部护理,390.0,2014,87,倩碧,785460.0,0.04319761668321748,200-500元,0,眼霜,348.6492890995261,高端品牌
2025-11-14,A20327543730,倩碧洗面奶 洁面净颜洁面摩丝125ml 洁面摩丝 洁面乳 专柜正品,240.0,1416,65,倩碧,339840.0,0.04590395480225989,200-500元,0,洁面,348.6492890995261,高端品牌
2025-11-14,A20328699963,Clinique/倩碧男士 卓越润肤ㄠ100ml 保湿护肤乳液 无油,340.0,3426,265,倩碧,1164840.0,0.07734967892586106,200-500元,0,乳液,348.6492890995261,高端品牌
2025-11-14,A20328879809,Clinique/倩碧 男士洁面皂150g保湿 控油 深层清洁 正品,160.0,2588,179,倩碧,414080.0,0.06916537867078826,100-200元,0,洁面,348.6492890995261,高端品牌
2025-11-14,A20329383718,clinique/倩碧面部精华 匀净卓研淡斑精华液 淡斑祛斑淡化黑色素,495.0,11944,481,倩碧,5912280.0,0.04027126590756865,200-500元,1,精华,348.6492890995261,高端品牌
2025-11-14,A20331063589,Clinique/倩碧洁面皂洁面皂(温和型)100/150g洁面泡沫 女正品保证,160.0,2387,205,倩碧,381920.0,0.08588186007540846,100-200元,0,洁面,348.6492890995261,高端品牌
2025-11-14,A20331283850,Clinique/倩碧 匀净粉底液SPF15/PA++30ml 提亮肤色 保湿遮瑕淡斑,350.0,2911,125,倩碧,1018850.0,0.04294057025077293,200-500元,0,粉底,348.6492890995261,高端品牌
2025-11-14,A20331775314,倩碧洁面皂 柔性液体洁面皂200ml 倩碧洗面奶,185.0,1743,135,倩碧,322455.0,0.0774526678141136,100-200元,0,洁面,348.6492890995261,高端品牌
2025-11-14,A20331879344,clinique/倩碧洁面皂 清爽液体洁面皂200ml 控油洗面奶,185.0,18984,2326,倩碧,3512040.0,0.12252423093131058,100-200元,1,洁面,348.6492890995261,高端品牌
2025-11-14,A20332487323,Clinique 倩碧 粉饼盒 至真亮妍粉饼盒 官方入驻,110.0,212,9,倩碧,23320.0,0.04245283018867924,100-200元,0,其他,348.6492890995261,高端品牌
2025-11-14,A20332739108,倩碧卓越润肤ㄠ 天才黄油无油 保湿乳液润肤,295.0,68827,7049,倩碧,20303965.0,0.10241620294361224,200-500元,1,乳液,348.6492890995261,高端品牌
2025-11-14,A20337895326,倩碧眉笔自动眉笔芯0.1g眉笔 防水 防汗 官方旗舰店,110.0,1331,73,倩碧,146410.0,0.054845980465815174,100-200元,0,其他,348.6492890995261,高端品牌
2025-11-14,A20338067799,倩碧香水 倩碧心悦香氛50ml 香水 女士 持久 淡香 官方旗舰店,390.0,100,5,倩碧,39000.0,0.05,200-500元,0,其他,348.6492890995261,高端品牌
2025-11-14,A20338195131,倩碧眼霜弹力紧致眼霜15ml眼霜 淡化细纹 紧致专柜正品,450.0,514,73,倩碧,231300.0,0.14202334630350194,200-500元,0,眼霜,348.6492890995261,高端品牌
2025-11-14,A20451943309,倩碧面部精华 宛若新生精华液50ml  保湿收缩 特供套装,550.0,6890,427,倩碧,3789500.0,0.061973875181422354,500-1000元,0,精华,348.6492890995261,高端品牌
2025-11-14,A20504055605,倩碧 乳液净颜清爽保湿露50ml 清爽 乳液 专柜正品,260.0,1147,65,倩碧,298220.0,0.05666957279860506,200-500元,0,乳液,348.6492890995261,高端品牌
2025-11-14,A20527291846,倩碧温和液体洁面皂200ml 洗面奶 女,185.0,25979,2030,倩碧,4806115.0,0.07814003618307094,100-200元,1,洁面,348.6492890995261,高端品牌
2025-11-14,A24783768607,倩碧 卸妆水 深层清洁 眼部唇部卸妆液125ml 彩妆卸妆水 正品保证,220.0,1561,155,倩碧,343420.0,0.09929532351057015,200-500元,0,卸妆,348.6492890995261,高端品牌
2025-11-14,A24784328784,Clinique倩碧男士卓越润肤乳 有油黄油面霜保湿乳液,340.0,1381,82,倩碧,469540.0,0.05937726285300507,200-500元,0,面霜,348.6492890995261,高端品牌
2025-11-14,A24785704554,倩碧卸妆油柔性洁颜油200ml 深层清洁  不干燥 不紧绷官方入驻,300.0,762,53,倩碧,228600.0,0.06955380577427822,200-500元,0,卸妆,348.6492890995261,高端品牌
2025-11-14,A24786124903,Clinique/倩碧眼部护理男士冰爽滚珠眼胶15ml  去黑眼圈 舒缓水肿,390.0,738,62,倩碧,287820.0,0.08401084010840108,200-500元,0,其他,348.6492890995261,高端品牌
2025-11-14,A24786940482,倩碧洗面奶 洁面皂（柔性）100g洁面 女 洁面 泡沫 专柜正品,160.0,371,18,倩碧,59360.0,0.04851752021563342,100-200元,0,洁面,348.6492890995261,高端品牌
2025-11-14,A24788440532,clinique/倩碧洁面皂（清爽）固体洁面皂 100g/150g 带皂盒 正品,160.0,4396,331,倩碧,703360.0,0.07529572338489536,100-200元,0,洁面,348.6492890995261,高端品牌
2025-11-14,A24789636827,倩碧爽肤水 明肌净透水1号 200ml 爽肤水官方旗舰店 正品保证,155.0,3762,397,倩碧,583110.0,0.10552897395002658,100-200元,0,爽肤水,348.6492890995261,高端品牌
2025-11-14,A24791504289,倩碧 水嫩保湿润肤霜50ml 水磁场面霜 深层,340.0,29352,1904,倩碧,9979680.0,0.06486781139275007,200-500元,1,面霜,348.6492890995261,高端品牌
2025-11-14,A24795704056,Clinique倩碧遮瑕膏 毛孔细致修颜霜15ml 多色遮瑕膏 官方旗舰店,280.0,269,9,倩碧,75320.0,0.03345724907063197,200-500元,0,其他,348.6492890995261,高端品牌
2025-11-14,A24795912547,倩碧男士青春眼霜15ml男士眼霜 淡细纹皱纹 专柜正品,390.0,430,29,倩碧,167700.0,0.06744186046511629,200-500元,0,眼霜,348.6492890995261,高端品牌
2025-11-14,A24796180955,Clinique倩碧眼线 炫目眼线笔 眼线笔 防水不晕染 官方旗舰店1.2g,190.0,447,48,倩碧,84930.0,0.10738255033557047,100-200元,0,其他,348.6492890995261,高端品牌
2025-11-14,A24797476230,Clinique倩碧发光面膜 宛若新生光采面膜75ml 保湿提亮 收缩毛孔,360.0,912,51,倩碧,328320.0,0.05592105263157895,200-500元,0,面膜,348.6492890995261,高端品牌
2025-11-14,A24797504776,倩碧眼线耀眼眼线膏5g 眼线膏防水不晕染 正品官方旗舰店,180.0,622,12,倩碧,111960.0,0.01929260450160772,100-200元,0,其他,348.6492890995261,高端品牌
2025-11-14,A24798032149,倩碧隔离霜日用清爽防晒隔离霜SPF30+ 40ml防晒隔离正品保证,320.0,269,57,倩碧,86080.0,0.21189591078066913,200-500元,0,防晒,348.6492890995261,高端品牌
2025-11-14,A24798316529,Clinique/倩碧喷雾水嫩保湿面部喷雾125ml保湿喷雾 补水喷雾正品,280.0,1381,87,倩碧,386680.0,0.06299782766111513,200-500元,0,喷雾,348.6492890995261,高端品牌
2025-11-14,A24798360734,倩碧卸妆水洗卸妆泡沫霜150ml 卸妆泡沫 官方旗舰店,195.0,3259,352,倩碧,635505.0,0.10800859159251304,100-200元,0,卸妆,348.6492890995261,高端品牌
2025-11-14,A24927180465,Clinique/倩碧眼霜 眼部护理滋养霜15ml 去黑眼圈 眼精华 正品,390.0,1185,27,倩碧,462150.0,0.02278481012658228,200-500元,0,精华,348.6492890995261,高端品牌
2025-11-14,A25059008975,Clinique/倩碧男士净彻控油爽肤水 男士清爽控油化妆水收缩毛孔,190.0,5064,553,倩碧,962160.0,0.10920221169036334,100-200元,0,爽肤水,348.6492890995261,高端品牌
2025-11-14,A25059884999,倩碧 焕妍活力提拉日霜  (混合偏干性/混合偏油性肌肤) 紧致提拉,530.0,320,23,倩碧,169600.0,0.071875,500-1000元,0,其他,348.6492890995261,高端品牌
2025-11-14,A25060200460,Clinique/倩碧男士组合,530.0,185,5,倩碧,98050.0,0.02702702702702703,500-1000元,0,其他,348.6492890995261,高端品牌
2025-11-14,A25163892822,Clinique/倩碧眼霜 焕妍活力抗皱眼霜15ml  抚痕回弹减龄专柜正品,450.0,1954,30,倩碧,879300.0,0.015353121801432957,200-500元,0,眼霜,348.6492890995261,高端品牌
2025-11-14,A25163960086,倩碧洁面皂男士固体洗脸皂150g 控油抑痘洁面,160.0,12406,1718,倩碧,1984960.0,0.13848137997743026,100-200元,1,洁面,348.6492890995261,高端品牌
2025-11-14,A26079856546,倩碧男士护肤套装 男士净彻/控油三步曲 控油,730.0,3691,402,倩碧,2694430.0,0.10891357355730154,500-1000元,0,其他,348.6492890995261,高端品牌
2025-11-14,A35382668465,倩碧 水嫩保湿精华霜 深层补水保湿 王牌水磁场,340.0,7161,238,倩碧,2434740.0,0.033235581622678395,200-500元,0,精华,348.6492890995261,高端品牌
2025-11-14,A35451314183,Clinique/倩碧光子小白瓶面部精华焕妍活力精华露抗皱 保湿精华,620.0,714,46,倩碧,442680.0,0.06442577030812324,500-1000元,0,精华,348.6492890995261,高端品牌
2025-11-14,A35459307117,Clinique/倩碧润肤乳50ml 天才黄油有油 倩碧小黄油正品 官方直售,140.0,10798,586,倩碧,1511720.0,0.054269309131320616,100-200元,1,其他,348.6492890995261,高端品牌
2025-11-14,A35691798552,Clinique/倩碧CC霜 水嫩保湿修颜霜SPF30/PA+++40ml 裸妆遮瑕保湿,350.0,3779,147,倩碧,1322650.0,0.03889917967716327,200-500元,0,其他,348.6492890995261,高端品牌
2025-11-14,A35716989604,Clinique倩碧 经典三步曲 1.0/1/2/3/4号 护肤套装,635.0,32945,4077,倩碧,20920075.0,0.12375170739110639,500-1000元,1,其他,348.6492890995261,高端品牌
2025-11-14,A36202589348,Clinique/倩碧润唇膏 水漾滋润唇膏笔3g非常新色蜡笔小胖口红唇彩,160.0,227,17,倩碧,36320.0,0.07488986784140969,100-200元,0,口红,348.6492890995261,高端品牌
2025-11-14,A36508619580,Clinique/倩碧舒柔身体乳 深层滋润 丝滑质感 400ml,395.0,241,6,倩碧,95195.0,0.024896265560165973,200-500元,0,其他,348.6492890995261,高端品牌
2025-11-14,A37593099080,Clinique倩碧匀净卓研淡斑面膜水洗式面膜提,380.0,4406,211,倩碧,1674280.0,0.047889241942805263,200-500元,0,面膜,348.6492890995261,高端品牌
2025-11-14,A39090271686,Clinique倩碧匀净卓研水精萃(混合干性)保湿净白爽肤水 晶莹剔透,350.0,1225,100,倩碧,428750.0,0.08163265306122448,200-500元,0,爽肤水,348.6492890995261,高端品牌
2025-11-14,A39469753576,Clinique倩碧声波洁面仪 电动洗脸美容仪深层清洁,980.0,4508,13,倩碧,4417840.0,0.002883762200532387,500-1000元,0,洁面,348.6492890995261,高端品牌
2025-11-14,A40159308647,Clinique/倩碧 洁面仪专用刷头,190.0,2794,392,倩碧,530860.0,0.14030064423765212,100-200元,0,洁面,348.6492890995261,高端品牌
2025-11-14,A40994675748,Clinique倩碧 男士护肤保湿爽肤水200ml 保湿补水化妆水,220.0,3641,308,倩碧,801020.0,0.08459214501510574,200-500元,0,爽肤水,348.6492890995261,高端品牌
2025-11-14,A41001140971,Clinique倩碧男士液体洁面皂 深层清洁洗面奶 清爽 真男人专供,200.0,2397,142,倩碧,479400.0,0.0592407175636212,100-200元,0,洁面,348.6492890995261,高端品牌
2025-11-14,A41036013899,Clinique/倩碧男士保湿套装 保湿三部曲 男士护肤三步曲,760.0,922,81,倩碧,700720.0,0.0878524945770065,500-1000元,0,其他,348.6492890995261,高端品牌
2025-11-14,A41044151800,Clinique/倩碧男士芦荟剃须ㄠ 125ml 男士护肤官方正品,260.0,171,17,倩碧,44460.0,0.09941520467836257,200-500元,0,其他,348.6492890995261,高端品牌
2025-11-14,A41372642031,倩碧 男士三步曲护肤套装 控油固体洁面皂三部,690.0,563,53,倩碧,388470.0,0.0941385435168739,500-1000元,0,洁面,348.6492890995261,高端品牌
2025-11-14,A42540954978,Clinique/倩碧焕妍活力立体塑颜晚霜50ml 提拉紧致面霜抗皱保湿,495.0,644,46,倩碧,318780.0,0.07142857142857142,200-500元,0,面霜,348.6492890995261,高端品牌
2025-11-14,A43192767058,倩碧口红 变色龙宝贝小胖 滋润持久 女 唇彩,160.0,10878,1214,倩碧,1740480.0,0.11160139731568303,100-200元,1,口红,348.6492890995261,高端品牌
2025-11-14,A43756674321,Clinique倩男士三步曲体验套装 三步曲旅行装 控油,100.0,22768,3172,倩碧,2276800.0,0.1393183415319747,50-100元,1,其他,348.6492890995261,高端品牌
2025-11-14,A43782411753,Clinique倩碧倩碧净透泡沫洁面乳 女士补水洗面奶 泡沫丰富,200.0,2729,371,倩碧,545800.0,0.13594723341883475,100-200元,0,洁面,348.6492890995261,高端品牌
2025-11-14,A44403718995,Clinique/倩碧 水嫩保湿润肤霜15ml 专柜正品 小容量,95.0,863,143,倩碧,81985.0,0.1657010428736964,50-100元,0,其他,348.6492890995261,高端品牌
2025-11-14,A44675698384,Clinique/倩碧水嫩保湿精华霜 15ml 补水 滋润 专柜正品,95.0,702,89,倩碧,66690.0,0.1267806267806268,50-100元,0,精华,348.6492890995261,高端品牌
2025-11-14,A44798335562,Clinique/倩碧宛若新生精华露30ml 面部保湿精华,380.0,330,0,倩碧,125400.0,0.0,200-500元,0,精华,348.6492890995261,高端品牌
2025-11-14,A44824876338,倩碧 宛若新生水精萃200ml 爽肤水化妆水 女,250.0,6447,671,倩碧,1611750.0,0.10407941678299984,200-500元,0,爽肤水,348.6492890995261,高端品牌
2025-11-14,A44881819748,Clinique倩碧发光面霜 宛若新生光采面霜50ml 长效保湿 补水 女,360.0,1852,162,倩碧,666720.0,0.08747300215982722,200-500元,0,面霜,348.6492890995261,高端品牌
2025-11-14,A44882828697,倩碧Clinique 雾面小方唇膏 晓彤色,180.0,67,0,倩碧,12060.0,0.0,100-200元,0,其他,348.6492890995261,高端品牌
2025-11-14,A45096521627,倩碧宛若新生三步曲 三部曲套装 护肤化妆品,990.0,1838,107,倩碧,1819620.0,0.05821545157780196,500-1000元,0,其他,348.6492890995261,高端品牌
2025-11-14,A45242558597,【新品体验装】Clinique倩碧 水嫩保湿体验装 特供套装,150.0,173,24,倩碧,25950.0,0.13872832369942195,100-200元,0,其他,348.6492890995261,高端品牌
2025-11-14,A45383841243,Clinique倩碧 宛若新生 早安乳50ml 日霜 卓效补水 清爽不油腻,360.0,465,32,倩碧,167400.0,0.06881720430107527,200-500元,0,其他,348.6492890995261,高端品牌
2025-11-14,A45572809457,Clinique倩碧水嫩保湿粉凝霜  CC 保湿水润 皙白遮瑕 专柜正品,350.0,253,5,倩碧,88550.0,0.019762845849802372,200-500元,0,其他,348.6492890995261,高端品牌
2025-11-14,A45634966881,倩碧黑武士男士洁面仪 电动洗脸仪 深层毛孔清,980.0,1918,240,倩碧,1879640.0,0.1251303441084463,500-1000元,0,洁面,348.6492890995261,高端品牌
2025-11-14,A45806527734,Clinique倩碧男士活炭净爽洁面乳 200ml 卓效控油洗面奶,230.0,2334,379,倩碧,536820.0,0.16238217652099401,200-500元,0,洁面,348.6492890995261,高端品牌
2025-11-14,A520188853210,Clinique/倩碧 男士声波洁面仪刷头 黑武士洁面仪刷头,190.0,241,42,倩碧,45790.0,0.17427385892116182,100-200元,0,洁面,348.6492890995261,高端品牌
2025-11-14,A520507179441,Clinique/倩碧毛孔细致竹炭面膜 官方正品 去除多余油脂 细致毛孔,290.0,444,59,倩碧,128760.0,0.13288288288288289,200-500元,0,面膜,348.6492890995261,高端品牌
2025-11-14,A521163242356,Clinique/倩碧水嫩保湿夜间面膜30ml,135.0,335,55,倩碧,45225.0,0.16417910447761194,100-200元,0,面膜,348.6492890995261,高端品牌
2025-11-14,A521407572440,【新品体验装】Clinique/倩碧 宛若新生三步曲 体验装 特供套装,130.0,254,39,倩碧,33020.0,0.15354330708661418,100-200元,0,其他,348.6492890995261,高端品牌
2025-11-14,A521585567310,Clinique/倩碧宛若新生光采面霜15ml,95.0,549,41,倩碧,52155.0,0.07468123861566485,50-100元,0,面霜,348.6492890995261,高端品牌
2025-11-14,A522019869007,Clinique/倩碧紧颜提升精华素30ml/50ml,680.0,199,32,倩碧,135320.0,0.16080402010050251,500-1000元,0,精华,348.6492890995261,高端品牌
2025-11-14,A522086585561,Clinique/倩碧动感声波按摩仪刷头 紧致提升,280.0,765,56,倩碧,214200.0,0.07320261437908497,200-500元,0,其他,348.6492890995261,高端品牌
2025-11-14,A522569180723,Clinique/倩碧唇膏口红 甜心撞色小方  长效持久,180.0,990,7,倩碧,178200.0,0.007070707070707071,100-200元,0,口红,348.6492890995261,高端品牌
2025-11-14,A523190563999,Clinique/倩碧智慧锁定眼部修护精华素 淡化鱼尾纹 紧致,395.0,253,36,倩碧,99935.0,0.1422924901185771,200-500元,0,精华,348.6492890995261,高端品牌
2025-11-14,A526547199858,clinique/倩碧双星淡斑精华液50ml  双效淡化色斑 晒斑,730.0,10139,1428,倩碧,7401470.0,0.14084229213926422,500-1000元,1,精华,348.6492890995261,高端品牌
2025-11-14,A526563894466,倩碧魔妆点点棒 粉底液遮瑕笔二合一 保湿遮瑕,350.0,3539,480,倩碧,1238650.0,0.13563153433173214,200-500元,0,粉底,348.6492890995261,高端品牌
2025-11-14,A526571689826,Clinique/倩碧淡斑双星 匀净卓研淡斑双效精华露+淡斑面膜套装,1110.0,104,35,倩碧,115440.0,0.33653846153846156,1000元以上,0,面膜,348.6492890995261,高端品牌
2025-11-14,A530244457790,Clinique/倩碧至美粉饼盒,100.0,60,23,倩碧,6000.0,0.38333333333333336,50-100元,0,其他,348.6492890995261,高端品牌
2025-11-14,A530432433780,倩碧唇膏口红 撞色小方唇膏  清透唇色 持久滋润,180.0,401,137,倩碧,72180.0,0.341645885286783,100-200元,0,口红,348.6492890995261,高端品牌
2025-11-14,A530457768935,倩碧唇膏口红 撞色小方唇釉 持久保湿滋润,180.0,677,249,倩碧,121860.0,0.36779911373707536,100-200元,0,口红,348.6492890995261,高端品牌
2025-11-14,A531868515860,Clinique/倩碧净柔慕斯洁面泡沫 深层清洁毛孔,220.0,30,12,倩碧,6600.0,0.4,200-500元,0,洁面,348.6492890995261,高端品牌
2025-11-14,A532074929138,倩碧小雏菊眼影 粉状,195.0,89,38,倩碧,17355.0,0.42696629213483145,100-200元,0,眼影,348.6492890995261,高端品牌
2025-11-14,A533339496973,Clinique/倩碧 卓越润肤露 天才黄油 有油无油长效保湿,295.0,6228,794,倩碧,1837260.0,0.12748876043673732,200-500元,0,其他,348.6492890995261,高端品牌
2025-11-14,A533648350140,Clinique倩碧明肌净透水1.0号 温和去死皮 无酒精 化妆水爽肤水,155.0,5168,2339,倩碧,801040.0,0.45259287925696595,100-200元,0,爽肤水,348.6492890995261,高端品牌
2025-11-14,A533674821673,clinique/倩碧活力沁凉眼霜 电眼充电宝 眼霜,255.0,3254,1302,倩碧,829770.0,0.40012292562999385,200-500元,0,眼霜,348.6492890995261,高端品牌
2025-11-14,A534364462574,Clinique倩碧三步曲Tmall专供体验套装TAD1.0有油,340.0,76,35,倩碧,25840.0,0.4605263157894737,200-500元,0,其他,348.6492890995261,高端品牌
2025-11-14,A534428600292,Clinique倩碧三步曲Tmall专供体验套装TAD1.0无油,340.0,123,57,倩碧,41820.0,0.4634146341463415,200-500元,0,其他,348.6492890995261,高端品牌
2025-11-14,A534428912779,Clinique倩碧三步曲Tmall专供体验套装2号,340.0,136,52,倩碧,46240.0,0.38235294117647056,200-500元,0,其他,348.6492890995261,高端品牌
2025-11-14,A534712728700,Clinique倩碧天才黄油 王牌水磁场面霜 套装,635.0,1050,18,倩碧,666750.0,0.017142857142857144,500-1000元,0,面霜,348.6492890995261,高端品牌
2025-11-14,A535349266843,倩碧明肌净透神水1.0/1/2/3/4号温和擦去老废,155.0,16524,6387,倩碧,2561220.0,0.3865286855482934,100-200元,1,其他,348.6492890995261,高端品牌
2025-11-14,A536139475020,Clinique/倩碧甜心小方唇颊两用胭脂釉,180.0,35,17,倩碧,6300.0,0.4857142857142857,100-200元,0,其他,348.6492890995261,高端品牌
2025-11-14,A536886363563,倩碧Clinique活力修颜保湿霜50ml,280.0,8,5,倩碧,2240.0,0.625,200-500元,0,其他,348.6492890995261,高端品牌
2025-11-14,A538823881523,Clinique/倩碧经典三步曲 双倍水 特供套装400ml,695.0,12026,27,倩碧,8358070.0,0.0022451355396640614,500-1000元,1,其他,348.6492890995261,高端品牌
2025-11-14,A539351535595,倩碧面部精华 宛若新生精华液50ml  保湿收缩 限量特供,550.0,53,0,倩碧,29150.0,0.0,500-1000元,0,精华,348.6492890995261,高端品牌
2025-11-14,A539423989830,Clinique/倩碧经典三步曲特供套装400ml 双倍水 套装 特供,695.0,1232,12,倩碧,856240.0,0.00974025974025974,500-1000元,0,其他,348.6492890995261,高端品牌
2025-11-14,A540608282767,Clinique倩碧 小雏菊胭脂 腮红,130.0,1548,6,倩碧,201240.0,0.003875968992248062,100-200元,0,其他,348.6492890995261,高端品牌
2025-11-14,A540806660529,Clinique/倩碧 经典三步曲 护肤套装 体验装 旅行装,150.0,23,0,倩碧,3450.0,0.0,100-200元,0,其他,348.6492890995261,高端品牌
2025-11-14,A541463986874,【新品体验装】Clinique倩碧 净颜抗痘 体验装 旅行装,150.0,19,1,倩碧,2850.0,0.05263157894736842,100-200元,0,其他,348.6492890995261,高端品牌
2025-11-13,A18295017698,倩碧面霜匀净卓研润肤ǖ0ml面霜 保湿 补水 正品 官方旗舰店,390.0,886,102,倩碧,345540.0,0.11512415349887133,200-500元,0,面霜,348.6492890995261,高端品牌
2025-11-13,A44822778855,Clinique倩男士三步曲体验套装 三步曲旅行装 控油,100.0,304,36,倩碧,30400.0,0.11842105263157894,50-100元,0,其他,348.6492890995261,高端品牌
2025-11-13,A520256171671,倩碧唇膏口红 甜心撞色小方唇膏棒  保湿滋润女多色,180.0,10651,1417,倩碧,1917180.0,0.13303915125340343,100-200元,1,口红,348.6492890995261,高端品牌
2025-11-11,A20338467905,倩碧 睫毛膏 倩碧纤长睫毛膏 6ml 质地轻盈 抗水抗汗 专柜正品,250.0,100,10,倩碧,25000.0,0.1,200-500元,0,睫毛膏,348.6492890995261,高端品牌
2025-11-11,A20447851573,Clinique/倩碧 润肤乳15ml 天才黄油有油 保湿补水乳液 正品,50.0,7755,740,倩碧,387750.0,0.09542230818826564,0-50元,0,乳液,348.6492890995261,高端品牌
2025-11-11,A24783440559,Clinique倩碧卓研净痘胶 祛痘镇定舒缓 明星点痘胶快速有效,180.0,4539,469,倩碧,817020.0,0.10332672394800617,100-200元,0,其他,348.6492890995261,高端品牌
2025-11-11,A24786352937,Clinique/倩碧香氛50ml香水 香氛 经典女香 happy 倩碧官方旗舰店,390.0,418,43,倩碧,163020.0,0.10287081339712918,200-500元,0,其他,348.6492890995261,高端品牌
2025-11-11,A25054036355,倩碧面霜焕妍活力提升紧致霜50ml混合型肌肤 提拉紧致抗皱,530.0,537,22,倩碧,284610.0,0.040968342644320296,500-1000元,0,面霜,348.6492890995261,高端品牌
2025-11-11,A42041014280,Clinique/倩碧润肤露ㄠ浞轿抻突朴捅5ml清爽保湿乳液,50.0,11217,2630,倩碧,560850.0,0.234465543371668,0-50元,1,乳液,348.6492890995261,高端品牌
2025-11-11,A45592300113,Clinique倩碧水嫩保湿CC 粉饼盒,80.0,17,6,倩碧,1360.0,0.35294117647058826,50-100元,0,其他,348.6492890995261,高端品牌
2025-11-11,A520806915064,【日常】 Clinique/倩碧 甜心撞色小方唇膏棒  持久保湿滋润,180.0,141,57,倩碧,25380.0,0.40425531914893614,100-200元,0,其他,348.6492890995261,高端品牌
2025-11-11,A522005691144,Clinique/倩碧紧颜提升按摩面膜50ml,380.0,259,18,倩碧,98420.0,0.0694980694980695,200-500元,0,面膜,348.6492890995261,高端品牌
2025-11-11,A538755311367,【11-11】倩碧小雏菊腮红+甜心小方唇膏棒,310.0,38,0,倩碧,11780.0,0.0,200-500元,0,其他,348.6492890995261,高端品牌
2025-11-11,A539349405775,【11-11备用】Clinique/倩碧经典三步曲特供套装400ml,695.0,5157,3,倩碧,3584115.0,0.0005817335660267597,500-1000元,0,其他,348.6492890995261,高端品牌
2025-11-11,A539381704973,【11-11备用】倩碧双效淡斑精华特供套装 祛斑消除黑色素,730.0,1506,0,倩碧,1099380.0,0.0,500-1000元,0,精华,348.6492890995261,高端品牌
2025-11-11,A540603853984,【11-11】Clinique/倩碧卸妆 紫晶卸妆霜125ml 深层清洁温和卸妆,260.0,78,0,倩碧,20280.0,0.0,200-500元,0,卸妆,348.6492890995261,高端品牌
2025-11-10,A18299981003,【11.11专享】倩碧三步曲护肤套装【日常拍下不发货】,635.0,840,16,倩碧,533400.0,0.01904761904761905,500-1000元,0,其他,348.6492890995261,高端品牌
2025-11-10,A20336415584,倩碧乳液 芦荟晒后修护露150ml 晒后修护ㄠ 正品保证,320.0,235,31,倩碧,75200.0,0.13191489361702127,200-500元,0,乳液,348.6492890995261,高端品牌
2025-11-10,A24965452567,倩碧 防晒霜 正品 女 防紫外线 面部防晒乳霜SPF30/PA+++50ml,280.0,1069,57,倩碧,299320.0,0.05332086061739944,200-500元,0,防晒,348.6492890995261,高端品牌
2025-11-10,A25058441000,倩碧面霜焕妍活力提升紧致霜50ml干性肌肤 提拉紧致 抗皱 抗氧化,530.0,161,15,倩碧,85330.0,0.09316770186335403,500-1000元,0,面霜,348.6492890995261,高端品牌
2025-11-10,A35360021415,【11-11预售】倩碧小雏菊眼影 粉状,195.0,33,0,倩碧,6435.0,0.0,100-200元,0,眼影,348.6492890995261,高端品牌
2025-11-10,A38687750211,倩碧匀净卓研水精萃(油性混合性) 净白晶透锁水 保湿爽肤水,350.0,1172,100,倩碧,410200.0,0.08532423208191127,200-500元,0,爽肤水,348.6492890995261,高端品牌
2025-11-10,A41048508547,Clinique/倩碧男士护肤青春修护乳 100ml 修护乳 去细纹官方正品,450.0,328,21,倩碧,147600.0,0.06402439024390244,200-500元,0,其他,348.6492890995261,高端品牌
2025-11-10,A41716975750,【仅限11.11专享】Clinique倩碧 小雏菊胭脂腮红,130.0,20033,4691,倩碧,2604290.0,0.2341636300104827,100-200元,1,其他,348.6492890995261,高端品牌
2025-11-10,A41982056407,【11-11预售】Clinique倩碧小雏菊腮红 胭脂,130.0,7348,792,倩碧,955240.0,0.10778443113772455,100-200元,0,其他,348.6492890995261,高端品牌
2025-11-10,A43396008506,【11-11预售】倩碧 匀净卓研淡斑面膜100ml,380.0,79,0,倩碧,30020.0,0.0,200-500元,0,面膜,348.6492890995261,高端品牌
2025-11-10,A43722923113,Clinique/倩碧 男士防晒润肤露SPF21,350.0,483,50,倩碧,169050.0,0.10351966873706005,200-500元,0,防晒,348.6492890995261,高端品牌
2025-11-10,A44157283095,【11-11抢先预售】Clinique/倩碧声波洁面仪 电动洗脸刷美容仪,980.0,317,0,倩碧,310660.0,0.0,500-1000元,0,洁面,348.6492890995261,高端品牌
2025-11-10,A44281497564,【11-11抢先预售】 Clinique倩碧男士声波洁面仪 黑武士 清除暗沉,980.0,230,20,倩碧,225400.0,0.08695652173913043,500-1000元,0,洁面,348.6492890995261,高端品牌
2025-11-10,A44797335431,【11-11抢先预售】倩碧男士护肤套装 男士净彻/控油三步曲 洁面,730.0,535,0,倩碧,390550.0,0.0,500-1000元,0,洁面,348.6492890995261,高端品牌
2025-11-10,A44800211159,【试用】倩碧全明星体验装 特供套装【日常拍下不发货】,195.0,6,4,倩碧,1170.0,0.6666666666666666,100-200元,0,其他,348.6492890995261,高端品牌
2025-11-10,A44819830896,【11-11预售】Clinique/倩碧宛若新生新三步曲,990.0,1092,0,倩碧,1081080.0,0.0,500-1000元,0,其他,348.6492890995261,高端品牌
2025-11-10,A44865953702,【11-11预售】Clinique/倩碧 男士三步曲 控油固皂,690.0,56,0,倩碧,38640.0,0.0,500-1000元,0,其他,348.6492890995261,高端品牌
2025-11-10,A44867005927,【11-11预售】倩碧 城市隔离霜SPF30+ 美白防晒,380.0,178,0,倩碧,67640.0,0.0,200-500元,0,防晒,348.6492890995261,高端品牌
2025-11-10,A44928278758,【11-11预售】Clinique倩碧 宝贝小胖唇膏 变色龙 保湿,160.0,612,0,倩碧,97920.0,0.0,100-200元,0,其他,348.6492890995261,高端品牌
2025-11-10,A44930426140,【11-11预售】Clinique/倩碧 卸妆 紫晶卸妆霜125ml 深层清洁,260.0,405,2,倩碧,105300.0,0.0049382716049382715,200-500元,0,卸妆,348.6492890995261,高端品牌
2025-11-10,A44975485195,【11-11预售】Clinique/倩碧纤长魔力睫毛膏01 纤长 39度温水即卸,250.0,5,0,倩碧,1250.0,0.0,200-500元,0,睫毛膏,348.6492890995261,高端品牌
2025-11-10,A520415920313,Clinique/倩碧宛若新生精华油 面部补水保湿 精油按摩,360.0,366,27,倩碧,131760.0,0.07377049180327869,200-500元,0,精华,348.6492890995261,高端品牌
2025-11-10,A523249901402,【11】Clinique倩碧卓越润肤乳 ㄠ 125ml,295.0,1458,395,倩碧,430110.0,0.2709190672153635,200-500元,0,其他,348.6492890995261,高端品牌
2025-11-10,A526286002028,Clinique/倩碧卓越润肤霜50ml 润肤霜 补水 保湿 黄油 霜,295.0,178,23,倩碧,52510.0,0.12921348314606743,200-500元,0,其他,348.6492890995261,高端品牌
2025-11-10,A526934051829,【11-11预售】倩碧洁面皂 液体洁面皂200ml 洗面奶 女 正品,185.0,1243,0,倩碧,229955.0,0.0,100-200元,0,洁面,348.6492890995261,高端品牌
2025-11-10,A526972538257,【11-11抢先预售】Clinique/倩碧 宛若新生三步曲,990.0,220,3,倩碧,217800.0,0.013636363636363636,500-1000元,0,其他,348.6492890995261,高端品牌
2025-11-10,A527139517125,【11-11预售】Clinique倩碧 魔妆点点棒 粉底液遮瑕笔二合一,350.0,468,54,倩碧,163800.0,0.11538461538461539,200-500元,0,粉底,348.6492890995261,高端品牌
2025-11-10,A527621873235,【仅限11.11专享】倩碧蜡笔小胖睫毛膏 持久无晕染 卷翘自然浓密,160.0,123,21,倩碧,19680.0,0.17073170731707318,100-200元,0,睫毛膏,348.6492890995261,高端品牌
2025-11-10,A528784130751,【11-11预售】Clinique倩碧男士声波洁面仪 黑武士 清除暗沉,980.0,242,1,倩碧,237160.0,0.004132231404958678,500-1000元,0,洁面,348.6492890995261,高端品牌
2025-11-10,A529666847206,【11-11预售】倩碧男士控油固体洁面皂150g,160.0,287,0,倩碧,45920.0,0.0,100-200元,0,洁面,348.6492890995261,高端品牌
2025-11-10,A529728690493,【11-11预售】倩碧男士护肤套装 男士净彻/控油三步曲 保湿 补水,730.0,601,0,倩碧,438730.0,0.0,500-1000元,0,其他,348.6492890995261,高端品牌
2025-11-10,A530789903541,【11-11抢先预售】Clinique倩碧卓越润肤乳ㄠ 天才黄油有油无油,295.0,5437,553,倩碧,1603915.0,0.10171050211513702,200-500元,0,其他,348.6492890995261,高端品牌
2025-11-10,A530790443674,【11-11预售】倩碧王牌水磁场 面霜 50ml 限量特供套装 补水保湿,340.0,6074,390,倩碧,2065160.0,0.0642081000987817,200-500元,0,面霜,348.6492890995261,高端品牌
2025-11-10,A530844610757,【11-11预售】倩碧双星淡斑精华液 双效淡化色斑晒斑 淡化黑色素,730.0,4101,276,倩碧,2993730.0,0.06730065837600585,500-1000元,0,精华,348.6492890995261,高端品牌
2025-11-10,A530844658939,【11-11抢先预售】倩碧经典三步曲1.0/1/2/3/4号护肤套装面部护理,635.0,4569,803,倩碧,2901315.0,0.17574961698402275,500-1000元,0,其他,348.6492890995261,高端品牌
2025-11-10,A531894697986,【11-11预售】倩碧声波洁面仪 电动洗脸刷美容仪 一机两用,980.0,582,3,倩碧,570360.0,0.005154639175257732,500-1000元,0,洁面,348.6492890995261,高端品牌
2025-11-10,A534648174092,【11-11预售】Clinique倩碧 优雅卷翘睫毛膏,250.0,24,3,倩碧,6000.0,0.125,200-500元,0,睫毛膏,348.6492890995261,高端品牌
2025-11-10,A534873378678,【11-11预售】倩碧2号水 明肌净透水 温和爽肤水 化妆水 无刺激,155.0,2686,356,倩碧,416330.0,0.1325390915860015,100-200元,0,爽肤水,348.6492890995261,高端品牌
2025-11-10,A537447305530,【11-11抢先预售】Clinique倩碧 魔妆点点棒 粉底液遮瑕笔二合一,350.0,165,0,倩碧,57750.0,0.0,200-500元,0,粉底,348.6492890995261,高端品牌
2025-11-10,A539350943523,【11-11抢先预售】倩碧甜心撞色小方 唇膏口红一抹轻松上色,180.0,418,0,倩碧,75240.0,0.0,100-200元,0,口红,348.6492890995261,高端品牌
2025-11-10,A539371947316,【11-11预售】Clinique倩碧 经典三步曲 1.0/1/2/3/4号 护肤套装,635.0,3405,0,倩碧,2162175.0,0.0,500-1000元,0,其他,348.6492890995261,高端品牌
2025-11-10,A539373945600,【11-11预售】倩碧活力沁凉眼霜 电眼充电宝 眼霜 保湿淡水肿,255.0,866,0,倩碧,220830.0,0.0,200-500元,0,眼霜,348.6492890995261,高端品牌
2025-11-10,A539380030495,【11-11预售】Clinique倩碧卓越润肤乳ㄠ 天才黄油 有油 无油,295.0,39108,9,倩碧,11536860.0,0.00023013194231359313,200-500元,1,其他,348.6492890995261,高端品牌
2025-11-10,A539382375615,【11-11抢先预售】倩碧水嫩保湿润肤霜/精华霜50ml水磁场面霜补水,340.0,1842,0,倩碧,626280.0,0.0,200-500元,0,面霜,348.6492890995261,高端品牌
2025-11-10,A539382852522,【11-11抢先预售】倩碧明肌净透水 1.0/1/2/3/4 温和去死皮不刺激,155.0,5100,0,倩碧,790500.0,0.0,100-200元,0,其他,348.6492890995261,高端品牌
2025-11-10,A539743499876,【11-11预售】倩碧 宛若新生精华 特供套装 保湿收缩毛孔 限量,550.0,231,0,倩碧,127050.0,0.0,500-1000元,0,精华,348.6492890995261,高端品牌
2025-11-10,A539828952306,【11-11抢先预售】Clinique倩碧卓越润肤乳ㄠ 天才黄油有油无油,295.0,6786,0,倩碧,2001870.0,0.0,200-500元,0,其他,348.6492890995261,高端品牌
2025-11-10,A539835935841,【11-11抢先预售】倩碧 宛若新生精华特供套装 保湿收缩毛孔,550.0,421,1,倩碧,231550.0,0.0023752969121140144,500-1000元,0,精华,348.6492890995261,高端品牌
2025-11-10,A539965205000,【11-11抢先预售】Clinique倩碧黄油润肤乳ㄠ+水嫩保湿润肤套装,635.0,450,0,倩碧,285750.0,0.0,500-1000元,0,其他,348.6492890995261,高端品牌
2025-11-10,A540000285915,【11-11预售】倩碧 男士净彻/控油爽肤水200ml,190.0,191,0,倩碧,36290.0,0.0,100-200元,0,爽肤水,348.6492890995261,高端品牌
2025-11-10,A540000293087,【11-11预售】倩碧 男士液体洁面皂 控油 洗面奶,200.0,205,0,倩碧,41000.0,0.0,100-200元,0,洁面,348.6492890995261,高端品牌
2025-11-10,A540000803818,【11-11预售】Clinique倩碧男士卓越润肤乳黄油,340.0,128,0,倩碧,43520.0,0.0,200-500元,0,其他,348.6492890995261,高端品牌
2025-11-10,A540001012472,【11-11预售】倩碧卓越润肤ㄠ 天才黄油无油 保湿乳液润肤露,295.0,1255,0,倩碧,370225.0,0.0,200-500元,0,乳液,348.6492890995261,高端品牌
2025-11-10,A540001075324,【11-11预售】Clinique倩碧 天才黄油 王牌水磁场面霜 护肤套装,635.0,771,0,倩碧,489585.0,0.0,500-1000元,0,面霜,348.6492890995261,高端品牌
2025-11-10,A540001241531,【11-11预售】倩碧 雾面小方 唇膏 口红 持久 不褪色 正品,180.0,334,0,倩碧,60120.0,0.0,100-200元,0,口红,348.6492890995261,高端品牌
2025-11-10,A540001926964,【11-11预售】倩碧卓越润肤乳 天才黄油有油 保湿补水乳液 正品,295.0,1097,0,倩碧,323615.0,0.0,200-500元,0,乳液,348.6492890995261,高端品牌
2025-11-10,A540002211678,【11-11预售】倩碧 宛若新生水精萃200ml,250.0,394,0,倩碧,98500.0,0.0,200-500元,0,其他,348.6492890995261,高端品牌
2025-11-10,A540008540663,【11-11抢先预售】Clinique/倩碧 卸妆 紫晶卸妆霜125ml 深层清洁,260.0,316,0,倩碧,82160.0,0.0,200-500元,0,卸妆,348.6492890995261,高端品牌
2025-11-10,A540009289613,【11-11抢先预售】Clinique/倩碧 液体洁面皂 200ml 洗面奶,185.0,429,0,倩碧,79365.0,0.0,100-200元,0,洁面,348.6492890995261,高端品牌
2025-11-10,A540668670182,【11-11预售】倩碧蜡笔小胖睫毛膏 持久无晕染 卷翘自然浓密 易卸,160.0,24,0,倩碧,3840.0,0.0,100-200元,0,睫毛膏,348.6492890995261,高端品牌
2025-11-09,A522017774792,Clinique/倩碧动感声波按摩仪 塑颜套装 立体紧致提升,1070.0,1230,118,倩碧,1316100.0,0.0959349593495935,1000元以上,0,其他,348.6492890995261,高端品牌
2025-11-08,A38099837546,Clinique/倩碧 淡斑精华套装 淡斑精华+淡斑面膜 淡斑双星搭档,875.0,934,17,倩碧,817250.0,0.018201284796573874,500-1000元,0,面膜,348.6492890995261,高端品牌
2025-11-14,A20187022096,欧珀莱俊士磨砂洁面膏125g控油清洁去角质男士温和泡沫洗面,95.0,17051,1755,欧珀莱,1619845.0,0.10292651457392528,50-100元,1,洁面,267.92934782608694,高端品牌
2025-11-14,A20199281832,欧珀莱补水保湿密集修斑精华露30ml 淡斑精华提亮肤色,320.0,9127,2308,欧珀莱,2920640.0,0.25287608195464006,200-500元,0,精华,267.92934782608694,高端品牌
2025-11-14,A22486555911,欧珀莱俊士控油爽肤水150ml男士护肤品滋润爽肤水 补水保湿须后水,125.0,4842,358,欧珀莱,605250.0,0.07393638992152003,100-200元,0,爽肤水,267.92934782608694,高端品牌
2025-11-14,A27334956355,欧珀莱均衡保湿洁面膏125g泡沫洗面奶洁面乳温和清洁控油化妆品女,90.0,17513,2650,欧珀莱,1576170.0,0.15131616513447155,50-100元,1,洁面,267.92934782608694,高端品牌
2025-11-14,A35032183354,欧珀莱男士祛痘膏俊士清痘平衡ㄠ30g控油淡痘印粉刺毛孔,100.0,785,83,欧珀莱,78500.0,0.10573248407643313,50-100元,0,其他,267.92934782608694,高端品牌
2025-11-14,A35246198378,欧珀莱唇彩魅力唇釉 口红液/咬唇妆唇液 保湿滋润6g,170.0,1273,101,欧珀莱,216410.0,0.0793401413982718,100-200元,0,口红,267.92934782608694,高端品牌
2025-11-14,A35258878985,欧珀莱定妆粉 轻盈倍润粉饼12g 彩妆防晒遮瑕干粉保湿控油 多色,270.0,1721,170,欧珀莱,464670.0,0.09877977919814061,200-500元,0,防晒,267.92934782608694,高端品牌
2025-11-14,A35259194701,欧珀莱替换装轻盈倍润粉饼/粉芯12g干湿两用滋润遮瑕粉 控油防晒,210.0,1470,112,欧珀莱,308700.0,0.0761904761904762,200-500元,0,防晒,267.92934782608694,高端品牌
2025-11-14,A35259696414,欧珀莱轻盈倍润粉底液30ml SPF20 防晒保湿遮瑕粉底霜 轻盈,260.0,4873,612,欧珀莱,1266980.0,0.12558998563513235,200-500元,0,防晒,267.92934782608694,高端品牌
2025-11-14,A35260586719,欧珀莱防晒霜 水透防晒隔离露SPF25/60ml 清爽滋润,150.0,7304,1404,欧珀莱,1095600.0,0.192223439211391,100-200元,0,防晒,267.92934782608694,高端品牌
2025-11-14,A35285928885,欧珀莱蕴泽水活睡眠面膜80g 补水保湿免洗面膜夜间滋润,245.0,3451,244,欧珀莱,845495.0,0.0707041437264561,200-500元,0,面膜,267.92934782608694,高端品牌
2025-11-14,A35402756610,欧珀莱男士防晒霜俊士水感防晒隔离液SPF30 长效防晒户外防紫外线,130.0,3051,351,欧珀莱,396630.0,0.11504424778761062,100-200元,0,防晒,267.92934782608694,高端品牌
2025-11-14,A37364091203,欧珀莱眼霜臻白多效眼部凝露20g 补水保湿淡化黑眼圈眼袋紧致眼周,260.0,1543,100,欧珀莱,401180.0,0.06480881399870382,200-500元,0,眼霜,267.92934782608694,高端品牌
2025-11-14,A37364198337,欧珀莱臻白多效柔肤乳液 清润型130ml 补水保湿亮白化妆品女修复,240.0,656,53,欧珀莱,157440.0,0.08079268292682927,200-500元,0,乳液,267.92934782608694,高端品牌
2025-11-14,A37364347718,AUPRES/欧珀莱臻白多效弹润霜50g 焕白补水保湿面霜 护肤品女紧致,290.0,1422,97,欧珀莱,412380.0,0.06821378340365682,200-500元,0,面霜,267.92934782608694,高端品牌
2025-11-14,A37364562122,欧珀莱爽肤水 臻白多效柔肤水/丰润型170ml 焕白补水保湿化妆水女,230.0,675,34,欧珀莱,155250.0,0.05037037037037037,200-500元,0,爽肤水,267.92934782608694,高端品牌
2025-11-14,A37372621890,欧珀莱臻白多效柔肤乳 丰润型130ml 补水保湿乳液 干性肌肤滋润女,240.0,364,17,欧珀莱,87360.0,0.046703296703296704,200-500元,0,乳液,267.92934782608694,高端品牌
2025-11-14,A37479124201,欧珀莱臻白多效柔肤乳液/滋润型130ml 补水保湿亮白淡斑女护肤品,240.0,1106,93,欧珀莱,265440.0,0.08408679927667269,200-500元,0,乳液,267.92934782608694,高端品牌
2025-11-14,A37482396505,【返】欧珀莱护肤品套装臻白基础护理化妆品 滋润补水保湿亮白女,620.0,1013,141,欧珀莱,628060.0,0.13919052319842054,500-1000元,0,其他,267.92934782608694,高端品牌
2025-11-14,A38532450536,欧珀莱爽肤水臻白多效柔润水/滋润型170ml 柔肤水焕白补水,230.0,1529,191,欧珀莱,351670.0,0.1249182472204055,200-500元,0,爽肤水,267.92934782608694,高端品牌
2025-11-14,A38629502799,AUPRES/欧珀莱臻白多效柔肤乳清润型替换装130ml保湿补水滋润嫩白,220.0,204,19,欧珀莱,44880.0,0.09313725490196079,200-500元,0,其他,267.92934782608694,高端品牌
2025-11-14,A40848366498,涌泉润肌锁水霜50g面霜 滋润补水 清爽保湿霜护肤品女紧致,240.0,1516,98,欧珀莱,363840.0,0.06464379947229551,200-500元,0,面霜,267.92934782608694,高端品牌
2025-11-14,A40848798828,欧珀莱涌泉润肌深层保湿补水乳液130ml收缩毛孔【滋润型】护肤品,180.0,1150,80,欧珀莱,207000.0,0.06956521739130435,100-200元,0,乳液,267.92934782608694,高端品牌
2025-11-14,A40883620022,欧珀莱眼霜 涌泉润肌眼部凝霜/精华霜 淡化黑眼圈眼袋 保湿补水女,230.0,2460,269,欧珀莱,565800.0,0.10934959349593495,200-500元,0,精华,267.92934782608694,高端品牌
2025-11-14,A40883620519,欧珀莱乳液女涌泉润肌柔润乳丰润型130ml 补水保湿紧致毛孔化妆品,180.0,366,16,欧珀莱,65880.0,0.04371584699453552,100-200元,0,乳液,267.92934782608694,高端品牌
2025-11-14,A40900478567,欧珀莱涌泉洁面水乳护肤品套装保湿滋润面部护理套装,170.0,4702,837,欧珀莱,799340.0,0.1780093577201191,100-200元,0,洁面,267.92934782608694,高端品牌
2025-11-14,A41077743731,时光锁紧实眼霜淡化细纹黑眼圈眼袋女补水保湿紧致,260.0,24394,347,欧珀莱,6342440.0,0.01422480937935558,200-500元,1,眼霜,267.92934782608694,高端品牌
2025-11-14,A41297006364,AUPRES/欧珀莱恒久美肌焕能精华露30ML 抚平预防皱纹,420.0,201,22,欧珀莱,84420.0,0.10945273631840796,200-500元,0,精华,267.92934782608694,高端品牌
2025-11-14,A41324491679,AUPRES/欧珀莱涌泉系列护肤品水源绿洲精华露 80g 补水保湿精华露,210.0,3729,614,欧珀莱,783090.0,0.16465540359345668,200-500元,0,精华,267.92934782608694,高端品牌
2025-11-14,A41392059005,欧珀莱恒久美肌焕能精华露60ml 修复面部精华液 滋润紧致,660.0,1729,303,欧珀莱,1141140.0,0.17524580682475419,500-1000元,0,精华,267.92934782608694,高端品牌
2025-11-14,A41860907147,欧珀莱轻盈倍润粉底霜30g SPF20.PA++防晒保湿,260.0,827,139,欧珀莱,215020.0,0.16807738814993953,200-500元,0,防晒,267.92934782608694,高端品牌
2025-11-14,A42001799242,【淘抢购】欧珀莱时光锁紧实眼霜 去淡化细纹黑眼圈,478.0,33,0,欧珀莱,15774.0,0.0,200-500元,0,眼霜,267.92934782608694,高端品牌
2025-11-14,A42084304001,Aupres/欧珀莱 PK1立体塑颜造型粉4.8g 彩妆造型粉,190.0,411,76,欧珀莱,78090.0,0.18491484184914841,100-200元,0,其他,267.92934782608694,高端品牌
2025-11-14,A42586693044,欧珀莱/AUPRES护肤品套装臻白基础护理化妆品 滋润补水保湿亮白女,620.0,3214,368,欧珀莱,1992680.0,0.11449906658369632,500-1000元,0,其他,267.92934782608694,高端品牌
2025-11-14,A42872018295,欧珀莱化妆棉面部/脸部卸妆棉 美肤棉400片 纯棉吸水,80.0,4986,371,欧珀莱,398880.0,0.07440834336141196,50-100元,0,卸妆,267.92934782608694,高端品牌
2025-11-14,A43316027900,AUPRES/欧珀莱臻白密集修斑精华露30ml 面部补水保湿淡斑精华液,320.0,11868,683,欧珀莱,3797760.0,0.05754971351533535,200-500元,1,精华,267.92934782608694,高端品牌
2025-11-14,A43434952080,欧珀莱 男士护肤品套装 俊士三件套补水保湿深层清洁控油洗,355.0,3305,361,欧珀莱,1173275.0,0.10922844175491679,200-500元,0,其他,267.92934782608694,高端品牌
2025-11-14,A43870245710,AUPRES/欧珀莱臻源新肌隔离精华露30g(升级版) 遮瑕修颜保湿防晒,330.0,509,35,欧珀莱,167970.0,0.068762278978389,200-500元,0,精华,267.92934782608694,高端品牌
2025-11-14,A43871493412,欧珀莱晒后舒缓露90ml 补水保湿滋润防晒ㄠ 晒后修复女面部全身,120.0,639,68,欧珀莱,76680.0,0.10641627543035993,100-200元,0,防晒,267.92934782608694,高端品牌
2025-11-14,A43886752798,欧珀莱防晒霜女 烈日防晒隔离液60ml 清爽保湿面部全身隔离乳防水,210.0,19597,2478,欧珀莱,4115370.0,0.12644792570291372,200-500元,1,防晒,267.92934782608694,高端品牌
2025-11-14,A44015953493,欧珀莱/AUPRESBB霜臻白多效BB隔离霜升级版裸妆遮瑕强保湿,240.0,1108,80,欧珀莱,265920.0,0.07220216606498195,200-500元,0,隔离霜,267.92934782608694,高端品牌
2025-11-14,A44203315569,欧珀莱防晒套装 海边日常防晒防辐射,440.0,431,34,欧珀莱,189640.0,0.07888631090487239,200-500元,0,防晒,267.92934782608694,高端品牌
2025-11-14,A44878832542,欧珀莱多效洁面膏125g洗面奶深沉清洁亮白温和去角质泡沫,150.0,3433,570,欧珀莱,514950.0,0.16603553743081853,100-200元,0,洁面,267.92934782608694,高端品牌
2025-11-14,A520974631897,AUPRES/欧珀莱时光锁紧致塑颜柔肤水女清润型170ml 补水保湿紧致,220.0,1114,160,欧珀莱,245080.0,0.1436265709156194,200-500元,0,其他,267.92934782608694,高端品牌
2025-11-14,A520974831149,AUPRES/欧珀莱时光锁紧致塑颜柔肤乳液清润型130ml补水保湿化妆品,230.0,495,78,欧珀莱,113850.0,0.15757575757575756,200-500元,0,乳液,267.92934782608694,高端品牌
2025-11-14,A520982462442,欧珀莱时光锁紧致塑颜柔肤乳液 丰润型130ml 补水保湿护肤品 女,230.0,1019,82,欧珀莱,234370.0,0.08047105004906771,200-500元,0,乳液,267.92934782608694,高端品牌
2025-11-14,A520982684733,欧珀莱洗面奶女 时光锁紧致塑颜洁面膏125g 深层清洁去角质洁面乳,140.0,5651,1213,欧珀莱,791140.0,0.21465227393381703,100-200元,0,洁面,267.92934782608694,高端品牌
2025-11-14,A521140418181,时光锁紧致塑颜护肤2周装补水保湿（滋润型）,300.0,264,13,欧珀莱,79200.0,0.04924242424242424,200-500元,0,其他,267.92934782608694,高端品牌
2025-11-14,A521158988407,欧珀莱时光锁紧实眼霜 淡化黑眼圈补水保湿淡化细纹眼袋女眼霜,260.0,28861,5266,欧珀莱,7503860.0,0.18246076019541943,200-500元,1,眼霜,267.92934782608694,高端品牌
2025-11-14,A521180385991,AUPRES/欧珀莱时光锁紧致面部护理护肤套装女补水保湿化妆品,590.0,26060,3215,欧珀莱,15375400.0,0.12336914811972371,500-1000元,1,其他,267.92934782608694,高端品牌
2025-11-14,A521350043877,欧珀莱化妆品套装女 涌泉润肌护肤品 补水保湿滋润,480.0,672,109,欧珀莱,322560.0,0.16220238095238096,200-500元,0,其他,267.92934782608694,高端品牌
2025-11-14,A522840211413,AUPRES/欧珀莱臻源新肌隔离精华露30g遮瑕保湿防晒防辐射提亮肤色,320.0,22,12,欧珀莱,7040.0,0.5454545454545454,200-500元,0,精华,267.92934782608694,高端品牌
2025-11-14,A523814765656,欧珀莱男士护肤品套装 深层清洁补水保湿 洁面水防晒,350.0,967,43,欧珀莱,338450.0,0.04446742502585315,200-500元,0,洁面,267.92934782608694,高端品牌
2025-11-14,A523961110933,欧珀莱柔护防晒隔离液60ml长效防晒霜女SPF30+/PA+++全身可用清爽,230.0,1104,215,欧珀莱,253920.0,0.1947463768115942,200-500元,0,防晒,267.92934782608694,高端品牌
2025-11-14,A523961746499,AUPRES/欧珀莱臻白多效晒后修护面膜贴 焕白补水保湿护肤品女舒缓,85.0,299,48,欧珀莱,25415.0,0.1605351170568562,50-100元,0,面膜,267.92934782608694,高端品牌
2025-11-14,A524187371491,AUPRES/欧珀莱涌泉润肌复采精华补水保湿控油喷雾型80ml,170.0,639,105,欧珀莱,108630.0,0.1643192488262911,100-200元,0,精华,267.92934782608694,高端品牌
2025-11-14,A524785827379,AUPRES/欧珀莱时光锁面部护肤品套装保湿 水+水（替换装）+乳液女,650.0,6796,950,欧珀莱,4417400.0,0.1397881106533255,500-1000元,0,乳液,267.92934782608694,高端品牌
2025-11-14,A526102012563,【淘抢购】化妆品均衡保湿水乳两件套 补水控油夏季护肤套装女,210.0,3461,539,欧珀莱,726810.0,0.15573533660791677,200-500元,0,其他,267.92934782608694,高端品牌
2025-11-14,A526103168635,【淘抢购】时光锁紧致塑颜补水保湿水乳两件套 护肤品套装,450.0,3645,466,欧珀莱,1640250.0,0.12784636488340193,200-500元,0,其他,267.92934782608694,高端品牌
2025-11-14,A526429830964,欧珀莱时光锁柔肤乳（清润型）替换装130mL 滋润补水紧致,210.0,327,77,欧珀莱,68670.0,0.23547400611620795,200-500元,0,其他,267.92934782608694,高端品牌
2025-11-14,A527060819150,AUPRES/欧珀莱臻白多效角质调理肌底液 调理角质  柔滑润白,170.0,2416,392,欧珀莱,410720.0,0.16225165562913907,100-200元,0,其他,267.92934782608694,高端品牌
2025-11-14,A530604985531,AUPRES/欧珀莱臻源新肌精华露30mL补水修复淡化细纹面部橄榄精华,460.0,517,161,欧珀莱,237820.0,0.3114119922630561,200-500元,0,精华,267.92934782608694,高端品牌
2025-11-14,A530608661340,AUPRES/欧珀莱臻源新肌洁面水乳护肤3件套补水保湿化妆品护理套装,760.0,2278,427,欧珀莱,1731280.0,0.1874451273046532,500-1000元,0,洁面,267.92934782608694,高端品牌
2025-11-14,A530612213545,AUPRES/欧珀莱臻源新肌柔肤乳130ml清爽保湿补水润泽乳液替换装,270.0,47,21,欧珀莱,12690.0,0.44680851063829785,200-500元,0,乳液,267.92934782608694,高端品牌
2025-11-14,A530640056115,AUPRES/欧珀莱臻源新肌眼袋紧致露30g水润弹滑淡化黑眼圈去眼袋,420.0,159,38,欧珀莱,66780.0,0.2389937106918239,200-500元,0,其他,267.92934782608694,高端品牌
2025-11-14,A530829952164,AUPRES/欧珀莱臻源新肌浓萃霜50g淡化细纹干纹补水保湿紧致面霜,550.0,704,75,欧珀莱,387200.0,0.10653409090909091,500-1000元,0,面霜,267.92934782608694,高端品牌
2025-11-14,A531113627734,AUPRES/欧珀莱 臻源新肌莹萃粉底露30ML自然遮瑕毛孔隐形轻薄透气,340.0,260,60,欧珀莱,88400.0,0.23076923076923078,200-500元,0,粉底,267.92934782608694,高端品牌
2025-11-14,A531188009499,AUPRES/欧珀莱 臻源新肌柔肤乳130ML清爽保湿补水控油乳液夏季女,290.0,110,34,欧珀莱,31900.0,0.3090909090909091,200-500元,0,乳液,267.92934782608694,高端品牌
2025-11-14,A531219084914,AUPRES/欧珀莱臻源新肌活肤紧致按摩霜80g水润保湿细腻弹润柔滑,300.0,84,18,欧珀莱,25200.0,0.21428571428571427,200-500元,0,其他,267.92934782608694,高端品牌
2025-11-14,A531544071795,AUPRES/欧珀莱臻源新肌莹萃蜜粉10g控油定妆毛孔隐形粉质细腻自然,260.0,182,57,欧珀莱,47320.0,0.3131868131868132,200-500元,0,蜜粉,267.92934782608694,高端品牌
2025-11-14,A531656600848,AUPRES/欧珀莱臻源新肌洁面乳深层清洁毛孔温和卸妆控油洗面奶女,190.0,710,211,欧珀莱,134900.0,0.2971830985915493,100-200元,0,洁面,267.92934782608694,高端品牌
2025-11-14,A531803291748,AUPRES/欧珀莱臻源新肌柔肤水170ml夏季清润保湿补水亮肤爽肤水女,280.0,139,41,欧珀莱,38920.0,0.2949640287769784,200-500元,0,爽肤水,267.92934782608694,高端品牌
2025-11-14,A532596475703,AUPRES/欧珀莱臻源新肌多效眼霜15g淡化细纹黑眼圈女补水紧致抗皱,380.0,1497,285,欧珀莱,568860.0,0.1903807615230461,200-500元,0,眼霜,267.92934782608694,高端品牌
2025-11-14,A533015500708,【粉丝趴.超值试用】AUPRES/欧珀莱防晒套装 伴你左右系列4件套,440.0,2000,1129,欧珀莱,880000.0,0.5645,200-500元,0,防晒,267.92934782608694,高端品牌
2025-11-14,A534096276278,欧珀莱臻白多效晒后修护面膜贴 焕白补水保湿护肤品3*2片/盒,255.0,75,19,欧珀莱,19125.0,0.25333333333333335,200-500元,0,面膜,267.92934782608694,高端品牌
2025-11-14,A534737142207,涌泉润肌晨安补水面膜28片锁水保湿早晚间面膜贴,170.0,5033,1572,欧珀莱,855610.0,0.3123385654679118,100-200元,0,面膜,267.92934782608694,高端品牌
2025-11-14,A535797831327,欧珀莱臻源新肌柔肤水170ML（清润型）替换装补水保湿爽肤水,260.0,97,29,欧珀莱,25220.0,0.29896907216494845,200-500元,0,爽肤水,267.92934782608694,高端品牌
2025-11-14,A536408976050,AUPRES/欧珀莱臻白密集修斑精华露30ml 面部补水保湿淡,320.0,288,5,欧珀莱,92160.0,0.017361111111111112,200-500元,0,精华,267.92934782608694,高端品牌
2025-11-14,A536548848949,欧珀莱化妆品时光锁面膜贴38g*6片补水保湿抗皱紧致弹润上下片女,270.0,382,69,欧珀莱,103140.0,0.1806282722513089,200-500元,0,面膜,267.92934782608694,高端品牌
2025-11-14,A539045412104,AUPRES/欧珀莱丝柔玫瑰润体霜,150.0,108,2,欧珀莱,16200.0,0.018518518518518517,100-200元,0,其他,267.92934782608694,高端品牌
2025-11-14,A539693858486,AUPRES/欧珀莱臻源新肌浓萃霜50g淡化细纹干纹补水保湿紧致面霜,550.0,21,1,欧珀莱,11550.0,0.047619047619047616,500-1000元,0,面霜,267.92934782608694,高端品牌
2025-11-14,A540683440717,【淘抢购】AUPRES/欧珀莱均衡保湿洁面膏125g*2 洁面温和清洁控油,180.0,236,0,欧珀莱,42480.0,0.0,100-200元,0,洁面,267.92934782608694,高端品牌
2025-11-14,A540689825085,【淘抢购】臻白密集修斑精华露60ml 面部补水保湿淡斑精华液,520.0,1069,0,欧珀莱,555880.0,0.0,500-1000元,0,精华,267.92934782608694,高端品牌
2025-11-14,A540846428270,欧珀莱恒久玫瑰限定套装 恒久美肌精华露+玫瑰丝柔润体霜,660.0,248,1,欧珀莱,163680.0,0.004032258064516129,500-1000元,0,精华,267.92934782608694,高端品牌
2025-11-13,A41107371056,AUPRES/欧珀莱涌泉爽肤水乳液两件套护肤品/化妆品套装补水保湿女,350.0,3188,211,欧珀莱,1115800.0,0.06618569636135509,200-500元,0,爽肤水,267.92934782608694,高端品牌
2025-11-13,A42603164073,欧珀莱臻白多效淡斑精华露 焕白面部护理淡化色斑焕白肌肤护肤品,560.0,3030,506,欧珀莱,1696800.0,0.166996699669967,500-1000元,0,精华,267.92934782608694,高端品牌
2025-11-13,A43870577142,欧珀莱盈润修颜隔离霜(升级版) 遮瑕防晒隔离乳持久保湿滋润女,190.0,6408,1144,欧珀莱,1217520.0,0.17852684144818975,100-200元,0,防晒,267.92934782608694,高端品牌
2025-11-13,A534445293465,AUPRES/欧珀莱 化妆棉100片 美肤棉 纯棉吸水,76.0,1316,755,欧珀莱,100016.0,0.5737082066869301,50-100元,0,其他,267.92934782608694,高端品牌
2025-11-13,A540520646671,欧珀莱恒彩塑型立体系列唇膏 多色口红保湿 女士滋润,140.0,412,0,欧珀莱,57680.0,0.0,100-200元,0,口红,267.92934782608694,高端品牌
2025-11-13,A540809801409,【淘抢购】丝柔玫瑰润体霜200g 玫瑰润体霜+丝密防晒隔离霜30g,310.0,15,0,欧珀莱,4650.0,0.0,200-500元,0,防晒,267.92934782608694,高端品牌
2025-11-12,A43337706594,欧珀莱恒久美肌多效霜50g 淡化皱纹细纹干纹补水保湿紧致面霜,390.0,4178,487,欧珀莱,1629420.0,0.11656294877932025,200-500元,0,面霜,267.92934782608694,高端品牌
2025-11-12,A520979369875,AUPRES/欧珀莱面霜时光锁紧致塑颜赋弹紧肤霜50g补水保湿霜女滋润,280.0,6581,756,欧珀莱,1842680.0,0.11487615863850478,200-500元,0,面霜,267.92934782608694,高端品牌
2025-11-12,A522167722993,欧珀莱均衡三件套 补水保湿化妆品套装护肤品官方直售,300.0,10405,912,欧珀莱,3121500.0,0.08765016818837097,200-500元,1,其他,267.92934782608694,高端品牌
2025-11-12,A531217980565,AUPRES/欧珀莱臻源新肌系列柔肤乳（滋润型）（替换装）,270.0,247,60,欧珀莱,66690.0,0.242914979757085,200-500元,0,其他,267.92934782608694,高端品牌
2025-11-12,A539949391859,AUPRES/欧珀莱丝柔玫瑰护手霜温和滋润40g 持久滋润保湿手霜,50.0,1691,2,欧珀莱,84550.0,0.0011827321111768185,0-50元,0,其他,267.92934782608694,高端品牌
2025-11-11,A22474863423,欧珀莱精华乳均衡保湿柔润乳液/清润型100ml补水滋润女清爽,110.0,4344,128,欧珀莱,477840.0,0.029465930018416207,100-200元,0,精华,267.92934782608694,高端品牌
2025-11-11,A22474955588,AUPRES/欧珀莱均衡保湿系列 补水锁水乳液100ml 滋润型 护肤品女,110.0,5849,355,欧珀莱,643390.0,0.060694135749700805,100-200元,0,乳液,267.92934782608694,高端品牌
2025-11-11,A35592355381,欧珀莱立体盈润唇膏2.7g唇部护理润唇膏女口红保湿滋润,160.0,3169,309,欧珀莱,507040.0,0.0975071000315557,100-200元,0,口红,267.92934782608694,高端品牌
2025-11-11,A35593380670,欧珀莱漾彩流光五色塑颜眼影盘 裸装眼影盒【保质期11个月左右】,200.0,1036,36,欧珀莱,207200.0,0.03474903474903475,100-200元,0,眼影,267.92934782608694,高端品牌
2025-11-11,A40883696592,AUPRES/欧珀莱爽肤水 涌泉润肌柔润水丰润型170ml 补水保湿柔肤水,170.0,967,65,欧珀莱,164390.0,0.0672182006204757,100-200元,0,爽肤水,267.92934782608694,高端品牌
2025-11-11,A41131864637,洗面奶涌泉润肌洁面膏125g深层清洁毛孔温和细腻去角质,130.0,4428,358,欧珀莱,575640.0,0.08084914182475159,100-200元,0,洁面,267.92934782608694,高端品牌
2025-11-11,A41381516830,AUPRES/欧珀莱化妆品臻白水乳两件套滋润补水保湿亮白护肤套装女,360.0,1271,283,欧珀莱,457560.0,0.22265932336742722,200-500元,0,其他,267.92934782608694,高端品牌
2025-11-11,A41941675447,欧珀莱 恒久美肌焕能精华露60ml限量套盒,660.0,214,34,欧珀莱,141240.0,0.1588785046728972,500-1000元,0,精华,267.92934782608694,高端品牌
2025-11-11,A43388248267,AUPRES/欧珀莱纯澈亮白酷爽新颜喷雾100g 晒后镇定补水保湿爽肤水,75.0,2712,415,欧珀莱,203400.0,0.153023598820059,50-100元,0,爽肤水,267.92934782608694,高端品牌
2025-11-11,A520973244587,【11预售2万套返场】欧珀莱时光锁护肤套装女保湿化妆品,590.0,24275,1051,欧珀莱,14322250.0,0.043295571575695156,500-1000元,1,其他,267.92934782608694,高端品牌
2025-11-11,A521117173191,欧珀莱眼霜 时光锁紧致塑颜眼部修护精华露 去淡化黑眼圈细纹眼袋,220.0,1717,153,欧珀莱,377740.0,0.0891089108910891,200-500元,0,精华,267.92934782608694,高端品牌
2025-11-11,A522020442965,AUPRES/欧珀莱灵动随心眼线笔0.15g防水不晕染,100.0,545,146,欧珀莱,54500.0,0.26788990825688075,50-100元,0,其他,267.92934782608694,高端品牌
2025-11-11,A522149855616,【淘抢购】欧泊莱隔离腮红套组 盈润修颜隔离霜 浅笑轻点颊彩,250.0,583,69,欧珀莱,145750.0,0.1183533447684391,200-500元,0,隔离霜,267.92934782608694,高端品牌
2025-11-11,A523912947251,AUPRES/欧珀莱时光锁紧致塑颜柔肤乳 滋润型130m l补水保湿乳液女,230.0,1700,259,欧珀莱,391000.0,0.15235294117647058,200-500元,0,乳液,267.92934782608694,高端品牌
2025-11-11,A523960261979,AUPRES/欧珀莱紧致塑颜柔肤水170ml滋润型 补水保湿修护爽肤水女,220.0,2500,396,欧珀莱,550000.0,0.1584,200-500元,0,爽肤水,267.92934782608694,高端品牌
2025-11-11,A523969648350,AUPRES/欧珀莱紧致塑颜柔肤水170ml 丰润型 持久滋润保湿爽肤水女,220.0,816,54,欧珀莱,179520.0,0.0661764705882353,200-500元,0,爽肤水,267.92934782608694,高端品牌
2025-11-11,A524187527624,欧珀莱光彩晶耀彩妆盘 珍藏版,200.0,313,39,欧珀莱,62600.0,0.12460063897763578,100-200元,0,其他,267.92934782608694,高端品牌
2025-11-11,A526394327525,欧珀莱时光锁柔肤水（清润型）替换装170mL 补水保湿紧致,200.0,804,227,欧珀莱,160800.0,0.28233830845771146,100-200元,0,其他,267.92934782608694,高端品牌
2025-11-11,A526430414115,欧珀莱时光锁柔肤乳（丰润型）替换装130mL 紧致淡化细纹,210.0,359,69,欧珀莱,75390.0,0.19220055710306408,200-500元,0,其他,267.92934782608694,高端品牌
2025-11-11,A530782530403,AUPRES/欧珀莱臻源新肌抗皱眼膜贴 补水去细纹淡化黑眼圈去眼袋,400.0,48,12,欧珀莱,19200.0,0.25,200-500元,0,其他,267.92934782608694,高端品牌
2025-11-11,A531291737977,欧珀莱 纯澈亮白酷爽焕白面膜6片焕白补水保湿,90.0,973,173,欧珀莱,87570.0,0.1778006166495375,50-100元,0,面膜,267.92934782608694,高端品牌
2025-11-11,A536858094754,【淘抢购】均衡保湿洁面膏+俊士磨砂洁面膏泡沫洗面奶洁面乳温和,185.0,12,6,欧珀莱,2220.0,0.5,100-200元,0,洁面,267.92934782608694,高端品牌
2025-11-11,A540679225170,【淘抢购】欧珀莱丝柔玫瑰护手霜温和滋润40g*2 持久保湿手霜,100.0,11,0,欧珀莱,1100.0,0.0,50-100元,0,其他,267.92934782608694,高端品牌
2025-11-11,A540744114564,【返】丝柔玫瑰润体霜,150.0,0,0,欧珀莱,0.0,0.0,100-200元,0,其他,267.92934782608694,高端品牌
2025-11-11,A540805873291,【淘抢购】俊士磨砂洁面125g+俊士凝乳100ml男士面部护肤品,230.0,57,0,欧珀莱,13110.0,0.0,200-500元,0,洁面,267.92934782608694,高端品牌
2025-11-10,A20159078962,净透卸妆油150ml 卸妆液 脸部温和 深层清洁保湿卸妆水脸部,180.0,1733,176,欧珀莱,311940.0,0.10155799192152337,100-200元,0,卸妆,267.92934782608694,高端品牌
2025-11-10,A20159186773,欧珀莱爽肤水 时光锁柔润水滋润型170ml 补水保湿紧致肌肤,220.0,8553,1042,欧珀莱,1881660.0,0.12182859815269496,200-500元,0,爽肤水,267.92934782608694,高端品牌
2025-11-10,A20171381567,欧珀莱臻白柔润美白防护乳50ml SPF22 护肤防晒,200.0,1140,283,欧珀莱,228000.0,0.2482456140350877,100-200元,0,防晒,267.92934782608694,高端品牌
2025-11-10,A20242093939,【预售】欧珀莱均衡套装保湿面部水乳洁面霜补水护肤套装,210.0,25803,3713,欧珀莱,5418630.0,0.14389799635701275,200-500元,1,面霜,267.92934782608694,高端品牌
2025-11-10,A22458699328,AUPRES/欧珀莱时光锁柔润水清润型 春夏季清爽补水保湿紧致爽肤水,220.0,1397,149,欧珀莱,307340.0,0.1066571224051539,200-500元,0,爽肤水,267.92934782608694,高端品牌
2025-11-10,A27334876175,欧珀莱/AUPRES 均衡保湿柔润水(清润型)150ml护肤补水专柜,100.0,2422,385,欧珀莱,242200.0,0.15895953757225434,50-100元,0,其他,267.92934782608694,高端品牌
2025-11-10,A27481440550,欧珀莱均衡保湿柔润水(滋润型)150ml 补水柔肤水滋润,100.0,11788,1154,欧珀莱,1178800.0,0.09789616559212759,50-100元,1,其他,267.92934782608694,高端品牌
2025-11-10,A27481584982,欧珀莱均衡保湿柔润乳霜50g 补水保湿霜 专柜面霜滋润女(丰润型),110.0,4297,395,欧珀莱,472670.0,0.09192459855713288,100-200元,0,面霜,267.92934782608694,高端品牌
2025-11-10,A27482204213,欧珀莱纯澈亮白亮肤乳（滋润型）补水,145.0,2444,658,欧珀莱,354380.0,0.2692307692307692,100-200元,0,其他,267.92934782608694,高端品牌
2025-11-10,A35031641209,欧珀莱俊士控油凝露100ml男士面部护肤品补水保湿收缩毛孔,135.0,2371,230,欧珀莱,320085.0,0.09700548291859974,100-200元,0,其他,267.92934782608694,高端品牌
2025-11-10,A35031725350,欧珀莱男士眼霜补水保湿俊士眼部沁凉滚珠精华液15ml紧致眼周,150.0,1116,103,欧珀莱,167400.0,0.09229390681003584,100-200元,0,精华,267.92934782608694,高端品牌
2025-11-10,A35244153200,欧珀莱唇部修护美容液10g 咬唇妆染唇液/液体口红保湿滋润,100.0,843,29,欧珀莱,84300.0,0.03440094899169632,50-100元,0,口红,267.92934782608694,高端品牌
2025-11-10,A35247088440,欧珀莱遮瑕膏/遮瑕笔 盈润修颜遮瑕棒 遮黑眼圈雀斑 眼部唇部打底,150.0,2108,167,欧珀莱,316200.0,0.07922201138519924,100-200元,0,其他,267.92934782608694,高端品牌
2025-11-10,A35261114243,AUPRES/欧珀莱丝密防晒隔离霜30g SPF25双重防护膜阻隔紫外线,160.0,6674,1448,欧珀莱,1067840.0,0.21696134252322447,100-200元,0,防晒,267.92934782608694,高端品牌
2025-11-10,A38655408437,欧珀莱臻白多效柔肤水焕白补水滋润爽肤水女 丰润型 替换装170ml,210.0,576,71,欧珀莱,120960.0,0.1232638888888889,200-500元,0,爽肤水,267.92934782608694,高端品牌
2025-11-10,A38655464760,AUPRES/欧珀莱女士乳液 臻白多效柔肤乳滋润型替换装补水保湿嫩白,220.0,303,27,欧珀莱,66660.0,0.0891089108910891,200-500元,0,乳液,267.92934782608694,高端品牌
2025-11-10,A38769742182,欧珀莱丝柔精致眉笔芯 0.21g防水 扁头笔芯替换装不可单用,60.0,7375,739,欧珀莱,442500.0,0.10020338983050847,50-100元,0,其他,267.92934782608694,高端品牌
2025-11-10,A40822655529,欧珀莱涌泉润肌系列柔润乳 清润型 保湿补水控油乳液130ml滋润女,180.0,640,78,欧珀莱,115200.0,0.121875,100-200元,0,乳液,267.92934782608694,高端品牌
2025-11-10,A41249849714,欧珀莱护肤品套装 补水保湿涌泉面部护理洁面水乳女 清爽滋润,690.0,10267,2755,欧珀莱,7084230.0,0.2683354436544268,500-1000元,1,洁面,267.92934782608694,高端品牌
2025-11-10,A41595921530,欧珀莱睫毛增长液/生长液 睫毛膏滋养美容液纤长浓密5.2g,140.0,561,24,欧珀莱,78540.0,0.0427807486631016,100-200元,0,睫毛膏,267.92934782608694,高端品牌
2025-11-10,A41742314041,欧珀莱臻白赋弹赋采修护美白霜50g补水保湿淡斑,260.0,20795,2534,欧珀莱,5406700.0,0.12185621543640299,200-500元,1,其他,267.92934782608694,高端品牌
2025-11-10,A42243586543,欧珀莱涌泉润肌套装6件套（滋润型）补水保湿滋润套装,1160.0,306,12,欧珀莱,354960.0,0.0392156862745098,1000元以上,0,其他,267.92934782608694,高端品牌
2025-11-10,A43810587064,欧珀莱防晒霜女 修颜防晒隔离霜30g/SPF30 面部防晒 轻薄不油腻,210.0,1377,165,欧珀莱,289170.0,0.11982570806100218,200-500元,0,防晒,267.92934782608694,高端品牌
2025-11-10,A44053128146,【预售】欧珀莱盈润修颜隔离霜(升级版) 遮瑕防晒隔离持久保湿,190.0,5056,76,欧珀莱,960640.0,0.015031645569620253,100-200元,0,防晒,267.92934782608694,高端品牌
2025-11-10,A44906864599,欧珀莱丝柔精致旋转眉笔 带眉刷 防水防汗 一笔成型不易晕染,130.0,1384,308,欧珀莱,179920.0,0.22254335260115607,100-200元,0,其他,267.92934782608694,高端品牌
2025-11-10,A522148831588,【预售】AUPRES/欧珀莱恒久美肌多效霜淡化皱纹细纹干纹补水保湿,390.0,6064,0,欧珀莱,2364960.0,0.0,200-500元,0,其他,267.92934782608694,高端品牌
2025-11-10,A522148875820,【预售】欧珀莱男士俊士三件套护肤套装 深层清洁补水保湿水乳,355.0,1229,62,欧珀莱,436295.0,0.05044751830756713,200-500元,0,其他,267.92934782608694,高端品牌
2025-11-10,A522584873487,欧珀莱美活柔润粉底液 滋润保湿彩妆粉底30ml遮瑕控油化妆品 底妆,240.0,5271,816,欧珀莱,1265040.0,0.15480933409220263,200-500元,0,粉底,267.92934782608694,高端品牌
2025-11-10,A522922264451,【预售】欧珀莱护肤套装 锁水保湿涌泉面部护理 丰润型更适合冬季,389.0,8938,153,欧珀莱,3476882.0,0.01711792347281271,200-500元,0,其他,267.92934782608694,高端品牌
2025-11-10,A523960889814,欧珀莱控油遮瑕散粉蜜粉 定妆粉盈润晶透散粉7g,180.0,242,68,欧珀莱,43560.0,0.2809917355371901,100-200元,0,蜜粉,267.92934782608694,高端品牌
2025-11-10,A523968784474,欧珀莱柔润卸妆凝露150g 面部卸妆凝露清洁,150.0,810,237,欧珀莱,121500.0,0.29259259259259257,100-200元,0,卸妆,267.92934782608694,高端品牌
2025-11-10,A523970248609,欧珀莱明眸持久BK1超细眼线液笔0.5ml 耐汗不易晕染眼线液,130.0,273,56,欧珀莱,35490.0,0.20512820512820512,100-200元,0,其他,267.92934782608694,高端品牌
2025-11-10,A526393379976,欧珀莱 时光锁柔肤水（丰润型）替换装170mL 补水保湿紧致,200.0,388,129,欧珀莱,77600.0,0.3324742268041237,100-200元,0,其他,267.92934782608694,高端品牌
2025-11-10,A526441513349,欧珀莱时光锁柔肤乳（滋润型）替换装130mL紧致滋润保湿,210.0,744,219,欧珀莱,156240.0,0.29435483870967744,200-500元,0,其他,267.92934782608694,高端品牌
2025-11-10,A526452788197,欧珀莱时光锁柔肤水（滋润型）替换装170mL 补水保湿紧致,200.0,1731,565,欧珀莱,346200.0,0.3264009243212016,100-200元,0,其他,267.92934782608694,高端品牌
2025-11-10,A526929050917,AUPRES/欧珀莱均衡盈润护唇膏4g 保湿滋润有光泽,85.0,501,69,欧珀莱,42585.0,0.1377245508982036,50-100元,0,其他,267.92934782608694,高端品牌
2025-11-10,A529073525319,欧珀莱儿童防晒霜资生堂研究所研发物理温和防晒隔离乳液45ml,170.0,961,243,欧珀莱,163370.0,0.25286160249739853,100-200元,0,防晒,267.92934782608694,高端品牌
2025-11-10,A531113439153,【预售】臻源新肌洁面水乳护肤3件套补水保湿化妆品护理套装,570.0,3372,325,欧珀莱,1922040.0,0.09638196915776986,500-1000元,0,洁面,267.92934782608694,高端品牌
2025-11-10,A531188441621,AUPRES/欧珀莱臻源新肌柔肤水爽肤水170ML滋润保湿补水舒缓化妆水,280.0,357,150,欧珀莱,99960.0,0.42016806722689076,200-500元,0,爽肤水,267.92934782608694,高端品牌
2025-11-10,A531218100099,AUPRES/欧珀莱臻源新肌柔肤乳130ML滋润保湿水油平衡乳液补水弹润,290.0,300,131,欧珀莱,87000.0,0.43666666666666665,200-500元,0,乳液,267.92934782608694,高端品牌
2025-11-10,A531218288765,AUPRES/欧珀莱臻源新肌柔肤水爽肤水170ML(滋润型)替换装补水保湿,260.0,210,89,欧珀莱,54600.0,0.4238095238095238,200-500元,0,爽肤水,267.92934782608694,高端品牌
2025-11-10,A534866983308,【预售】欧珀莱涌泉润肌晨安补水面膜28片保湿锁水早晚间护肤面膜,170.0,2998,633,欧珀莱,509660.0,0.21114076050700467,100-200元,0,面膜,267.92934782608694,高端品牌
2025-11-10,A538042519755,【预售】欧珀莱臻白密集修斑精华露30ml*2 面部补水保湿淡,320.0,8547,0,欧珀莱,2735040.0,0.0,200-500元,0,精华,267.92934782608694,高端品牌
2025-11-10,A538119514499,【预售】AUPRES/欧珀莱均衡保湿洁面膏125g*2 洁面乳温和清洁控油,180.0,2816,0,欧珀莱,506880.0,0.0,100-200元,0,洁面,267.92934782608694,高端品牌
2025-11-10,A539632544277,【预售】丝柔玫瑰润体霜200g 补水滋润美体紧致玫瑰润体霜,150.0,142,0,欧珀莱,21300.0,0.0,100-200元,0,其他,267.92934782608694,高端品牌
2025-11-10,A539858226749,【预售】欧珀莱臻源新肌水乳护肤2件套保湿化妆品护理套装 滋润型,570.0,601,0,欧珀莱,342570.0,0.0,500-1000元,0,其他,267.92934782608694,高端品牌
2025-11-10,A539965544415,【预售】欧珀莱恒久玫瑰限定套装 恒久美肌精华露+玫瑰丝柔润体霜,660.0,893,0,欧珀莱,589380.0,0.0,500-1000元,0,精华,267.92934782608694,高端品牌
2025-11-10,A539966334404,【预售】欧珀莱时光锁面部护肤品套装保湿水+水（替换装）+乳液女,650.0,5530,0,欧珀莱,3594500.0,0.0,500-1000元,0,乳液,267.92934782608694,高端品牌
2025-11-10,A539966813896,【预售】欧珀莱丝柔玫瑰护手霜温和滋润40g*2 持久滋润保湿手霜,100.0,516,0,欧珀莱,51600.0,0.0,50-100元,0,其他,267.92934782608694,高端品牌
2025-11-10,A539967110043,【预售】欧珀莱烈日防晒隔离液60ml 清爽保湿面部全身隔离乳霜,210.0,5224,0,欧珀莱,1097040.0,0.0,200-500元,0,防晒,267.92934782608694,高端品牌
2025-11-10,A539968428041,【预售】欧珀莱臻白多效角质调理肌底液 调理角质 柔滑润白,170.0,653,0,欧珀莱,111010.0,0.0,100-200元,0,其他,267.92934782608694,高端品牌
2025-11-10,A539968771726,【预售】欧珀莱男士洗面奶2支装俊士磨砂洁面膏125g*2,190.0,365,0,欧珀莱,69350.0,0.0,100-200元,0,洁面,267.92934782608694,高端品牌
2025-11-10,A539969331271,【预售】臻白多效淡斑精华露焕白面部护理淡化色斑白肌肤护肤品,560.0,2006,0,欧珀莱,1123360.0,0.0,500-1000元,0,精华,267.92934782608694,高端品牌
2025-11-10,A540743322211,【返】臻白多效角质调理肌底液 调理角质  柔滑润白,170.0,0,0,欧珀莱,0.0,0.0,100-200元,0,其他,267.92934782608694,高端品牌
2025-11-09,A530639180673,AUPRES/欧珀莱臻源新肌柔肤乳霜50g 补水保湿淡化细纹饱满有弹性,290.0,142,57,欧珀莱,41180.0,0.4014084507042254,200-500元,0,其他,267.92934782608694,高端品牌
2025-11-07,A528099906829,【淘抢购】AUPRES/欧珀莱臻白多效角质调理肌底液 调理角质,291.0,6,1,欧珀莱,1746.0,0.16666666666666666,200-500元,0,其他,267.92934782608694,高端品牌
2025-11-07,A539969663238,【预售】欧珀莱轻盈倍润粉底液30ml SPF20 防晒保湿遮瑕粉底霜,260.0,682,0,欧珀莱,177320.0,0.0,200-500元,0,防晒,267.92934782608694,高端品牌
2025-11-06,A20200221548,卸妆水 净美清肌卸妆液眼唇部眼部90ml深层清洁温和,85.0,1663,181,欧珀莱,141355.0,0.10883944678292243,50-100元,0,卸妆,267.92934782608694,高端品牌
2025-11-06,A35590637881,欧珀莱丰密折叠刷头睫毛膏8g纤长防水卷翘浓密不易晕染睫毛增长液,180.0,644,51,欧珀莱,115920.0,0.07919254658385093,100-200元,0,睫毛膏,267.92934782608694,高端品牌
2025-11-06,A41784260715,【淘抢购】纯澈亮白亮肤乳改善暗黄提肌肤水亮焕采2支,290.0,10122,27,欧珀莱,2935380.0,0.0026674570243034974,200-500元,1,其他,267.92934782608694,高端品牌
2025-11-06,A43870533005,欧珀莱防晒霜 赋润防晒隔离乳60g/SPF30海边防晒防紫外线,200.0,675,60,欧珀莱,135000.0,0.08888888888888889,100-200元,0,防晒,267.92934782608694,高端品牌
2025-11-06,A523259083430,【淘抢购】欧珀莱腮红浅笑轻点颊彩盈润修颜不易晕染,120.0,2371,630,欧珀莱,284520.0,0.26571067060312104,100-200元,0,其他,267.92934782608694,高端品牌
2025-11-06,A524766862127,【淘抢购】AUPRES/欧珀莱美活柔润粉底液30ml+腮红浅笑轻点颊彩,360.0,12,6,欧珀莱,4320.0,0.5,200-500元,0,粉底,267.92934782608694,高端品牌
2025-11-06,A525380290833,【淘抢购】欧珀莱浅笑轻点颊彩+口红,260.0,191,0,欧珀莱,49660.0,0.0,200-500元,0,口红,267.92934782608694,高端品牌
2025-11-14,A7894806782,L'oreal欧莱雅清润葡萄籽保湿柔肤水 全日保湿 含珍贵葡萄籽多酚,120.0,21118,490,欧莱雅,2534160.0,0.023202954825267543,100-200元,1,其他,175.28744939271255,中端品牌
2025-11-14,A7894813258,L'OREAL欧莱雅男士护肤劲能深层净化洁面膏  洗面奶深彻排浊,39.0,121885,1895,欧莱雅,4753515.0,0.015547442261147803,0-50元,1,洁面,175.28744939271255,中端品牌
2025-11-14,A7894818586,L'OREAL欧莱雅官方旗舰店男士护肤正品 极润护肤霜 极度滋润,120.0,28592,396,欧莱雅,3431040.0,0.013850027979854504,100-200元,1,其他,175.28744939271255,中端品牌
2025-11-14,A7894906746,【老包装】欧莱雅复颜抗皱提拉紧致滋润乳液 补水抗细纹125ml,240.0,13645,640,欧莱雅,3274800.0,0.04690362770245511,200-500元,1,乳液,175.28744939271255,中端品牌
2025-11-14,A7894911632,L'OREAL欧莱雅科研致透三重源净洁面乳 补水保湿护肤洁面乳洗面奶,115.0,24458,875,欧莱雅,2812670.0,0.035775615340583856,100-200元,1,洁面,175.28744939271255,中端品牌
2025-11-14,A7894918864,L'OREALl欧莱雅复颜抗皱紧致滋润洁面乳 泡沫洗面 提拉因子,140.0,17065,877,欧莱雅,2389100.0,0.05139173747436273,100-200元,1,洁面,175.28744939271255,中端品牌
2025-11-14,A7894937556,L'OREAL欧莱雅清润全日保湿水精华凝露 深层滋润补水面霜,128.0,54732,1001,欧莱雅,7005696.0,0.01828911788350508,100-200元,1,面霜,175.28744939271255,中端品牌
2025-11-14,A7895038716,【原清润泡沫洁面】L'OREAL欧莱雅清润葡萄籽水嫩洁面乳,88.0,61058,2889,欧莱雅,5373104.0,0.047315667070654134,50-100元,1,洁面,175.28744939271255,中端品牌
2025-11-14,A7895042908,L'OREAL欧莱雅男士护肤劲能醒肤露 8重功效滋润补水,89.0,266613,6528,欧莱雅,23728557.0,0.024484927591677825,50-100元,1,其他,175.28744939271255,中端品牌
2025-11-14,A7895051148,L'OREAL欧莱雅男士护肤 抗皱紧肤双重精华乳 抗松弛ㄠ+抗皱ㄠ,140.0,11902,269,欧莱雅,1666280.0,0.02260124348848933,100-200元,1,精华,175.28744939271255,中端品牌
2025-11-14,A7901166676,L'OREAL欧莱雅卓韵霜赋活养护染发霜 染发剂多色修复白发,59.0,87790,5796,欧莱雅,5179610.0,0.06602118692333979,50-100元,1,其他,175.28744939271255,中端品牌
2025-11-14,A7901269404,L'OREAL欧莱雅可丝莹温和染发霜 染发剂 长效护发滋润,69.0,25087,702,欧莱雅,1731003.0,0.02798262048072707,50-100元,1,其他,175.28744939271255,中端品牌
2025-11-14,A7903443646,L'OREAL欧莱雅造型眉笔 深棕/浅棕 1.19g 着色明显 干湿两用,100.0,3045,136,欧莱雅,304500.0,0.04466338259441708,50-100元,0,其他,175.28744939271255,中端品牌
2025-11-14,A7904208904,L'OREAL欧莱雅美眸深邃眼线膏 正品防水浓黑不晕染化妆品 眼线,110.0,2743,177,欧莱雅,301730.0,0.06452788917243893,100-200元,0,其他,175.28744939271255,中端品牌
2025-11-14,A7904836346,L'OREAL欧莱雅纷泽滋润唇膏 炫亮唇彩口红 明星款,99.0,29024,5009,欧莱雅,2873376.0,0.17258131201764057,50-100元,1,口红,175.28744939271255,中端品牌
2025-11-14,A7904916112,L'OREAL欧莱雅绝配无瑕腮红 胭脂膏贴合彩妆粉荷色玫瑰色便携可爱,90.0,6497,405,欧莱雅,584730.0,0.06233646298291519,50-100元,0,其他,175.28744939271255,中端品牌
2025-11-14,A7904919860,L'OREAL欧莱雅惊艳特长美睫膜 纤长浓密 黑色双头睫毛膏,150.0,17015,1640,欧莱雅,2552250.0,0.0963855421686747,100-200元,1,睫毛膏,175.28744939271255,中端品牌
2025-11-14,A7905045388,L'OREAL欧莱雅复颜提拉紧肤精华粉底液 淡斑紧致遮瑕,210.0,6272,680,欧莱雅,1317120.0,0.10841836734693877,200-500元,0,精华,175.28744939271255,中端品牌
2025-11-14,A7905326536,L＇oreal/欧莱雅净彻深层卸妆油 卸妆液 卸彩妆卸190ml,300.0,5558,291,欧莱雅,1667400.0,0.052356962936308024,200-500元,0,卸妆,175.28744939271255,中端品牌
2025-11-14,A7908976152,L'OREAL欧莱雅美眸深邃自动眼线笔-黑色 自然极细,90.0,1974,140,欧莱雅,177660.0,0.07092198581560284,50-100元,0,其他,175.28744939271255,中端品牌
2025-11-14,A8608548912,【新包装】L'OREAL欧莱雅惊艳奢养纤长睫毛膏 2*7ml 双头,150.0,7674,237,欧莱雅,1151100.0,0.0308835027365129,100-200元,0,睫毛膏,175.28744939271255,中端品牌
2025-11-14,A8642873740,L'OREAL欧莱雅复颜清漾柔肤水 保湿滋润提拉,170.0,5033,139,欧莱雅,855610.0,0.0276177230280151,100-200元,0,其他,175.28744939271255,中端品牌
2025-11-14,A8642874620,L'OREAL欧莱雅复颜清乳柔肤水 抗老紧致系列明星水 130ml,190.0,22726,936,欧莱雅,4317940.0,0.04118630643316026,100-200元,1,其他,175.28744939271255,中端品牌
2025-11-14,A8643000040,L'OREAL欧莱雅复颜抗皱紧致滋润日霜 补水保湿面霜紧致,178.0,37014,1919,欧莱雅,6588492.0,0.05184524774409683,100-200元,1,面霜,175.28744939271255,中端品牌
2025-11-14,A10588608182,L'OREAL欧莱雅 男士火山岩控油清痘护肤套装,189.0,131950,2104,欧莱雅,24938550.0,0.015945433876468358,100-200元,1,其他,175.28744939271255,中端品牌
2025-11-14,A12669264079,L'OREAL欧莱雅 青春密码酵素精华肌底液30ml 小黑瓶,280.0,19942,1289,欧莱雅,5583760.0,0.06463744860094274,200-500元,1,精华,175.28744939271255,中端品牌
2025-11-14,A13956706316,L'OREAL欧莱雅美眸深邃眼线液 浓黑顺滑防水,130.0,1782,115,欧莱雅,231660.0,0.06453423120089787,100-200元,0,其他,175.28744939271255,中端品牌
2025-11-14,A14269934948,L'OREAL欧莱雅男士控油三件套 去黑头洁面理肤露水凝露,259.0,110745,2354,欧莱雅,28682955.0,0.021256038647342997,200-500元,1,洁面,175.28744939271255,中端品牌
2025-11-14,A14542079879,L'OREAL欧莱雅美眸深邃极细眼线水笔 防水极细眼线笔 0.5g,110.0,2999,339,欧莱雅,329890.0,0.1130376792264088,100-200元,0,其他,175.28744939271255,中端品牌
2025-11-14,A15489610420,L'OREAL欧莱雅男士护肤劲能两件套 劲能醒肤露深层洁面膏,149.0,85467,1816,欧莱雅,12734583.0,0.021247967051610563,100-200元,1,洁面,175.28744939271255,中端品牌
2025-11-14,A15562258390,L'OREAL欧莱雅青春密码酵素眼部精华肌底液 眼霜15ml,209.0,13574,272,欧莱雅,2836966.0,0.020038308531015177,200-500元,1,精华,175.28744939271255,中端品牌
2025-11-14,A16331256576,L'OREAL欧莱雅男士护肤控油炭爽净亮洁面膏 持续控油排浊亮肤,39.0,17700,746,欧莱雅,690300.0,0.04214689265536723,0-50元,1,洁面,175.28744939271255,中端品牌
2025-11-14,A16332084233,L'OREAL欧莱雅男士控油炭爽抗黑头洁面膏 收缩毛孔洗面奶,39.0,184314,8036,欧莱雅,7188246.0,0.043599509532645374,0-50元,1,洁面,175.28744939271255,中端品牌
2025-11-14,A16332900118,L'OREAL欧莱雅男士控油保湿炭爽冰感洁面膏 洗面奶2支更优惠,39.0,24913,2176,欧莱雅,971607.0,0.08734395697025649,0-50元,1,洁面,175.28744939271255,中端品牌
2025-11-14,A16929960492,L'OREAL欧莱雅 男士水能护肤两件套装 滋润乳洁面膏,149.0,53953,1117,欧莱雅,8038997.0,0.020703204641076493,100-200元,1,洁面,175.28744939271255,中端品牌
2025-11-14,A17067629766,L'OREAL欧莱雅清润葡萄籽膜力霜 葡萄籽多酚 面膜般水润保湿面霜,160.0,13306,439,欧莱雅,2128960.0,0.032992634901548176,100-200元,1,面膜,175.28744939271255,中端品牌
2025-11-14,A17626419110,L'OREAL欧莱雅清润葡萄籽特润霜 补水保湿滋润法国葡萄籽,160.0,44209,715,欧莱雅,7073440.0,0.01617317740731525,100-200元,1,其他,175.28744939271255,中端品牌
2025-11-14,A17924505968,L'OREAL欧莱雅精油润养去屑洗发水 摩洛哥精油滋养洗发露,38.0,2111,36,欧莱雅,80218.0,0.01705352913311227,0-50元,0,其他,175.28744939271255,中端品牌
2025-11-14,A18126561629,L'OREAL欧莱雅清润葡萄籽护肤品套装 补水保湿,390.0,165049,8094,欧莱雅,64369110.0,0.049039982065931936,200-500元,1,其他,175.28744939271255,中端品牌
2025-11-14,A18137427899,L‘OREAL欧莱雅清润葡萄籽精华膜力水爽肤水柔肤水,109.0,80152,2524,欧莱雅,8736568.0,0.031490168679508934,100-200元,1,精华,175.28744939271255,中端品牌
2025-11-14,A18447891781,L'OREAL欧莱雅金致臻颜奢养紧妍日霜 抗皱滋润面霜,300.0,3992,193,欧莱雅,1197600.0,0.04834669338677355,200-500元,0,面霜,175.28744939271255,中端品牌
2025-11-14,A18542527340,L'OREAL欧莱雅金致臻颜奢养紧妍活肤水 保湿爽肤水紧致女士化妆水,200.0,5087,406,欧莱雅,1017400.0,0.07981128366424219,100-200元,0,爽肤水,175.28744939271255,中端品牌
2025-11-14,A18676293202,L'OREAL欧莱雅精油润养洗发水洗发露 深层滋养 干性发质适用,38.0,3919,414,欧莱雅,148922.0,0.10563919367185506,0-50元,0,其他,175.28744939271255,中端品牌
2025-11-14,A18967611165,L'OREAL欧莱雅复颜玻尿酸水光充盈导入精华乳 高浓度玻尿酸,260.0,3369,187,欧莱雅,875940.0,0.055506084891659244,200-500元,0,精华,175.28744939271255,中端品牌
2025-11-14,A19111207414,L'OREAL欧莱雅玻尿酸两套装 晶露玻尿酸乳液面霜,399.0,22592,1,欧莱雅,9014208.0,4.426345609065156e-05,200-500元,1,面霜,175.28744939271255,中端品牌
2025-11-14,A19478755972,L'OREAL欧莱雅男士火山岩控油清痘洁面膏 去黑头洗面奶,39.0,380755,9319,欧莱雅,14849445.0,0.02447505613846174,0-50元,1,洁面,175.28744939271255,中端品牌
2025-11-14,A19490162713,L'OREAL欧莱雅奇焕润发精油 小金瓶 柔润滋养 各种发质,69.0,39032,1039,欧莱雅,2693208.0,0.026619184259069482,50-100元,1,其他,175.28744939271255,中端品牌
2025-11-14,A19584900325,L'OREAL欧莱雅精准塑形眉笔 双色铅笔 防水快速定性不晕染 棕色,90.0,3208,247,欧莱雅,288720.0,0.07699501246882794,50-100元,0,其他,175.28744939271255,中端品牌
2025-11-14,A19886424028,L'OREAL欧莱雅奇焕光感粉底液 裸妆持久水润保湿轻盈遮瑕,199.0,28647,2921,欧莱雅,5700753.0,0.10196530177680037,100-200元,1,粉底,175.28744939271255,中端品牌
2025-11-14,A20576283516,L'OREAL欧莱雅丝柔唇乳 保湿滋润唇蜜唇膏唇彩口红,115.0,13533,213,欧莱雅,1556295.0,0.015739303923741964,100-200元,1,口红,175.28744939271255,中端品牌
2025-11-14,A20845899010,L'oreal欧莱雅多效修复去屑洗发露 700ml 洗发水 受损发质适用,62.0,2071,170,欧莱雅,128402.0,0.08208594881699662,50-100元,0,其他,175.28744939271255,中端品牌
2025-11-14,A21392259704,L'OREAL欧莱雅奇焕光彩三色焕亮美白粉饼 遮瑕高光修容粉饼三合一,209.0,6171,829,欧莱雅,1289739.0,0.13433803273375466,200-500元,0,其他,175.28744939271255,中端品牌
2025-11-14,A22404631187,L'OREAL欧莱雅男士护肤洁面膏两件套 多种组合,64.0,25483,2404,欧莱雅,1630912.0,0.09433740140485813,50-100元,1,洁面,175.28744939271255,中端品牌
2025-11-14,A35581431635,L'OREAL欧莱雅男士护肤控油周全理肤露 补水保湿祛痘印,110.0,3645,457,欧莱雅,400950.0,0.1253772290809328,100-200元,0,其他,175.28744939271255,中端品牌
2025-11-14,A36191835931,L'OREAL欧莱雅纷泽四色眼影 裸装烟熏妆眼影盘 大地色多色,169.0,1625,55,欧莱雅,274625.0,0.033846153846153845,100-200元,0,眼影,175.28744939271255,中端品牌
2025-11-14,A36548645393,L'OREAL欧莱雅男士护肤水能激能全系列,120.0,10733,16,欧莱雅,1287960.0,0.0014907295257616695,100-200元,1,其他,175.28744939271255,中端品牌
2025-11-14,A36748841768,L'oreal欧莱雅复颜密集修护精华液 基层提拉素科技 积雪草修护,260.0,2850,210,欧莱雅,741000.0,0.07368421052631578,200-500元,0,精华,175.28744939271255,中端品牌
2025-11-14,A37116692031,L'OREAL欧莱雅奇焕光彩粉嫩透亮修颜霜SPF21 PA+++ bb霜,120.0,75452,6587,欧莱雅,9054240.0,0.08730053543974978,100-200元,1,其他,175.28744939271255,中端品牌
2025-11-14,A37928542530,L'OREAL欧莱雅科研致白三重源白精华液 修护肌肤,260.0,69916,5013,欧莱雅,18178160.0,0.07170032610561244,200-500元,1,精华,175.28744939271255,中端品牌
2025-11-14,A38618087588,L'OREAL欧莱雅精油润养润发乳400ml/700ml  顺滑,21.0,1779,207,欧莱雅,37359.0,0.1163575042158516,0-50元,0,其他,175.28744939271255,中端品牌
2025-11-14,A38817906557,L'OREAL欧莱雅精油润养洗护发套装 洗发露发膜精油 干性,218.0,8591,646,欧莱雅,1872838.0,0.07519497148178327,200-500元,0,其他,175.28744939271255,中端品牌
2025-11-14,A38837335677,L'OREAL欧莱雅纷泽丰润雾感唇膏 哑光唇彩丝绒雾感口红 粉紫橙红,125.0,8138,655,欧莱雅,1017250.0,0.08048660604571148,100-200元,0,口红,175.28744939271255,中端品牌
2025-11-14,A39166653059,L'OREAL欧莱雅角质顺滑去屑洗发露400ml/700ml 丝质顺滑抚平毛躁,38.0,520,0,欧莱雅,19760.0,0.0,0-50元,0,其他,175.28744939271255,中端品牌
2025-11-14,A39176392078,L'OREAL欧莱雅角质顺滑润发乳 400ml 顺滑秀发 毛糙发质适用,38.0,379,50,欧莱雅,14402.0,0.13192612137203166,0-50元,0,其他,175.28744939271255,中端品牌
2025-11-14,A40119526059,[新老包装随机发货]L'OREAL欧莱雅男士护肤控油调理液体洁面皂,49.0,17395,954,欧莱雅,852355.0,0.05484334578901983,0-50元,1,洁面,175.28744939271255,中端品牌
2025-11-14,A40530583093,L'OREAL欧莱雅复颜提拉双重紧肤精华粉饼 仅有粉芯 粉盒需另拍,170.0,2106,292,欧莱雅,358020.0,0.13865147198480532,100-200元,0,精华,175.28744939271255,中端品牌
2025-11-14,A41125018304,L'OREAL欧莱雅男士护肤套装 火山岩洗面奶+平衡露,135.0,58433,2032,欧莱雅,7888455.0,0.03477487036434891,100-200元,1,其他,175.28744939271255,中端品牌
2025-11-14,A41157711326,L'oreal欧莱雅雪颜科研致白滋润日霜 SPF15 PA++ 面霜对抗色斑,220.0,2879,460,欧莱雅,633380.0,0.1597777005904828,200-500元,0,面霜,175.28744939271255,中端品牌
2025-11-14,A41175809828,L'OREAL欧莱雅清润葡萄籽护肤滋润两件套 膜力水乳液面霜,300.0,65907,6264,欧莱雅,19772100.0,0.09504301515772225,200-500元,1,面霜,175.28744939271255,中端品牌
2025-11-14,A41188600930,L'OREAL欧莱雅复颜抗皱眼霜+青春密码酵素眼部精华肌底液 去眼袋,409.0,4813,194,欧莱雅,1968517.0,0.04030750051942655,200-500元,0,精华,175.28744939271255,中端品牌
2025-11-14,A41210754770,L'OREAL欧莱雅纷泽琉光奢润唇釉 唇膏唇彩 滋润保湿,125.0,11238,410,欧莱雅,1404750.0,0.03648336002847482,100-200元,1,其他,175.28744939271255,中端品牌
2025-11-14,A41268704500,L'OREAL欧莱雅卓韵霜时尚炫金发色染发霜染发剂 亮色染发,79.0,4394,592,欧莱雅,347126.0,0.1347291761492945,50-100元,0,其他,175.28744939271255,中端品牌
2025-11-14,A41466077765,L'OREAL欧莱雅复颜抗皱紧致套装 洁面日霜柔肤水,550.0,93511,5670,欧莱雅,51431050.0,0.06063457775021121,500-1000元,1,洁面,175.28744939271255,中端品牌
2025-11-14,A41687273602,欧莱雅明星精华 酵素肌底液源白精华玻尿酸,260.0,16582,405,欧莱雅,4311320.0,0.02442407429743095,200-500元,1,精华,175.28744939271255,中端品牌
2025-11-14,A41798995488,欧莱雅清润天才保湿三件套 补水洗面奶爽肤水乳液,390.0,5755,0,欧莱雅,2244450.0,0.0,200-500元,0,爽肤水,175.28744939271255,中端品牌
2025-11-14,A41855390825,L'OREAL欧莱雅清润葡萄籽晚安膜力晶露 补水保湿弹润果冻质地晚霜,160.0,2930,230,欧莱雅,468800.0,0.07849829351535836,100-200元,0,其他,175.28744939271255,中端品牌
2025-11-14,A42634490037,L'OREAL欧莱雅科研致白三件套 洁面乳液精华水爽肤水女士,535.0,5777,1310,欧莱雅,3090695.0,0.22676129478968324,500-1000元,0,精华,175.28744939271255,中端品牌
2025-11-14,A42690234045,L'OREAL欧莱雅透明质酸水润洗护套装 洗700ml*2润400ml*2,139.0,3980,186,欧莱雅,553220.0,0.04673366834170854,100-200元,0,其他,175.28744939271255,中端品牌
2025-11-14,A42736108970,L'OREAL欧莱雅透明质酸洗护两件套 洗发水700+润发乳400,92.0,8717,348,欧莱雅,801964.0,0.03992199151084089,50-100元,0,其他,175.28744939271255,中端品牌
2025-11-14,A43538407790,L'OREAL欧莱雅男士护肤水能保湿密集精华露 滋润补水保湿,110.0,5175,452,欧莱雅,569250.0,0.08734299516908213,100-200元,0,精华,175.28744939271255,中端品牌
2025-11-14,A43563338473,L'OREAL欧莱雅男士水能保湿三件套双效洁面滋润乳水凝露,179.0,45838,3844,欧莱雅,8205002.0,0.0838605523801213,100-200元,1,洁面,175.28744939271255,中端品牌
2025-11-14,A43598869781,L'OREAL欧莱雅男士护肤水能润泽净爽洁面ㄠ 强劲清洁 劲爽润泽,39.0,8180,574,欧莱雅,319020.0,0.07017114914425428,0-50元,0,洁面,175.28744939271255,中端品牌
2025-11-14,A43599569254,L'OREAL欧莱雅男士护肤水能保湿两件套 洁面滋润乳水凝露精华露,99.0,19994,1887,欧莱雅,1979406.0,0.09437831349404821,50-100元,1,精华,175.28744939271255,中端品牌
2025-11-14,A43609160021,L'OREAL欧莱雅男士护肤水能保湿滋润乳 补水保湿 清爽护,110.0,20519,1527,欧莱雅,2257090.0,0.07441883132706273,100-200元,1,其他,175.28744939271255,中端品牌
2025-11-14,A44039560939,L'OREAL欧莱雅多维防晒轻透隔离喷雾 秋冬清爽抵御污染,99.0,19395,1082,欧莱雅,1920105.0,0.055787574117040474,50-100元,1,防晒,175.28744939271255,中端品牌
2025-11-14,A44240639909,L'OREAL欧莱雅多效修复洗护发两件套洗发露700+护发素400,78.0,3224,371,欧莱雅,251472.0,0.11507444168734492,50-100元,0,其他,175.28744939271255,中端品牌
2025-11-14,A44242307095,L'OREAL欧莱雅洗护发两件套 角质顺滑洗发700ml润发400ml,92.0,267,18,欧莱雅,24564.0,0.06741573033707865,50-100元,0,其他,175.28744939271255,中端品牌
2025-11-14,A44264794177,欧莱雅精油润养去屑洗护发两件套 洗发露700ml+润发乳400ml 滋养,92.0,1738,136,欧莱雅,159896.0,0.07825086306098965,50-100元,0,其他,175.28744939271255,中端品牌
2025-11-14,A44298065060,L'OREAL欧莱雅奇焕润发精油 小红瓶 深彻滋养 受损发质适用 100ml,76.0,6983,951,欧莱雅,530708.0,0.1361878848632393,50-100元,0,其他,175.28744939271255,中端品牌
2025-11-14,A44317972226,L'OREAL欧莱雅奇焕润发精油 小棕瓶 柔润滋养 干枯发质适用 100ml,69.0,1884,276,欧莱雅,129996.0,0.1464968152866242,50-100元,0,其他,175.28744939271255,中端品牌
2025-11-14,A44461527010,L'OREAL欧莱雅清润多重活性保湿深透晶露 补水保湿天才水,125.0,22514,1575,欧莱雅,2814250.0,0.0699564715288265,100-200元,1,其他,175.28744939271255,中端品牌
2025-11-14,A44528208432,【春春同款 11-11预售特供】欧莱雅瓷肌粉底液礼盒 气垫化妆品,199.0,46666,6783,欧莱雅,9286534.0,0.1453520764582351,100-200元,1,粉底,175.28744939271255,中端品牌
2025-11-14,A44679990468,欧莱雅 男士劲能醒肤护肤三件套 洁面膏 醒肤露 水凝露,189.0,2709,12,欧莱雅,512001.0,0.004429678848283499,100-200元,0,洁面,175.28744939271255,中端品牌
2025-11-14,A44758432986,L'OREAL欧莱雅清润护肤两件套 清润补水保湿,249.0,78864,10002,欧莱雅,19637136.0,0.12682592818015825,200-500元,1,其他,175.28744939271255,中端品牌
2025-11-14,A45211019354,L'OREAL欧莱雅男士护肤水能润泽双效洁面膏 补水保湿洗面奶,39.0,14180,2121,欧莱雅,553020.0,0.1495768688293371,0-50元,1,洁面,175.28744939271255,中端品牌
2025-11-14,A45303472293,L'OREAL欧莱雅旗舰店 控油炭爽双效洁面膏 收缩毛孔清黑头洗面奶,39.0,20014,1697,欧莱雅,780546.0,0.0847906465474168,0-50元,1,洁面,175.28744939271255,中端品牌
2025-11-14,A520250247799,L'OREAL欧莱雅复颜提拉双重紧肤精华粉盒 不含粉饼 粉饼需另拍,40.0,766,124,欧莱雅,30640.0,0.1618798955613577,0-50元,0,精华,175.28744939271255,中端品牌
2025-11-14,A520251972340,L'OREAL欧莱雅丝柔雾感唇粉膏棒 口红唇膏咬唇妆姨妈色,118.0,4732,537,欧莱雅,558376.0,0.11348267117497887,100-200元,0,口红,175.28744939271255,中端品牌
2025-11-14,A520267196310,L'OREAL欧莱雅美眸深邃眼影粉棒 裸妆烟熏妆眼影笔 大地色眼影,120.0,1964,260,欧莱雅,235680.0,0.13238289205702647,100-200元,0,眼影,175.28744939271255,中端品牌
2025-11-14,A520377959592,L'oreal欧莱雅火山矿物净彻男士去屑洗发水400ml 无硅油洗发露,25.0,2233,132,欧莱雅,55825.0,0.059113300492610835,0-50元,0,其他,175.28744939271255,中端品牌
2025-11-14,A520379370893,L'OREAL欧莱雅炭爽去油男士去屑洗发水700ml/400ml/200ml,75.0,10846,965,欧莱雅,813450.0,0.08897289323252812,50-100元,1,其他,175.28744939271255,中端品牌
2025-11-14,A520379862843,L'OREAL欧莱雅薄荷酷爽男士去屑洗发水700ml/400ml 无硅油洗发露,25.0,2098,178,欧莱雅,52450.0,0.08484270734032412,0-50元,0,其他,175.28744939271255,中端品牌
2025-11-14,A520381772926,L'OREAL欧莱雅氨基酸男士去屑洗发水700ml/400ml/200ml 无硅油,45.0,2940,187,欧莱雅,132300.0,0.06360544217687075,0-50元,0,其他,175.28744939271255,中端品牌
2025-11-14,A520382088599,L'OREAL欧莱雅男士去屑洗发露维他强韧 无硅油洗发水 去屑止痒,45.0,1161,146,欧莱雅,52245.0,0.12575366063738158,0-50元,0,其他,175.28744939271255,中端品牌
2025-11-14,A520674773849,L'OREAL欧莱雅至臻倍护润唇膏 男女保湿滋润防干裂 补水,99.0,1655,144,欧莱雅,163845.0,0.08700906344410876,50-100元,0,其他,175.28744939271255,中端品牌
2025-11-14,A520712697378,L'OREAL欧莱雅眉笔大师三头塑形眉笔 笔粉刷三合一 防水,99.0,21179,3935,欧莱雅,2096721.0,0.1857972519949006,50-100元,1,其他,175.28744939271255,中端品牌
2025-11-14,A520964692286,L'OREAL欧莱雅清润多重活性保湿冰沁霜 保湿补水天才霜,160.0,5494,486,欧莱雅,879040.0,0.08846013833272662,100-200元,0,其他,175.28744939271255,中端品牌
2025-11-14,A521340377407,L'OREAL欧莱雅清润多重活性保湿冰沁晚安冻膜 补水天才滋润晚霜,180.0,1499,224,欧莱雅,269820.0,0.1494329553035357,100-200元,0,其他,175.28744939271255,中端品牌
2025-11-14,A521998554783,L'OREAL欧莱雅复颜清乳/清漾柔肤水+复颜抗皱紧致乳液 复颜两件套,359.0,5293,926,欧莱雅,1900187.0,0.17494804458719063,200-500元,0,乳液,175.28744939271255,中端品牌
2025-11-14,A523355614321,L'OREAL欧莱雅复颜玻尿酸水光充盈导入霜 提拉紧致去细纹滋润面霜,260.0,3834,370,欧莱雅,996840.0,0.09650495565988523,200-500元,0,面霜,175.28744939271255,中端品牌
2025-11-14,A523358085672,L'OREAL欧莱雅复颜玻尿酸水光充盈导入眼霜 眼部 提拉紧致,249.0,6664,754,欧莱雅,1659336.0,0.1131452581032413,200-500元,0,眼霜,175.28744939271255,中端品牌
2025-11-14,A523970023516,L'OREAL欧莱雅卓韵霜时尚渐变染发霜 染发膏 渐变绯红渐变铜红,89.0,114,17,欧莱雅,10146.0,0.14912280701754385,50-100元,0,其他,175.28744939271255,中端品牌
2025-11-14,A523970571578,L'OREAL欧莱雅卓韵霜特润双膏染发霜 遮白发染发膏 多色可选,79.0,1995,330,欧莱雅,157605.0,0.16541353383458646,50-100元,0,其他,175.28744939271255,中端品牌
2025-11-14,A523970923427,L'OREAL欧莱雅卓韵霜时尚酷黑染发霜染发膏 遮白发染黑染发剂,79.0,617,82,欧莱雅,48743.0,0.13290113452188007,50-100元,0,其他,175.28744939271255,中端品牌
2025-11-14,A523994609471,L'OREAL欧莱雅彩妆设计师裸妆眼影盘10色戛纳同款眼影 大地色裸色,209.0,1351,383,欧莱雅,282359.0,0.2834937083641747,200-500元,0,眼影,175.28744939271255,中端品牌
2025-11-14,A524393949331,L'OREAL欧莱雅清润葡萄籽保湿乳液  补水保湿 无负担 110ml,160.0,2543,539,欧莱雅,406880.0,0.21195438458513566,100-200元,0,乳液,175.28744939271255,中端品牌
2025-11-14,A524428567884,L'OREAL欧莱雅纷泽唇釉绯粉玫瑰限量版 口红唇彩唇蜜保湿,99.0,15330,2455,欧莱雅,1517670.0,0.16014350945857794,50-100元,1,口红,175.28744939271255,中端品牌
2025-11-14,A525971315461,L'OREAL欧莱雅纷泽雾感奢润唇釉 哑光唇蜜唇彩唇膏口红 多色,125.0,649,113,欧莱雅,81125.0,0.17411402157164868,100-200元,0,口红,175.28744939271255,中端品牌
2025-11-14,A526115151470,L'OREAL欧莱雅男士护肤激能三件套 洁面+水凝露+精华露,249.0,9590,2281,欧莱雅,2387910.0,0.237851929092805,200-500元,0,精华,175.28744939271255,中端品牌
2025-11-14,A526115179226,L'OREAL欧莱雅男士护肤激能长效精华露 补水保湿唤醒肌肤,130.0,1635,304,欧莱雅,212550.0,0.18593272171253822,100-200元,0,精华,175.28744939271255,中端品牌
2025-11-14,A526151094189,L'OREALl欧莱雅激能速醒水凝露 补水保湿唤醒肌肤,100.0,1893,492,欧莱雅,189300.0,0.25990491283676703,50-100元,0,其他,175.28744939271255,中端品牌
2025-11-14,A526157757540,L'OREAL欧莱雅男士激能醒肤洁面膏 深层清洁唤醒皮肤洗面奶男士,39.0,3204,854,欧莱雅,124956.0,0.266541822721598,0-50元,0,洁面,175.28744939271255,中端品牌
2025-11-14,A526545791251,L'OREAL欧莱雅清润多重活性云朵洁面慕丝 细腻绵密洗面奶,110.0,9227,1739,欧莱雅,1014970.0,0.18846862468841444,100-200元,0,洁面,175.28744939271255,中端品牌
2025-11-14,A527255767359,L'OREAL欧莱雅清润多重活性保湿清新水凝乳 滋养锁水天才保湿系列,160.0,768,174,欧莱雅,122880.0,0.2265625,100-200元,0,其他,175.28744939271255,中端品牌
2025-11-14,A527256115443,L'OREAL欧莱雅清润多重活性保湿清新冰露 滋养补水保湿天才系列,140.0,323,89,欧莱雅,45220.0,0.2755417956656347,100-200元,0,其他,175.28744939271255,中端品牌
2025-11-14,A527258791771,L'OREAL欧莱雅奇焕光采水光空气轻垫腮红 提亮气色气垫腮红 贴合,120.0,1094,210,欧莱雅,131280.0,0.19195612431444242,100-200元,0,其他,175.28744939271255,中端品牌
2025-11-14,A527299646470,L'OREAL欧莱雅复颜玻尿酸水光充盈导入乳液 对抗肌肤初老提拉紧致,280.0,778,172,欧莱雅,217840.0,0.2210796915167095,200-500元,0,乳液,175.28744939271255,中端品牌
2025-11-14,A527322548855,L'OREAL欧莱雅清润多重活性水嫩洁面乳 深层清洁 125ml,90.0,3546,691,欧莱雅,319140.0,0.19486745628877608,50-100元,0,洁面,175.28744939271255,中端品牌
2025-11-14,A527325492991,【李宇春同款】L'OREAL欧莱雅丝柔CC轻唇膏 滋润口红戛纳,99.0,21104,8923,欧莱雅,2089296.0,0.42281084154662624,50-100元,1,口红,175.28744939271255,中端品牌
2025-11-14,A527610309314,L'OREAL欧莱雅清润多重活性三件套 天才水+海盐洁面+天才霜,299.0,4101,1971,欧莱雅,1226199.0,0.4806144842721288,200-500元,0,洁面,175.28744939271255,中端品牌
2025-11-14,A527620244549,L'OREAL欧莱雅多重防护城市水活隔离喷雾 防晒只需3秒钟,149.0,29685,7314,欧莱雅,4423065.0,0.24638706417382517,100-200元,1,防晒,175.28744939271255,中端品牌
2025-11-14,A527735982444,L'OREAL欧莱雅复颜玻尿酸水光充盈导入晶露 保湿精华水化妆水,240.0,753,180,欧莱雅,180720.0,0.23904382470119523,200-500元,0,精华,175.28744939271255,中端品牌
2025-11-14,A527945447650,L'OREAL清润葡萄籽净透洁面泡沫 洗面奶洁面乳 细腻绵密泡沫,110.0,576,165,欧莱雅,63360.0,0.2864583333333333,100-200元,0,洁面,175.28744939271255,中端品牌
2025-11-14,A529053913655,L'oreal欧莱雅法式摩登立体拼色眉妆盒 美妆眉影立体 双色眉粉,90.0,231,58,欧莱雅,20790.0,0.2510822510822511,50-100元,0,其他,175.28744939271255,中端品牌
2025-11-14,A529731513054,L'OREAL欧莱雅式摩登绘色塑眉膏 星空灰迷情棕 易上色持久不晕染,110.0,164,37,欧莱雅,18040.0,0.22560975609756098,100-200元,0,其他,175.28744939271255,中端品牌
2025-11-14,A529772928098,L'OREAL欧莱雅男士护肤火山岩清痘冰感洁面ū00ml 深层清洁,39.0,3165,1150,欧莱雅,123435.0,0.36334913112164297,0-50元,0,洁面,175.28744939271255,中端品牌
2025-11-14,A529773332598,L'oreal欧莱雅活泉劲爽男士去屑洗发水700ml/400ml/200ml 无硅油,25.0,1252,416,欧莱雅,31300.0,0.33226837060702874,0-50元,0,其他,175.28744939271255,中端品牌
2025-11-14,A530167759790,L'OREAL欧莱雅科研致白三重源白精华水 淡化暗黄提亮肤色,200.0,1140,242,欧莱雅,228000.0,0.21228070175438596,100-200元,0,精华,175.28744939271255,中端品牌
2025-11-14,A531306805611,L'OREAL欧莱雅美眸深邃巨星眼线水笔 纯黑流畅女神同款,100.0,362,104,欧莱雅,36200.0,0.287292817679558,50-100元,0,其他,175.28744939271255,中端品牌
2025-11-14,A531335204808,L'OREAL欧莱雅巨星双头睫毛膏 纤长卷翘戛纳女神同款 浓密卷翘,150.0,490,184,欧莱雅,73500.0,0.37551020408163266,100-200元,0,睫毛膏,175.28744939271255,中端品牌
2025-11-14,A531492926930,L'OREAL欧莱雅三合一卸妆洁颜水倍润型魔术水卸妆水250ml,79.0,38825,15247,欧莱雅,3067175.0,0.39271088216355443,50-100元,1,卸妆,175.28744939271255,中端品牌
2025-11-14,A532083724818,李宇春同款 L'OREAL欧莱雅巨星双头大师眼线笔速干持久,99.0,6379,2180,欧莱雅,631521.0,0.34174635522809216,50-100元,0,其他,175.28744939271255,中端品牌
2025-11-14,A533002736417,L'OREAL欧莱雅三合一卸妆洁颜泡沫 绵密净透肌肤免洗洗面奶 150ml,69.0,569,226,欧莱雅,39261.0,0.39718804920913886,50-100元,0,卸妆,175.28744939271255,中端品牌
2025-11-14,A534575243048,L'OREAL欧莱雅精油润养洗护发套装 洗发露700*2+护发素400,145.0,678,234,欧莱雅,98310.0,0.34513274336283184,100-200元,0,其他,175.28744939271255,中端品牌
2025-11-14,A534706468954,L'OREAL欧莱雅透明质酸洗护套装洗发露700*2+护发素400,139.0,843,156,欧莱雅,117177.0,0.18505338078291814,100-200元,0,其他,175.28744939271255,中端品牌
2025-11-14,A534821051756,L'OREAL欧莱雅科研致白三重源白乳液美白保湿提亮110ml,220.0,711,148,欧莱雅,156420.0,0.20815752461322082,200-500元,0,乳液,175.28744939271255,中端品牌
2025-11-14,A535689862710,L'OREAL欧莱雅科研致透三重源净云朵弹密洁面慕斯 洗面奶,110.0,775,118,欧莱雅,85250.0,0.15225806451612903,100-200元,0,洁面,175.28744939271255,中端品牌
2025-11-14,A536895493896,欧莱雅蔷薇臻耀洗发水440ml+润发乳440ml补水 滋养干枯暗哑秀发,146.0,42,4,欧莱雅,6132.0,0.09523809523809523,100-200元,0,其他,175.28744939271255,中端品牌
2025-11-14,A537612957761,欧莱雅三合一卸妆洁颜水倍润/清爽型型魔术水 400ml,79.0,21659,503,欧莱雅,1711061.0,0.023223602197700723,50-100元,1,卸妆,175.28744939271255,中端品牌
2025-11-14,A537613565034,L'OREAL欧莱雅三合一卸妆洁颜水清爽型魔术水 卸妆水250ml,69.0,2494,1106,欧莱雅,172086.0,0.44346431435445066,50-100元,0,卸妆,175.28744939271255,中端品牌
2025-11-14,A537884294758,【新品】欧莱雅奇焕光采瓷肌空气轻垫粉底液,168.0,6768,870,欧莱雅,1137024.0,0.12854609929078015,100-200元,0,粉底,175.28744939271255,中端品牌
2025-11-14,A537981807976,L'OREAL欧莱雅青春密码酵素精华肌底液面部精华补水50ml,299.0,7607,980,欧莱雅,2274493.0,0.12882871039831734,200-500元,0,精华,175.28744939271255,中端品牌
2025-11-14,A538104872435,L'OREAL欧莱雅透明质酸水润去屑洗发露(倍爽）200ml/400ml/700nl,21.0,1149,311,欧莱雅,24129.0,0.27067014795474326,0-50元,0,其他,175.28744939271255,中端品牌
2025-11-14,A538105552908,L'OREAL欧莱雅透明质酸水润洗发露 洗发水700ml 家庭装,52.0,2333,96,欧莱雅,121316.0,0.041148735533647667,50-100元,0,其他,175.28744939271255,中端品牌
2025-11-14,A538120665097,L'OREAL欧莱雅欧莱雅巴黎之吻唇颊盘 唇颊合一 四款妆效,199.0,404,76,欧莱雅,80396.0,0.18811881188118812,100-200元,0,其他,175.28744939271255,中端品牌
2025-11-14,A538337702098,L'OREAL欧莱雅精油润养8丰盈洗发露 700ml 干性发质适用,62.0,65,12,欧莱雅,4030.0,0.18461538461538463,50-100元,0,其他,175.28744939271255,中端品牌
2025-11-14,A538338886309,L'OREAL欧莱雅科研致白三重源白密集祛斑精华乳 15ml,230.0,617,59,欧莱雅,141910.0,0.09562398703403566,200-500元,0,精华,175.28744939271255,中端品牌
2025-11-14,A538341130331,L'OREAL欧莱雅多效修复染烫倍护洗发露400ml/700ml,38.0,411,103,欧莱雅,15618.0,0.25060827250608275,0-50元,0,其他,175.28744939271255,中端品牌
2025-11-14,A538386417010,L'OREAL欧莱雅多效修复染烫倍护润发乳 400ml,38.0,439,114,欧莱雅,16682.0,0.25968109339407747,0-50元,0,其他,175.28744939271255,中端品牌
2025-11-14,A538671350915,【李宇春同款】欧莱雅卸妆魔术水250ml*2清爽倍润,128.0,15272,80,欧莱雅,1954816.0,0.005238344683080147,100-200元,1,卸妆,175.28744939271255,中端品牌
2025-11-14,A538985853243,L'OREAL欧莱雅奇焕光采水光空气轻垫霜替换装 气垫BB霜气垫粉底,140.0,587,83,欧莱雅,82180.0,0.141396933560477,100-200元,0,粉底,175.28744939271255,中端品牌
2025-11-14,A539323716520,L'OREAL欧莱雅奇焕润发精萃油  轻盈喷雾 100ml 针对毛糙发质,76.0,128,32,欧莱雅,9728.0,0.25,50-100元,0,喷雾,175.28744939271255,中端品牌
2025-11-14,A539913454497,[新品恋爱瓶]欧莱雅清润葡萄籽膜力双重精华露 补水保湿,190.0,3802,61,欧莱雅,722380.0,0.01604418726985797,100-200元,0,精华,175.28744939271255,中端品牌
2025-11-14,A540685861901,L'OREAL欧莱雅奇焕光采水光空气轻垫霜 气垫bb霜,169.0,1794,16,欧莱雅,303186.0,0.008918617614269788,100-200元,0,其他,175.28744939271255,中端品牌
2025-11-14,A540806377763,L'OREAL欧莱雅复颜抗皱滋润眼霜 紧致眼周肌肤,189.0,8825,29,欧莱雅,1667925.0,0.003286118980169972,100-200元,0,眼霜,175.28744939271255,中端品牌
2025-11-14,A541102665853,【新品上市】欧莱雅奇焕润发护发精油蔷薇臻耀100ml滋润,99.0,84,3,欧莱雅,8316.0,0.03571428571428571,50-100元,0,其他,175.28744939271255,中端品牌
2025-11-14,A541166044768,L'OREAL欧莱雅卓韵霜时尚魅棕系列染发霜 富含炫闪因子蜜茶棕红棕,79.0,90,2,欧莱雅,7110.0,0.022222222222222223,50-100元,0,其他,175.28744939271255,中端品牌
2025-11-14,A541183327207,L'OREAL欧莱雅卓韵霜时尚绚红系列染发霜 闪耀绚丽亮泽酒红绯红,79.0,59,2,欧莱雅,4661.0,0.03389830508474576,50-100元,0,其他,175.28744939271255,中端品牌
2025-11-14,A541369708508,L'OREAL欧莱雅奇焕光彩粉嫩透亮修颜霜SPF21 PA+++ bb霜,99.0,4444,8,欧莱雅,439956.0,0.0018001800180018,50-100元,0,其他,175.28744939271255,中端品牌
2025-11-14,A541469323459,L'OREAL欧莱雅 套装角质顺滑洗发水1400ml护发素400ml,999.0,87,0,欧莱雅,86913.0,0.0,500-1000元,0,其他,175.28744939271255,中端品牌
2025-11-14,A541606609969,L'OREAL欧莱雅奇焕润发精油迷你装 30ml便携装,39.0,146,0,欧莱雅,5694.0,0.0,0-50元,0,其他,175.28744939271255,中端品牌
2025-11-14,A541617622143,L'OREAL欧莱雅奇焕润发精油 针对暗哑发质 法国玫瑰甜美发香味,79.0,57,1,欧莱雅,4503.0,0.017543859649122806,50-100元,0,其他,175.28744939271255,中端品牌
2025-11-14,A541622087047,L'OREAL欧莱雅奇焕润发精油凝露100ml 适合卷发及蓬松造型,79.0,37,0,欧莱雅,2923.0,0.0,50-100元,0,其他,175.28744939271255,中端品牌
2025-11-14,A541623387975,【新品上市】欧莱雅奇焕润发精油蔷薇臻耀精华保湿润护发霜180ml,78.0,11,0,欧莱雅,858.0,0.0,50-100元,0,精华,175.28744939271255,中端品牌
2025-11-13,A538083980831,L'OREAL欧莱雅三合一卸妆洁颜水倍润清爽型魔术水400ml,109.0,26737,6968,欧莱雅,2914333.0,0.2606126341773572,100-200元,1,卸妆,175.28744939271255,中端品牌
2025-11-11,A7895116780,L'OREAL欧莱雅复颜双重提拉眼部菁华乳 抗皱紧致眼霜提拉去细纹,220.0,23608,566,欧莱雅,5193760.0,0.023974923754659438,200-500元,1,眼霜,175.28744939271255,中端品牌
2025-11-11,A7904919648,【双11】L'OREAL欧莱雅唇部及眼部卸妆液 温和卸妆水不刺激眼唇卸,90.0,16132,780,欧莱雅,1451880.0,0.04835110339697496,50-100元,1,卸妆,175.28744939271255,中端品牌
2025-11-11,A15790205412,【双11】L'OREAL欧莱雅复颜抗皱紧致套装 洁面面霜柔肤水四件套,770.0,5859,0,欧莱雅,4511430.0,0.0,500-1000元,0,面霜,175.28744939271255,中端品牌
2025-11-11,A16414236778,L'OREAL欧莱雅多重防护隔离露 匀净即bb霜 补水保湿滋润防晒霜,139.0,22914,1487,欧莱雅,3185046.0,0.06489482412498909,100-200元,1,防晒,175.28744939271255,中端品牌
2025-11-11,A17659149256,L'OREAL欧莱雅男士护肤劲能冰酷水份露 补水清爽沁凉保湿面霜,120.0,29383,620,欧莱雅,3525960.0,0.02110063642242113,100-200元,1,面霜,175.28744939271255,中端品牌
2025-11-11,A17899311780,L'OREAL欧莱雅金致臻颜奢养紧妍洁面乳 洗面奶保湿+护理+抗老,180.0,3526,211,欧莱雅,634680.0,0.059841179807146906,100-200元,0,洁面,175.28744939271255,中端品牌
2025-11-11,A19717700491,L'OREAL欧莱雅复颜光学嫩肤抚痕滋润日霜 紧致日霜面霜 抚平细纹,240.0,7646,245,欧莱雅,1835040.0,0.032042898247449644,200-500元,0,面霜,175.28744939271255,中端品牌
2025-11-11,A40102631925,[新老包装随机发货]L'OREAL欧莱雅男士护肤劲能舒润液体洁面皂,49.0,9933,496,欧莱雅,486717.0,0.04993456156246854,0-50元,0,洁面,175.28744939271255,中端品牌
2025-11-11,A43595177852,【双11】L'OREAL欧莱雅男士护肤水能保湿酷爽水凝露 滋润补水保湿,69.0,18908,2432,欧莱雅,1304652.0,0.12862280516183627,50-100元,1,其他,175.28744939271255,中端品牌
2025-11-11,A45442053242,L'OREAL欧莱雅多重防护精华芯隔离露SPF30/PA+++ 防晒妆前,139.0,1887,339,欧莱雅,262293.0,0.17965023847376788,100-200元,0,精华,175.28744939271255,中端品牌
2025-11-11,A520510378764,L'OREAL欧莱雅男士护肤水能保湿强润霜 强劲补水保湿滋润面霜,80.0,3764,404,欧莱雅,301120.0,0.1073326248671626,50-100元,0,面霜,175.28744939271255,中端品牌
2025-11-11,A529676963709,【双11】L'OREAL欧莱雅男士护肤火山岩控油清痘冰感水凝露120,90.0,1470,477,欧莱雅,132300.0,0.32448979591836735,50-100元,0,其他,175.28744939271255,中端品牌
2025-11-11,A539789155030,【双11】【新品】L'OREAL欧莱雅男士激能醒肤保湿面膜 男士面膜,90.0,223,26,欧莱雅,20070.0,0.11659192825112108,50-100元,0,面膜,175.28744939271255,中端品牌
2025-11-11,A541169805661,【双11】L＇oreal欧莱雅 复颜玻尿酸豪华四件套 女士化妆品套装,1060.0,484,0,欧莱雅,513040.0,0.0,1000元以上,0,其他,175.28744939271255,中端品牌
2025-11-11,A541444436231,【双11】L＇oreal欧莱雅 多维防晒轻透隔离喷雾75ml,99.0,6,0,欧莱雅,594.0,0.0,50-100元,0,防晒,175.28744939271255,中端品牌
2025-11-11,A541444460738,【双11】L＇oreal欧莱雅 瓷肌粉底液礼盒 气垫化妆品,168.0,28,0,欧莱雅,4704.0,0.0,100-200元,0,粉底,175.28744939271255,中端品牌
2025-11-11,A541455153440,【双11】欧莱雅 卸妆魔术水250ml*2清爽倍润卸妆水,142.0,51,0,欧莱雅,7242.0,0.0,100-200元,0,卸妆,175.28744939271255,中端品牌
2025-11-11,A541463438061,【双11】L＇oreal欧莱雅男士火山岩6件套(洁面+平衡露+水凝露）*2,468.0,0,0,欧莱雅,0.0,0.0,200-500元,0,洁面,175.28744939271255,中端品牌
2025-11-11,A541463782134,【双11】L＇oreal欧莱雅 多重防护城市水活隔离喷雾64g,129.0,25,0,欧莱雅,3225.0,0.0,100-200元,0,隔离霜,175.28744939271255,中端品牌
2025-11-10,A7894820330,L'OREAL欧莱雅男士护肤抗皱紧肤双效眼霜 紧致去眼袋纹男士眼霜,125.0,21150,736,欧莱雅,2643750.0,0.03479905437352246,100-200元,1,眼霜,175.28744939271255,中端品牌
2025-11-10,A7894871870,【双11】L'OREAL欧莱雅多重防护隔离露 补水保湿防晒霜bb霜 紫色,140.0,50934,3698,欧莱雅,7130760.0,0.0726037617308674,100-200元,1,防晒,175.28744939271255,中端品牌
2025-11-10,A7894938276,L'OREAL欧莱雅男士护肤抗皱紧肤霜 紧致精华 面霜,120.0,21836,510,欧莱雅,2620320.0,0.023355925993771752,100-200元,1,面霜,175.28744939271255,中端品牌
2025-11-10,A7894971398,L'OREAL欧莱雅男士护肤抗皱活肤洁面膏 深层洗面奶紧致重现活力,39.0,14958,368,欧莱雅,583362.0,0.024602219548067922,0-50元,1,洁面,175.28744939271255,中端品牌
2025-11-10,A7908627142,【双11】L'OREAL欧莱雅美眸深邃眼线水笔 眼线液眼线笔 纯黑流畅,90.0,11406,84,欧莱雅,1026540.0,0.007364544976328248,50-100元,1,其他,175.28744939271255,中端品牌
2025-11-10,A8642686870,L'oreal欧莱雅复颜抗皱紧致滋润晚霜 紧致抗细纹保湿滋润面霜,230.0,20015,841,欧莱雅,4603450.0,0.04201848613539845,200-500元,1,面霜,175.28744939271255,中端品牌
2025-11-10,A8642687670,【11-11预售】L'OREAL欧莱雅复颜抗皱滋润眼霜 紧致眼周肌肤补水,189.0,95597,6374,欧莱雅,18067833.0,0.06667573250206596,100-200元,1,眼霜,175.28744939271255,中端品牌
2025-11-10,A15837917958,L'OREAL欧莱雅复颜光学嫩肤眼部醒活精华乳 抚平细纹眼霜 14.5ml,260.0,13804,374,欧莱雅,3589040.0,0.027093596059113302,200-500元,1,精华,175.28744939271255,中端品牌
2025-11-10,A16405086586,【11-11预售特供】欧莱雅膜力水乳液化妆品套装 限量咖啡馆礼盒,249.0,53326,0,欧莱雅,13278174.0,0.0,200-500元,1,乳液,175.28744939271255,中端品牌
2025-11-10,A16470618157,L'oreal欧莱雅男士劲能极润护唇膏 滋润保湿补水润唇膏男士唇膏,29.0,37995,1096,欧莱雅,1101855.0,0.028845900776417948,0-50元,1,其他,175.28744939271255,中端品牌
2025-11-10,A16790877855,L'OREAL欧莱雅复颜贴合提拉弹力面膜 滋润保湿提拉紧致24ml*4,150.0,5202,248,欧莱雅,780300.0,0.04767397154940407,100-200元,0,面膜,175.28744939271255,中端品牌
2025-11-10,A16873018536,L'OREAL欧莱雅金致臻颜奢养紧妍晚霜 滋润面霜化妆品晚间护肤,300.0,2051,112,欧莱雅,615300.0,0.05460750853242321,200-500元,0,面霜,175.28744939271255,中端品牌
2025-11-10,A17648046880,L'OREAL欧莱雅金致臻颜奢养紧妍光感眼霜保湿护肤提拉眼部,360.0,805,68,欧莱雅,289800.0,0.084472049689441,200-500元,0,眼霜,175.28744939271255,中端品牌
2025-11-10,A17659781915,L'OREAL欧莱雅官方旗舰店女士护肤 金致臻颜奢养紧妍光感精华水,260.0,2377,196,欧莱雅,618020.0,0.08245687841817417,200-500元,0,精华,175.28744939271255,中端品牌
2025-11-10,A17899251193,L'OREAL欧莱雅金致臻颜奢养紧妍眼霜 抗老紧致深层滋养淡化皱纹,320.0,4245,316,欧莱雅,1358400.0,0.07444051825677267,200-500元,0,眼霜,175.28744939271255,中端品牌
2025-11-10,A21018476890,L'OREAL欧莱雅金致臻颜奢养紧妍光感精华液 护肤紧致补水保湿精华,369.0,1165,87,欧莱雅,429885.0,0.07467811158798283,200-500元,0,精华,175.28744939271255,中端品牌
2025-11-10,A21020152637,L'oreal欧莱雅金致臻颜奢养紧妍光感面霜,329.0,860,49,欧莱雅,282940.0,0.056976744186046514,200-500元,0,面霜,175.28744939271255,中端品牌
2025-11-10,A22891292430,[11-11预售特供]欧莱雅葡萄籽洁面水霜5件套铁塔礼盒,199.0,34850,110,欧莱雅,6935150.0,0.0031563845050215206,100-200元,1,洁面,175.28744939271255,中端品牌
2025-11-10,A26119752943,L'OREAL欧莱雅金致臻颜奢养紧妍精华液 抗皱紧致正品,340.0,1290,113,欧莱雅,438600.0,0.08759689922480621,200-500元,0,精华,175.28744939271255,中端品牌
2025-11-10,A35073159517,[送洁面中样2支][11-11预售]欧莱雅男士火山岩控油清痘护肤套装,189.0,107194,8282,欧莱雅,20259666.0,0.07726178704031943,100-200元,1,洁面,175.28744939271255,中端品牌
2025-11-10,A35579924851,【双11】欧莱雅复颜光学三件套 滋润日霜面霜+眼霜+面部精华乳,699.0,11385,330,欧莱雅,7958115.0,0.028985507246376812,500-1000元,1,面霜,175.28744939271255,中端品牌
2025-11-10,A36748505206,L'OREAL欧莱雅复颜光学嫩肤抚痕乳液 抚平细纹乳液隐形毛孔赋弹力,260.0,2029,162,欧莱雅,527540.0,0.07984228684080828,200-500元,0,乳液,175.28744939271255,中端品牌
2025-11-10,A38926273123,L'OREAL欧莱雅复颜立体纤颜精华乳 提拉紧致立体苹果机 瘦脸V脸,240.0,5477,148,欧莱雅,1314480.0,0.02702209238634289,200-500元,0,精华,175.28744939271255,中端品牌
2025-11-10,A39146598022,L'OREAL欧莱雅官方旗舰店养发护发 角质顺滑护发膜250ml,39.0,110,18,欧莱雅,4290.0,0.16363636363636364,0-50元,0,其他,175.28744939271255,中端品牌
2025-11-10,A40966884226,L'OREAL欧莱雅金致臻颜奢养紧妍滋润乳液 尖端抗老科技紧致滋润,320.0,1246,145,欧莱雅,398720.0,0.11637239165329052,200-500元,0,乳液,175.28744939271255,中端品牌
2025-11-10,A41132912258,L'OREAL欧莱雅复颜光学嫩肤弹力抚痕晚霜 晚安面霜紧致滋润,260.0,2828,209,欧莱雅,735280.0,0.0739038189533239,200-500元,0,面霜,175.28744939271255,中端品牌
2025-11-10,A41540555111,【双11】欧莱雅复颜光学嫩肤三件套 晚霜+焕活精华水+抚痕乳液,649.0,2427,140,欧莱雅,1575123.0,0.057684384013185,500-1000元,0,精华,175.28744939271255,中端品牌
2025-11-10,A41687337086,【11-11预售】欧莱雅清润保湿天才两件套女士化妆品套装 爽肤水,249.0,18520,1,欧莱雅,4611480.0,5.3995680345572353e-05,200-500元,1,爽肤水,175.28744939271255,中端品牌
2025-11-10,A41727599427,【11-11预售】李宇春同款欧莱雅丝柔CC轻唇膏 口红冰晶粉润唇膏,99.0,5490,32,欧莱雅,543510.0,0.0058287795992714025,50-100元,0,口红,175.28744939271255,中端品牌
2025-11-10,A41797135012,[11-11预售巩俐同款]欧莱雅复颜紧致抗皱限量套装7件套 无礼盒,399.0,36284,0,欧莱雅,14477316.0,0.0,200-500元,1,其他,175.28744939271255,中端品牌
2025-11-10,A43386266502,L'OREAL欧莱雅金致臻颜精油按摩滋润霜 护理提拉紧致光彩焕亮,320.0,247,23,欧莱雅,79040.0,0.0931174089068826,200-500元,0,其他,175.28744939271255,中端品牌
2025-11-10,A43853989649,L'oreal欧莱雅大眼甜心睫毛膏 浓密纤长卷翘持久不晕染 黑色,150.0,4035,177,欧莱雅,605250.0,0.04386617100371747,100-200元,0,睫毛膏,175.28744939271255,中端品牌
2025-11-10,A45096918974,【11-11预售】欧莱雅清润天才保湿三件套 补水洗面奶爽肤水乳液,319.0,11875,1372,欧莱雅,3788125.0,0.11553684210526316,200-500元,1,爽肤水,175.28744939271255,中端品牌
2025-11-10,A45100609109,L'OREAL欧莱雅金致臻颜奢养紧妍三件套 洁面+活肤水+日霜,609.0,1186,274,欧莱雅,722274.0,0.23102866779089376,500-1000元,0,洁面,175.28744939271255,中端品牌
2025-11-10,A526592329281,【11-11预售】欧莱雅奇焕光采水光隔离轻垫霜 气垫CC霜化妆品裸妆,179.0,2966,798,欧莱雅,530914.0,0.26904922454484154,100-200元,0,隔离霜,175.28744939271255,中端品牌
2025-11-10,A527687788534,【11-11预售】欧莱雅复颜玻尿酸水光充盈导入两件套 爽肤水乳液,398.0,23213,4630,欧莱雅,9238774.0,0.19945720070650066,200-500元,1,爽肤水,175.28744939271255,中端品牌
2025-11-10,A528270224164,L'OREAL欧莱雅金致臻颜奢养晚安面膜 保湿滋养肌肤,300.0,85,27,欧莱雅,25500.0,0.3176470588235294,200-500元,0,面膜,175.28744939271255,中端品牌
2025-11-10,A533857431208,L'OREAL欧莱雅海盐泡沫洁面乳 绵密泡沫三种肤质量身定制2支装,78.0,1116,585,欧莱雅,87048.0,0.5241935483870968,50-100元,0,洁面,175.28744939271255,中端品牌
2025-11-10,A533943721604,L'OREAL欧莱雅复颜光学嫩肤抚痕精华乳 提拉紧致 抚平细纹 30ml,290.0,320,131,欧莱雅,92800.0,0.409375,200-500元,0,精华,175.28744939271255,中端品牌
2025-11-10,A533943725930,L'OREAL欧莱雅复颜光学嫩肤焕活精华水 爽肤水精华水紧致肌肤,220.0,581,223,欧莱雅,127820.0,0.3838209982788296,200-500元,0,精华,175.28744939271255,中端品牌
2025-11-10,A534642086208,L'OREAL欧莱雅 套装角质顺滑洗发水1400ml护发素400ml,145.0,186,67,欧莱雅,26970.0,0.3602150537634409,100-200元,0,其他,175.28744939271255,中端品牌
2025-11-10,A538340662849,L'OREAL欧莱雅多效修复染烫倍护护发膜 250ml,39.0,382,163,欧莱雅,14898.0,0.42670157068062825,0-50元,0,其他,175.28744939271255,中端品牌
2025-11-10,A539789116521,【双11】【新品】L'OREAL欧莱雅男士火山岩淡痘印保湿面膜,100.0,266,87,欧莱雅,26600.0,0.32706766917293234,50-100元,0,面膜,175.28744939271255,中端品牌
2025-11-10,A539803159498,【双11】【新品】L'OREAL欧莱雅男士炭爽净油保湿面膜 男士面膜,100.0,147,47,欧莱雅,14700.0,0.3197278911564626,50-100元,0,面膜,175.28744939271255,中端品牌
2025-11-10,A539803897815,【双11】【新品】L'OREAL欧莱雅男士山泉水润保湿面膜 男士面膜,100.0,158,55,欧莱雅,15800.0,0.34810126582278483,50-100元,0,面膜,175.28744939271255,中端品牌
2025-11-10,A539899706867,【11-11预售】L'OREAL欧莱雅透明质酸洗发露700ml*2 无硅油洗发水,109.0,525,0,欧莱雅,57225.0,0.0,100-200元,0,其他,175.28744939271255,中端品牌
2025-11-10,A539921890268,【11-11预售】L'OREAL欧莱雅清润葡萄籽特润凝霜 两瓶装 补水面霜,269.0,2406,0,欧莱雅,647214.0,0.0,200-500元,0,面霜,175.28744939271255,中端品牌
2025-11-10,A540665308809,【11-11预售】欧莱雅酵素精华肌底液 精华豪华化妆品套装三件套,680.0,49,0,欧莱雅,33320.0,0.0,500-1000元,0,精华,175.28744939271255,中端品牌
2025-11-10,A540676911934,【11-11预售】欧莱雅复颜抗皱紧致护肤面霜套装 日霜晚霜两件套,369.0,1329,0,欧莱雅,490401.0,0.0,200-500元,0,面霜,175.28744939271255,中端品牌
2025-11-10,A540683001965,【11-11预售】欧莱雅清润多重活性保湿深透晶露 明星天才水爽肤水,119.0,130,0,欧莱雅,15470.0,0.0,100-200元,0,爽肤水,175.28744939271255,中端品牌
2025-11-09,A39166129778,L'OREAL欧莱雅角质顺滑洗发露 700ml 毛糙发质适用,62.0,566,47,欧莱雅,35092.0,0.08303886925795052,50-100元,0,其他,175.28744939271255,中端品牌
2025-11-09,A42680432915,【11-11预售】欧莱雅复颜玻尿酸护肤豪华四件套 女士化妆品套装,1060.0,2397,0,欧莱雅,2540820.0,0.0,1000元以上,0,其他,175.28744939271255,中端品牌
2025-11-08,A541067077082,【新品】L'OREAL欧莱雅纷泽琉金唇膏 人鱼姬色姨妈色琉金色 个性,125.0,10,0,欧莱雅,1250.0,0.0,100-200元,0,其他,175.28744939271255,中端品牌
2025-11-14,A17008418616,德国妮维雅女士护肤 丝润爽肤水化妆爽肤水保湿补水滋润无酒精,38.99,8653,564,妮维雅,337380.47000000003,0.06517970646018721,0-50元,0,爽肤水,73.97679738562093,大众品牌
2025-11-14,A17009254956,2件包邮*妮维雅海洋精华护手凝露护手霜手膜保湿补水男女润手霜,12.99,34430,1318,妮维雅,447245.7,0.0382805692709846,0-50元,1,精华,73.97679738562093,大众品牌
2025-11-14,A17017761499,【2支包邮】德国妮维雅丝润深层洁面乳洗面奶正品男女清洁补水,18.99,3774,387,妮维雅,71668.26,0.10254372019077901,0-50元,0,洁面,73.97679738562093,大众品牌
2025-11-14,A17017881808,德国妮维雅男士美白防晒亮肤精华霜焕白隔离乳液清爽控油保湿滋润,119.99,16721,1275,妮维雅,2006352.7899999998,0.07625142036959512,100-200元,1,精华,73.97679738562093,大众品牌
2025-11-14,A17018666462,德国妮维雅女士凝水活采密集保湿精华露50ml 滋润保湿补水,96.99,3790,113,妮维雅,367592.1,0.029815303430079154,50-100元,0,精华,73.97679738562093,大众品牌
2025-11-14,A17019034422,妮维雅温润透白乳液200ml身体护理 保湿补水 身体乳液 润肤乳,34.99,17566,379,妮维雅,614634.3400000001,0.021575771376522827,0-50元,1,乳液,73.97679738562093,大众品牌
2025-11-14,A17020186238,【德国进口】 妮维雅男士超感舒缓刮胡 剃须泡沫刮胡膏护肤品,49.0,6695,900,妮维雅,328055.0,0.1344286781179985,0-50元,0,其他,73.97679738562093,大众品牌
2025-11-14,A17027981300,【2支包邮】德国妮维雅女士净油控痘洁面洗面奶深层清洁祛痘控油,22.99,7344,890,妮维雅,168838.56,0.12118736383442266,0-50元,0,洁面,73.97679738562093,大众品牌
2025-11-14,A17065550243,【醒肤抗倦】德国妮维雅男士活力洁面乳洗面奶补水保湿去暗沉清洁,37.99,19051,548,妮维雅,723747.49,0.02876489423127395,0-50元,1,洁面,73.97679738562093,大众品牌
2025-11-14,A17066097273,德国大牌 妮维雅男士干爽魄力爽身走珠液50ml 止汗露 去汗味 香体,34.99,11189,861,妮维雅,391503.11000000004,0.07695057645902226,0-50元,1,其他,73.97679738562093,大众品牌
2025-11-14,A17152517500,【2支包邮】德国妮维雅去黑头磨砂洁面乳洗面奶去角质保湿收毛孔,22.99,8994,1837,妮维雅,206772.06,0.20424727596175227,0-50元,0,洁面,73.97679738562093,大众品牌
2025-11-14,A17298382210,【2支包邮】德国妮维雅男士洁面水活深透洁面乳晶露洗面奶收毛孔,28.99,8357,574,妮维雅,242269.43,0.06868493478521,0-50元,0,洁面,73.97679738562093,大众品牌
2025-11-14,A17299101458,【收毛孔】妮维雅男士控油亮肤矿物炭洁面洗面奶 深层清洁 祛痘印,38.99,14287,858,妮维雅,557050.13,0.06005459508644222,0-50元,1,洁面,73.97679738562093,大众品牌
2025-11-14,A17309357968,德国妮维雅男士水活多效润肤露乳液补水滋润保湿护肤提亮,48.99,35254,993,妮维雅,1727093.46,0.028167016508764964,0-50元,1,乳液,73.97679738562093,大众品牌
2025-11-14,A17379821379,妮维雅精华持久香氛喷气雾腋下抑抗止汗黄味 修护拔毛损伤无酒精,44.99,11197,937,妮维雅,503753.03,0.0836831294096633,0-50元,1,精华,73.97679738562093,大众品牌
2025-11-14,A17443673904,德国妮维雅男士美白化妆护肤品套装控油祛痘印保湿补水洗面奶水乳,149.0,73897,10776,妮维雅,11010653.0,0.14582459369121886,100-200元,1,其他,73.97679738562093,大众品牌
2025-11-14,A17501418488,【焕白防晒】德国妮维雅防晒白润露SPF30 PA++  晒后修复 焕白,54.99,6076,1650,妮维雅,334119.24,0.271560236998025,50-100元,0,防晒,73.97679738562093,大众品牌
2025-11-14,A18054717031,【控油】德国妮维雅男士深层净油精华提亮肤色洁面炭泥洗面奶温和,42.0,24320,5751,妮维雅,1021440.0,0.2364720394736842,0-50元,1,精华,73.97679738562093,大众品牌
2025-11-14,A18056334041,【爆款组合】妮维雅男士明星护肤品套装抗痘洁面炭泥水活小蓝管,129.0,23002,1743,妮维雅,2967258.0,0.07577601947656726,100-200元,1,洁面,73.97679738562093,大众品牌
2025-11-14,A18628583085,德国妮维雅凝水活采醒肤水200ml 女爽肤水补水保湿收缩毛孔滋润,54.99,15602,991,妮维雅,857953.98,0.06351749775669786,50-100元,1,爽肤水,73.97679738562093,大众品牌
2025-11-14,A18629995493,德国大牌 妮维雅女士 凝水活采营养水 爽肤水化妆水 保湿补水滋润,54.99,2644,105,妮维雅,145393.56,0.0397125567322239,50-100元,0,爽肤水,73.97679738562093,大众品牌
2025-11-14,A18630567092,【2支包邮】德国妮维雅女士洗面奶长效控油洁面乳保湿补水去黑头,23.0,4771,458,妮维雅,109733.0,0.09599664640536575,0-50元,0,洁面,73.97679738562093,大众品牌
2025-11-14,A18630787799,2件包邮】妮维雅盈润丝柔护手凝露护手霜手膜保湿补水男女润手霜,14.99,4531,453,妮维雅,67919.69,0.09997792981681748,0-50元,0,其他,73.97679738562093,大众品牌
2025-11-14,A18631131810,德国妮维雅 水漾透白防晒凝露防晒乳霜SPF30+焕白保湿,79.99,1578,182,妮维雅,126224.21999999999,0.11533586818757921,50-100元,0,防晒,73.97679738562093,大众品牌
2025-11-14,A18631323230,德国大牌妮维雅男士 护肤品 控油劲爽保湿露50g 保湿控油补水,58.99,23944,1424,妮维雅,1412456.56,0.059472101570330775,50-100元,1,其他,73.97679738562093,大众品牌
2025-11-14,A18634875742,德国 妮维雅 凝水活采保湿凝露50ml 滋润面霜 乳液女化妆品保湿霜,65.0,9240,627,妮维雅,600600.0,0.06785714285714285,50-100元,0,面霜,73.97679738562093,大众品牌
2025-11-14,A18642963325,【德国进口】妮维雅男士剃须泡沫温和软化胡须剃须膏刮胡膏护肤品,46.0,8122,801,妮维雅,373612.0,0.09862102930312731,0-50元,0,其他,73.97679738562093,大众品牌
2025-11-14,A18643287636,【2支包邮】妮维雅手部护理温润护手霜50ml保湿补水修护 德国正品,14.99,5652,381,妮维雅,84723.48,0.06740976645435244,0-50元,0,其他,73.97679738562093,大众品牌
2025-11-14,A18644491519,【2支包邮】妮维雅女士皙白泡沫洗面奶洁面乳补水保湿深层清洁,29.0,21400,2829,妮维雅,620600.0,0.132196261682243,0-50元,1,洁面,73.97679738562093,大众品牌
2025-11-14,A18691383347,【2支包邮】德国妮维雅女士护肤晶纯皙白磨砂洁面乳洗面奶去角质,28.99,9436,443,妮维雅,273549.64,0.04694785926239932,0-50元,0,洁面,73.97679738562093,大众品牌
2025-11-14,A18705259677,【保湿补水】妮维雅凝水活采醒肤水保湿面霜凝露三件护肤套装,135.9,16252,434,妮维雅,2208646.8000000003,0.026704405611617032,100-200元,1,面霜,73.97679738562093,大众品牌
2025-11-14,A18809699521,2件包邮*德国妮维雅盈润丝柔保湿乳全身体乳护理滋润补水润体乳液,34.99,5681,247,妮维雅,198778.19,0.043478260869565216,0-50元,0,乳液,73.97679738562093,大众品牌
2025-11-14,A19000671234,【抗黑头】妮维雅男士深层控油抗净化祛黑头痘印清洁洗面晶露奶乳,38.99,25116,3154,妮维雅,979272.8400000001,0.12557732122949514,0-50元,1,其他,73.97679738562093,大众品牌
2025-11-14,A20028339845,德国妮维雅女士晶纯皙白套装 洗面奶霜润体 焕白亮肤滋润补水,83.99,5495,247,妮维雅,461525.05,0.044949954504094634,50-100元,0,其他,73.97679738562093,大众品牌
2025-11-14,A22149632997,【2支包邮】德国妮维雅深层洁净洗颜泥男女洁面乳 深层清洁控油,22.99,12073,779,妮维雅,277558.26999999996,0.06452414478588586,0-50元,1,洁面,73.97679738562093,大众品牌
2025-11-14,A22149728531,【2支包邮】德国妮维雅女士护肤丝柔美白洁面乳洗面奶补水保湿,18.99,14736,1033,妮维雅,279836.63999999996,0.07010043431053203,0-50元,1,洁面,73.97679738562093,大众品牌
2025-11-14,A22150716843,2支包邮*德国妮维雅男女士深层滋润护手霜保湿补水舒缓湿防裂手膜,14.99,23691,2719,妮维雅,355128.09,0.11476932168333967,0-50元,1,其他,73.97679738562093,大众品牌
2025-11-14,A22151152103,【2支包邮】妮维雅凝水活采洗面奶深层清洁补水保湿泡沫洁面乳,29.0,29850,1238,妮维雅,865650.0,0.04147403685092127,0-50元,1,洁面,73.97679738562093,大众品牌
2025-11-14,A22151608347,德国妮维雅男士美白洗面奶控油祛痘印保湿去黑头去油洁面乳护肤品,38.99,132731,15115,妮维雅,5175181.69,0.11387693907225893,0-50元,1,洁面,73.97679738562093,大众品牌
2025-11-14,A22151664644,【控油】妮维雅男士控油劲清爽深层清洁面乳洗面奶祛痘印保湿提亮,35.99,84344,3964,妮维雅,3035540.56,0.046998008157071045,0-50元,1,洁面,73.97679738562093,大众品牌
2025-11-14,A22152184850,德国妮维雅晶纯皙白轻透防晒隔离乳液50ml  SPF30PA++女化妆品,79.0,3510,246,妮维雅,277290.0,0.07008547008547009,50-100元,0,防晒,73.97679738562093,大众品牌
2025-11-14,A22152208923,德国妮维雅男士护肤海洋酷干冰爽身香体走滚珠液持久抑止臭汗味露,34.99,34153,1870,妮维雅,1195013.47,0.0547536087605774,0-50元,1,其他,73.97679738562093,大众品牌
2025-11-14,A22211480001,妮维雅女士护肤品晶纯皙白纯净日霜面霜50ml焕白淡斑抑制黑色素,64.99,4160,193,妮维雅,270358.39999999997,0.04639423076923077,50-100元,0,面霜,73.97679738562093,大众品牌
2025-11-14,A22266944429,德国妮维雅男士护肤 活力劲肤露50g深层滋润保湿露,94.49,9262,189,妮维雅,875166.38,0.02040595983588858,50-100元,0,其他,73.97679738562093,大众品牌
2025-11-14,A22427692847,妮维雅女士护肤 晶纯皙白爽肤水200ml  柔肤水 保湿白暂化妆水,54.99,4290,363,妮维雅,235907.1,0.08461538461538462,50-100元,0,爽肤水,73.97679738562093,大众品牌
2025-11-14,A22708800014,德国妮维雅男士控油护肤品套装祛痘印保湿补水洗面奶清爽肤水乳液,154.5,156206,4642,妮维雅,24133827.0,0.029717168354608657,100-200元,1,爽肤水,73.97679738562093,大众品牌
2025-11-14,A22739204253,【抗痘】妮维雅男士持久控油抗痘洁面泥洗面奶深层清洁祛痘印黑头,38.99,15810,1315,妮维雅,616431.9,0.08317520556609741,0-50元,1,洁面,73.97679738562093,大众品牌
2025-11-14,A22747952956,【2支包邮】妮维雅男士水活多效洁面乳洗面奶保湿深层清洁去油,28.99,45073,2113,妮维雅,1306666.27,0.04687950657821756,0-50元,1,洁面,73.97679738562093,大众品牌
2025-11-14,A23560588709,德国妮维雅活力清新爽身气雾干爽淡香氛持收毛孔无刺激抗止汗黄渍,44.99,5446,594,妮维雅,245015.54,0.10907087770840984,0-50元,0,其他,73.97679738562093,大众品牌
2025-11-14,A24304992630,德国妮维雅男士洗面奶控油祛痘印保湿去黑头去油清洁面乳液护肤品,42.0,1923160,197949,妮维雅,80772720.0,0.10292903346575429,0-50元,1,洁面,73.97679738562093,大众品牌
2025-11-14,A36627799841,【2支包邮】德国妮维雅特润抗干燥护手霜滋润保湿补水防干裂护手,18.99,8651,461,妮维雅,164282.49,0.053288637151774364,0-50元,0,其他,73.97679738562093,大众品牌
2025-11-14,A36671830222,德国大牌 nivea妮维雅 特润抗干燥滋养乳200ml 滋润保湿身体乳,35.0,11000,449,妮维雅,385000.0,0.040818181818181816,0-50元,1,其他,73.97679738562093,大众品牌
2025-11-14,A36716218598,妮维雅男士爽肤水控油保湿紧肤补水须后水祛痘收缩毛孔舒缓肌肤,78.99,55664,6760,妮维雅,4396899.359999999,0.12144294337453292,50-100元,1,爽肤水,73.97679738562093,大众品牌
2025-11-14,A36719371102,德国妮维雅男士护肤 多重控油ㄠ50g面霜 祛痘收毛孔保湿 乳液,113.99,8125,416,妮维雅,926168.75,0.0512,100-200元,0,面霜,73.97679738562093,大众品牌
2025-11-14,A36810274689,德国妮维雅男士舒安小白瓶润护保湿露乳套装敏感肌,124.0,7243,197,妮维雅,898132.0,0.02719867458235538,100-200元,0,其他,73.97679738562093,大众品牌
2025-11-14,A36813591749,德国妮维雅男士舒安润护保湿霜小白瓶温和无酒精色素,119.99,1317,126,妮维雅,158026.83,0.09567198177676538,100-200元,0,其他,73.97679738562093,大众品牌
2025-11-14,A36827184085,【无色素酒精】德国妮维雅男士舒安润护洁面乳晶露洗面奶,44.49,9702,898,妮维雅,431641.98000000004,0.09255823541537828,0-50元,0,洁面,73.97679738562093,大众品牌
2025-11-14,A37336800097,妮维雅女士 凝水活采精华乳液50g 面霜 精华补水保湿 滋润护肤品,78.99,2194,213,妮维雅,173304.06,0.09708295350957157,50-100元,0,面霜,73.97679738562093,大众品牌
2025-11-14,A38012819642,德国妮维雅爽身止汗喷雾狐臭去汗气雾腋下护理无色素无酒精无防腐,48.99,3871,323,妮维雅,189640.29,0.08344097132523895,0-50元,0,喷雾,73.97679738562093,大众品牌
2025-11-14,A38816458665,妮维雅 防晒隔离润肤露75ml 防晒霜SPF30隔离紫外线清爽加送洁面,59.0,3608,313,妮维雅,212872.0,0.08675166297117516,50-100元,0,洁面,73.97679738562093,大众品牌
2025-11-14,A39190826339,德国大牌妮维雅塑身修体紧致凝露 左旋肉碱燃脂 紧致肌肤 除橘皮,98.99,8569,812,妮维雅,848245.3099999999,0.09476018205158128,50-100元,0,其他,73.97679738562093,大众品牌
2025-11-14,A41614018876,妮维雅男士护肤品套装保湿补水控油祛痘印洗面奶精华爽肤水乳液霜,129.0,164066,9530,妮维雅,21164514.0,0.058086379871515124,100-200元,1,精华,73.97679738562093,大众品牌
2025-11-14,A41781939432,德国妮维雅男士小蓝管保湿补水活畅透精华露控油面霜乳液修护肤品,94.5,87954,4640,妮维雅,8311653.0,0.052754849125679334,50-100元,1,面霜,73.97679738562093,大众品牌
2025-11-14,A41801510883,2支包邮*德国妮维雅润唇膏女滋润保湿补水淡化唇纹防干裂 不黏腻,19.0,16515,2599,妮维雅,313785.0,0.1573720859824402,0-50元,1,其他,73.97679738562093,大众品牌
2025-11-14,A42058272267,【保湿】德国妮维雅男士水活精华洁面液洗面奶祛痘印保湿控油清爽,42.0,34063,5435,妮维雅,1430646.0,0.1595572909021519,0-50元,1,精华,73.97679738562093,大众品牌
2025-11-14,A42152414491,德国妮维雅舒安小白瓶男士护肤品套装抗敏感修护无酒精色素矿物油,284.5,4703,263,妮维雅,1338003.5,0.0559217520731448,200-500元,0,其他,73.97679738562093,大众品牌
2025-11-14,A42152794843,【活力醒肤】德国妮维雅男士护肤套装洗面奶爽肤水乳液露 无酒精,245.0,11291,422,妮维雅,2766295.0,0.03737490036312107,200-500元,1,爽肤水,73.97679738562093,大众品牌
2025-11-14,A45308039449,妮维雅男士水活洗面奶精华乳液爽肤水液护肤品套装控油补水保湿,209.0,10506,1557,妮维雅,2195754.0,0.14820102798400914,200-500元,1,精华,73.97679738562093,大众品牌
2025-11-14,A45771864489,【美俏推荐】德国大牌妮维雅保湿卸妆膏大白罐脸部眼唇清洁温和,89.0,4060,409,妮维雅,361340.0,0.10073891625615763,50-100元,0,卸妆,73.97679738562093,大众品牌
2025-11-14,A520419687488,德国妮维雅女士卸妆 妆颜净释控油卸妆膏大白罐  清爽卸妆无油感,89.0,393,58,妮维雅,34977.0,0.1475826972010178,50-100元,0,卸妆,73.97679738562093,大众品牌
2025-11-14,A520420131436,【专卸BB防晒 美俏推荐】妮维雅温和卸妆水乳液油清洁保湿眼唇部,29.0,6074,1059,妮维雅,176146.0,0.17434968719130722,0-50元,0,防晒,73.97679738562093,大众品牌
2025-11-14,A520423892639,德国妮维雅女士 化妆品 保湿卸妆液 深层清洁 温和卸 无残留,99.0,660,141,妮维雅,65340.0,0.21363636363636362,50-100元,0,卸妆,73.97679738562093,大众品牌
2025-11-14,A520430607768,Nivea/妮维雅【2件包邮】德国妮维雅温和控油卸妆洁面乳二合一,38.99,369,58,妮维雅,14387.310000000001,0.15718157181571815,0-50元,0,洁面,73.97679738562093,大众品牌
2025-11-14,A520430747226,【2件包邮】妮维雅女士卸妆洁面二合一 温和卸妆洁面乳深层清洁,38.99,1249,113,妮维雅,48698.51,0.09047237790232186,0-50元,0,洁面,73.97679738562093,大众品牌
2025-11-14,A520897631172,妮维雅女士卸妆套装 保湿卸妆膏洁面乳 温和卸净隐形残留卸妆洁面,133.0,445,53,妮维雅,59185.0,0.11910112359550562,100-200元,0,洁面,73.97679738562093,大众品牌
2025-11-14,A522187558221,圣诞进口版*德国妮维雅大小蓝罐唇膏手霜家庭护肤品套装滋润润肤,119.0,8096,242,妮维雅,963424.0,0.029891304347826088,100-200元,0,其他,73.97679738562093,大众品牌
2025-11-14,A522552709242,德国进口*妮维雅大小蓝罐保湿面霜祛痘印补水润肤雪花膏无防腐,58.0,50832,2866,妮维雅,2948256.0,0.056381806735914385,50-100元,1,面霜,73.97679738562093,大众品牌
2025-11-14,A523901880223,2支*德国妮维雅男女士深层滋润护手霜保湿补水舒缓湿防裂手膜包邮,29.99,6975,739,妮维雅,209180.25,0.10594982078853046,0-50元,0,其他,73.97679738562093,大众品牌
2025-11-14,A523963959459,德国妮维雅面霜深层补水保湿滋润早晚霜紧致润肤霜保湿护肤品日霜,145.0,190,27,妮维雅,27550.0,0.14210526315789473,100-200元,0,面霜,73.97679738562093,大众品牌
2025-11-14,A523987573820,专为化妆人群*德国妮维雅保湿补水化妆水精华毛孔收缩柔肤水,145.0,71,3,妮维雅,10295.0,0.04225352112676056,100-200元,0,精华,73.97679738562093,大众品牌
2025-11-14,A523988589994,德国妮维雅女士 卸妆后化妆品润泽露75ml 保湿补水 柔润滋润,145.0,41,10,妮维雅,5945.0,0.24390243902439024,100-200元,0,卸妆,73.97679738562093,大众品牌
2025-11-14,A524866297849,德国妮维雅女士 妆后润泽柔肤套装 润泽霜露  柔肤 保湿补水,433.0,63,13,妮维雅,27279.0,0.20634920634920634,200-500元,0,其他,73.97679738562093,大众品牌
2025-11-14,A526250122702,妮维雅 男士黑白出众爽身走珠50ml 干爽止汗 不留印渍 方便携带,38.99,7206,1879,妮维雅,280961.94,0.2607549264501804,0-50元,0,其他,73.97679738562093,大众品牌
2025-11-14,A527720825805,【精华露】妮维雅男士冰酷小蓝管水活冰酷精华露乳液控油无酒精,94.5,11509,3432,妮维雅,1087600.5,0.29820140759405683,50-100元,1,精华,73.97679738562093,大众品牌
2025-11-14,A528463274963,【保湿冰爽】妮维雅男士深层冰酷小蓝管清洁洗面奶乳液护肤套装,129.0,2276,578,妮维雅,293604.0,0.2539543057996485,100-200元,0,乳液,73.97679738562093,大众品牌
2025-11-14,A528516384296,德国妮维雅男士护肤品套装洗面奶冰酷小蓝管精华乳液控油保湿补水,129.0,25922,9244,妮维雅,3343938.0,0.3566082863976545,100-200元,1,精华,73.97679738562093,大众品牌
2025-11-14,A529456679612,德国妮维雅 卸妆水 洁面套装 温和卸妆脸部深层清洁卸妆液,98.0,136,28,妮维雅,13328.0,0.20588235294117646,50-100元,0,洁面,73.97679738562093,大众品牌
2025-11-14,A531154676673,妮维雅女士面霜晶纯皙白美白补水凝露50ml焕白祛斑补水,65.0,692,217,妮维雅,44980.0,0.31358381502890176,50-100元,0,面霜,73.97679738562093,大众品牌
2025-11-14,A531241809544,新【卸妆洁面2合1】妮维雅透美白深层清洁洗面奶乳温和保湿收毛孔,39.0,1042,296,妮维雅,40638.0,0.2840690978886756,0-50元,0,洁面,73.97679738562093,大众品牌
2025-11-14,A539137089355,德国进口*天猫首发*妮维雅男士面霜护肤品套装保湿润肤露精华滋润,126.0,6411,1,妮维雅,807786.0,0.00015598190609889253,100-200元,0,面霜,73.97679738562093,大众品牌
2025-11-14,A539340646066,德国妮维雅魔发精灵定制6支全家福男女士润唇膏修护保湿滋润补水,149.0,12,0,妮维雅,1788.0,0.0,100-200元,0,其他,73.97679738562093,大众品牌
2025-11-14,A539385735141,德国进口*天猫首发男罐*男士护肤保湿面霜润肤露精华补水修护乳液,79.0,22744,3132,妮维雅,1796776.0,0.13770664790714035,50-100元,1,面霜,73.97679738562093,大众品牌
2025-11-14,A539909040073,2件包邮*德国妮维雅男女士润唇膏修护唇膜口红保湿滋润补水有无色,18.99,15410,3991,妮维雅,292635.89999999997,0.2589876703439325,0-50元,1,口红,73.97679738562093,大众品牌
2025-11-14,A539961349170,2件*德国妮维雅唇膏男女润唇膏唇膜滋润保湿补水淡化唇纹无色包邮,55.0,687,97,妮维雅,37785.0,0.14119359534206696,50-100元,0,其他,73.97679738562093,大众品牌
2025-11-14,A539963361968,2件*德国妮维雅唇膏男女润唇膏唇膜滋润保湿补水淡化唇纹无色包邮,55.0,280,28,妮维雅,15400.0,0.1,50-100元,0,其他,73.97679738562093,大众品牌
2025-11-14,A539967335192,2件*德国妮维雅唇膏男女润唇膏唇膜滋润保湿补水淡化唇纹无色包邮,69.0,2061,330,妮维雅,142209.0,0.16011644832605532,50-100元,0,其他,73.97679738562093,大众品牌
2025-11-14,A540024035676,2件*德国妮维雅唇膏男女润唇膏唇膜保湿滋润补水淡化唇纹护唇包邮,38.0,1053,38,妮维雅,40014.0,0.03608736942070275,0-50元,0,其他,73.97679738562093,大众品牌
2025-11-14,A540447415662,德国妮维雅魔发精灵定制男女士润唇膏修护唇膜保湿滋润补水有无色,38.0,397,2,妮维雅,15086.0,0.005037783375314861,0-50元,0,其他,73.97679738562093,大众品牌
2025-11-14,A540509108791,德国妮维雅男士黑白套装爽身气雾走珠持久香氛腋下抑抗止汗无酒精,88.0,73,0,妮维雅,6424.0,0.0,50-100元,0,其他,73.97679738562093,大众品牌
2025-11-14,A540519843031,妮维雅 男士黑白出众爽身走珠50ml 干爽止汗不留印渍 方便携带2支,78.0,180,2,妮维雅,14040.0,0.011111111111111112,50-100元,0,其他,73.97679738562093,大众品牌
2025-11-14,A540803695615,男士润唇膏 双支装 唇部护理无色保湿滋润修复不油腻去死皮,50.0,511,25,妮维雅,25550.0,0.04892367906066536,0-50元,0,其他,73.97679738562093,大众品牌
2025-11-13,A36443433075,【2支包邮】德国妮维雅唇部护理女士水呵护润唇膏补水保湿去角质,27.99,6361,726,妮维雅,178044.38999999998,0.11413299795629618,0-50元,0,其他,73.97679738562093,大众品牌
2025-11-13,A540806162978,德国进口*天猫首发男罐*男士护肤保湿面霜润肤露精华补水修护乳液,79.0,565,10,妮维雅,44635.0,0.017699115044247787,50-100元,0,面霜,73.97679738562093,大众品牌
2025-11-12,A36294342552,德国进口 2支包邮*妮维雅男女润唇膏唇膜保湿滋润淡化唇纹SPF15,34.99,26350,2530,妮维雅,921986.5,0.09601518026565464,0-50元,1,其他,73.97679738562093,大众品牌
2025-11-11,A17010010973,2支包邮*德国妮维雅男士润唇膏保湿滋润补水无色无味无香 不油腻,21.6,33955,2206,妮维雅,733428.0,0.06496834045059638,0-50元,1,其他,73.97679738562093,大众品牌
2025-11-11,A17270077247,送正装*德国妮维雅男士保湿补水套装护肤品洗洁面奶润肤乳精华水,137.7,46353,1156,妮维雅,6382808.1,0.02493905464586974,100-200元,1,精华,73.97679738562093,大众品牌
2025-11-11,A17704053899,【止汗抑味】妮维雅男士干爽魄力爽身气雾干爽持久淡香氛止汗喷雾,38.7,12508,1155,妮维雅,484059.60000000003,0.09234090182283339,0-50元,1,喷雾,73.97679738562093,大众品牌
2025-11-11,A18633363890,2支包邮*德国妮维雅男女士深层滋润肤乳液保湿补水全身体乳去鸡皮,28.99,41759,2063,妮维雅,1210593.41,0.04940252400680093,0-50元,1,乳液,73.97679738562093,大众品牌
2025-11-11,A22152360634,舒缓滋润*德国妮维雅男士须后润肤露剃刮须后水滋养修护肤保湿乳,42.72,17230,1084,妮维雅,736065.6,0.06291352292513058,0-50元,1,其他,73.97679738562093,大众品牌
2025-11-11,A22153692803,【2支包邮】妮维雅经典润肤霜蓝罐滋润面霜手部身体保湿深度滋养,18.99,33160,1404,妮维雅,629708.3999999999,0.04234016887816647,0-50元,1,面霜,73.97679738562093,大众品牌
2025-11-11,A22671284506,德国妮维雅男士水活护肤面霜润肤露精华补水保湿焕白修护乳液提亮,67.5,74112,4396,妮维雅,5002560.0,0.05931563039723661,50-100元,1,面霜,73.97679738562093,大众品牌
2025-11-11,A35266695084,德国妮维雅凝水保湿凝露200ml 身体乳 润体乳  补水保湿,43.18,5561,320,妮维雅,240123.98,0.05754360726488042,0-50元,0,其他,73.97679738562093,大众品牌
2025-11-11,A35788002077,德国妮维雅男士水活滋润精华露面霜乳液保湿补水男护肤滋润控油,69.96,46581,2341,妮维雅,3258806.76,0.05025654236705953,50-100元,1,面霜,73.97679738562093,大众品牌
2025-11-11,A36294978417,【2支包邮】德国妮维雅唇部护理舒润唇膏保湿补水淡化唇纹润唇膏,25.17,6265,620,妮维雅,157690.05000000002,0.09896249002394254,0-50元,0,其他,73.97679738562093,大众品牌
2025-11-11,A41337324901,德国妮维雅男士活力劲爽肤水补水保湿控油收毛孔淡化细纹祛痘印,69.97,16332,1463,妮维雅,1142750.04,0.08957874112172422,50-100元,1,爽肤水,73.97679738562093,大众品牌
2025-11-11,A524825707579,德国妮维雅男士护肤品套装水活洗面奶精华滋润肤面霜保湿补水控油,107.09,7796,865,妮维雅,834873.64,0.11095433555669575,100-200元,0,面霜,73.97679738562093,大众品牌
2025-11-11,A526924991236,【限量】妮维雅男士水活小蓝管润肤霜精华护肤套装洗面奶剃须ㄠ,192.5,2900,527,妮维雅,558250.0,0.18172413793103448,100-200元,0,精华,73.97679738562093,大众品牌
2025-11-11,A540232536550,【买2送1】德国妮维雅男士美白洗面奶控油祛痘印去黑头去油洁面乳,35.0,2443,71,妮维雅,85505.0,0.029062627916496112,0-50元,0,洁面,73.97679738562093,大众品牌
2025-11-11,A540321892238,德国妮维雅女士 化妆品 保湿卸妆液 深层清洁 温和卸 无残留,53.1,19,2,妮维雅,1008.9,0.10526315789473684,50-100元,0,卸妆,73.97679738562093,大众品牌
2025-11-11,A540329186274,德国 妮维雅 凝水活采保湿凝露50ml 滋润面霜 乳液女化妆品保湿霜,58.49,201,3,妮维雅,11756.49,0.014925373134328358,50-100元,0,面霜,73.97679738562093,大众品牌
2025-11-11,A540329718412,【第2件半价】德国妮维雅男士小蓝管保湿补水活精华露控油乳液,85.0,5120,26,妮维雅,435200.0,0.005078125,50-100元,0,精华,73.97679738562093,大众品牌
2025-11-11,A540330549271,德国妮维雅男士控油护肤品套装祛痘印保湿补水洗面奶清爽肤水乳液,138.0,700,11,妮维雅,96600.0,0.015714285714285715,100-200元,0,爽肤水,73.97679738562093,大众品牌
2025-11-11,A540331250416,【保湿】德国妮维雅男士水活精华洁面液洗面奶祛痘印保湿控油清爽,37.0,1433,35,妮维雅,53021.0,0.024424284717376135,0-50元,0,精华,73.97679738562093,大众品牌
2025-11-11,A540331431199,【控油】德国妮维雅男士深层净油精华提亮肤色洁面炭泥洗面奶温和,37.0,279,15,妮维雅,10323.0,0.053763440860215055,0-50元,0,精华,73.97679738562093,大众品牌
2025-11-11,A540679595657,德国妮维雅舒安小白瓶男士护肤品套装抗敏感修护无酒精色素矿物油,233.0,252,4,妮维雅,58716.0,0.015873015873015872,200-500元,0,其他,73.97679738562093,大众品牌
2025-11-10,A17008798741,德国妮维雅女士护肤品丝柔美白霜50ml 面霜 保湿补水修复柔润,38.99,8498,776,妮维雅,331337.02,0.09131560367145211,0-50元,0,面霜,73.97679738562093,大众品牌
2025-11-10,A17019273065,【丽人丽妆】妮维雅润手霜男女护手霜手部护理 补水防止干裂粗糙,8.99,28529,689,妮维雅,256475.71,0.024150864033089137,0-50元,1,其他,73.97679738562093,大众品牌
2025-11-10,A18631659738,【2支包邮】妮维雅走滚珠液抑止汗味露修护脱拔毛损伤收毛孔,28.99,19469,614,妮维雅,564406.3099999999,0.03153731573270327,0-50元,1,其他,73.97679738562093,大众品牌
2025-11-10,A19009791737,【买1送1 改善粗糙】妮维雅男士洁面乳祛痘印清洁洗面奶去黑头,38.99,67872,13747,妮维雅,2646329.2800000003,0.2025430221593588,0-50元,1,洁面,73.97679738562093,大众品牌
2025-11-10,A22168692550,【焕白保湿】德国妮维雅女士丝柔爽肤水化妆水保湿补水护肤焕白,39.0,13105,1016,妮维雅,511095.0,0.07752766119801602,0-50元,1,爽肤水,73.97679738562093,大众品牌
2025-11-10,A23378180309,德国妮维雅男士控油净爽防晒液霜露乳SPF30PA  持久清爽不油腻,78.99,35600,3079,妮维雅,2812044.0,0.08648876404494382,50-100元,1,防晒,73.97679738562093,大众品牌
2025-11-10,A35554212691,【5支装】妮维雅润手霜男女护手霜手部护理 补水防止干裂粗糙滋润,44.9,368,2,妮维雅,16523.2,0.005434782608695652,0-50元,0,其他,73.97679738562093,大众品牌
2025-11-10,A36385174692,德国妮维雅深润沐浴润体乳身体乳 保湿滋润不油腻温和修护光滑肌,39.0,20098,1057,妮维雅,783822.0,0.052592297741068765,0-50元,1,其他,73.97679738562093,大众品牌
2025-11-10,A36385578503,德国nivea妮维雅 凝水沐浴润体乳250ml 身体护理 润肤乳 保湿滋润,39.89,3256,198,妮维雅,129881.84,0.060810810810810814,0-50元,0,其他,73.97679738562093,大众品牌
2025-11-10,A36656930795,妮维雅 男士水活深透保湿ㄠ 50g 补水保湿 保湿霜面霜 面部精华,78.99,10900,1157,妮维雅,860991.0,0.10614678899082569,50-100元,1,面霜,73.97679738562093,大众品牌
2025-11-10,A38025421672,德国妮维雅男士黑白出众爽身持久香氛气雾腋下抑抗止汗黄味无酒精,48.99,25476,5029,妮维雅,1248069.24,0.19740147589888524,0-50元,1,其他,73.97679738562093,大众品牌
2025-11-10,A42181919883,德国进口*2支砚?83*预售妮维雅大小蓝罐保湿面霜祛痘印润肤霜,88.0,6538,1,妮维雅,575344.0,0.00015295197308045274,50-100元,0,面霜,73.97679738562093,大众品牌
2025-11-10,A42230825030,2套包邮*德国妮维雅男女双支蓝罐润唇膏唇膜保湿滋润淡化唇纹无色,29.8,3488,541,妮维雅,103942.40000000001,0.15510321100917432,0-50元,0,其他,73.97679738562093,大众品牌
2025-11-10,A45151140334,买1送1套*体面大奖*预售德国妮维雅男士活力护肤品套装无酒精色素,179.0,1963,0,妮维雅,351377.0,0.0,100-200元,0,其他,73.97679738562093,大众品牌
2025-11-10,A45300547264,萌大叔*控油*预售妮维雅男士护肤品套装祛痘印洗面奶清爽肤水乳液,148.0,2992,0,妮维雅,442816.0,0.0,100-200元,0,爽肤水,73.97679738562093,大众品牌
2025-11-10,A45607853842,圣诞进口版*预售德国妮维雅大小蓝罐唇膏手霜家庭护肤品套装润肤,99.0,1781,1,妮维雅,176319.0,0.0005614823133071309,50-100元,0,其他,73.97679738562093,大众品牌
2025-11-10,A45719522427,德国妮维雅女士丝柔美白套装 洁面洗面奶爽肤水面霜温和补水保湿,89.0,2344,540,妮维雅,208616.0,0.23037542662116042,50-100元,0,面霜,73.97679738562093,大众品牌
2025-11-10,A522174441942,大瓶洁面*2支56*预售德国妮维雅男士洗面奶控油祛痘印保湿去黑头,81.0,29672,1,妮维雅,2403432.0,3.3701806416823944e-05,50-100元,1,洁面,73.97679738562093,大众品牌
2025-11-10,A522200294686,送80元正装*预售德国妮维雅女士凝水保湿护肤品套装补水控油滋润,119.0,1473,0,妮维雅,175287.0,0.0,100-200元,0,其他,73.97679738562093,大众品牌
2025-11-10,A524741155887,老干部*滋润*预售德国妮维雅男士护肤品套装洗面奶精华水润肤乳液,138.0,3363,0,妮维雅,464094.0,0.0,100-200元,0,精华,73.97679738562093,大众品牌
2025-11-10,A524864310702,花美男*美白*预售德国妮维雅男士护肤品套装控油祛痘印保湿洗面奶,138.0,4198,0,妮维雅,579324.0,0.0,100-200元,0,其他,73.97679738562093,大众品牌
2025-11-10,A526212807304,美俏推荐2支装*专卸BB防晒*预售妮维雅温和卸妆水乳液油保湿眼唇,88.0,198,1,妮维雅,17424.0,0.005050505050505051,50-100元,0,防晒,73.97679738562093,大众品牌
2025-11-10,A532533951116,小鲜肉*保湿*?98预售妮维雅男士护肤品套装补水控油祛痘印洗面奶,108.0,17962,3,妮维雅,1939896.0,0.00016701926288831978,100-200元,1,其他,73.97679738562093,大众品牌
2025-11-10,A539111941451,魔发精灵礼盒预售*德国妮维雅男女士润唇膏口红保湿滋润有无色,89.0,243,0,妮维雅,21627.0,0.0,50-100元,0,口红,73.97679738562093,大众品牌
2025-11-10,A539325497039,秋冬必备*3支润唇膏+3支护手霜*预售德国妮维雅男女士口红保湿,99.0,241,1,妮维雅,23859.0,0.004149377593360996,50-100元,0,口红,73.97679738562093,大众品牌
2025-11-10,A539969945028,2支特惠预售*德国妮维雅面部精华祛痘印新透白保湿滋润补水护肤品,109.0,210,0,妮维雅,22890.0,0.0,100-200元,0,精华,73.97679738562093,大众品牌
2025-11-10,A540804651439,75ml买1送1*德国进口*天猫首发男罐*男士护肤保湿面霜,49.0,132,28,妮维雅,6468.0,0.21212121212121213,0-50元,0,面霜,73.97679738562093,大众品牌
2025-11-08,A539967400208,德国妮维雅润唇膏双支装天然型玫瑰红深滋润好气色双唇膏保湿滋润,33.89,11,1,妮维雅,372.79,0.09090909090909091,0-50元,0,其他,73.97679738562093,大众品牌
2025-11-14,A13674674792,蜜丝佛陀亮眸遮瑕笔膏 熊猫眼痘印疤痕雀斑唇部 专柜正品,109.0,102833,2846,蜜丝佛陀,11208797.0,0.027675940602724807,100-200元,1,其他,135.5185185185185,中端品牌
2025-11-14,A13675573546,蜜丝佛陀柔滑自然粉饼 保湿定妆遮瑕控油 彩妆正品,109.0,53542,1361,蜜丝佛陀,5836078.0,0.0254192970004856,100-200元,1,其他,135.5185185185185,中端品牌
2025-11-14,A13676341322,蜜丝佛陀轻柔眉笔眉粉眉膏 防水防汗不易晕染带眉刷 彩妆正品,88.0,28647,1067,蜜丝佛陀,2520936.0,0.0372464830523266,50-100元,1,其他,135.5185185185185,中端品牌
2025-11-14,A13898341378,【即将下架】蜜丝佛陀丝柔眼影双色眼影盘盒珠光大地色控油 正品,62.0,44863,976,蜜丝佛陀,2781506.0,0.021755121146601875,50-100元,1,眼影,135.5185185185185,中端品牌
2025-11-14,A14173931801,蜜丝佛陀水漾触感粉底霜液膏  遮瑕控油保湿强 彩妆专柜正品,151.0,438456,16479,蜜丝佛陀,66206856.0,0.03758415895779736,100-200元,1,粉底,135.5185185185185,中端品牌
2025-11-14,A15246816228,蜜丝佛陀润唇膏 持久保湿滋润无色补水男女 专业彩妆 官方正品,52.0,56210,1137,蜜丝佛陀,2922920.0,0.02022771748799146,50-100元,1,其他,135.5185185185185,中端品牌
2025-11-14,A15246940240,高性价比蜜丝佛陀粉嫩持妆粉底液保湿遮瑕控油 正品包邮,117.0,75181,2899,蜜丝佛陀,8796177.0,0.038560274537449625,100-200元,1,粉底,135.5185185185185,中端品牌
2025-11-14,A15247088981,蜜丝佛陀空气感透肌蜜粉散粉定妆粉控油遮瑕清透自然彩妆正品,109.0,43771,2496,蜜丝佛陀,4771039.0,0.05702405702405702,100-200元,1,蜜粉,135.5185185185185,中端品牌
2025-11-14,A15248772651,蜜丝佛陀睫毛膏 浓密魅眼纤长防水卷翘 持久不易晕染 正品包邮,126.0,75734,689,蜜丝佛陀,9542484.0,0.009097631182824095,100-200元,1,睫毛膏,135.5185185185185,中端品牌
2025-11-14,A19883619712,蜜丝佛陀唇膏口红 持久保湿滋润补水显色不易掉色 专柜正品,117.0,83784,6360,蜜丝佛陀,9802728.0,0.07590948152391865,100-200元,1,口红,135.5185185185185,中端品牌
2025-11-14,A23830376808,蜜丝佛陀透滑粉饼 干湿两用遮瑕控油防晒定妆 彩妆专柜正品,151.0,355272,18924,蜜丝佛陀,53646072.0,0.05326622981828008,100-200元,1,防晒,135.5185185185185,中端品牌
2025-11-14,A24931136420,蜜丝佛陀超长超密魅眼睫毛膏 纤长卷翘浓密 正品包邮,126.0,32068,1268,蜜丝佛陀,4040568.0,0.03954097542721716,100-200元,1,睫毛膏,135.5185185185185,中端品牌
2025-11-14,A38889879566,蜜丝佛陀睫毛膏 臻密不凝结纤长卷翘 持久不晕染零结块正品包邮,126.0,27548,1844,蜜丝佛陀,3471048.0,0.06693770872658632,100-200元,1,睫毛膏,135.5185185185185,中端品牌
2025-11-14,A39788059431,蜜丝佛陀眼线液笔膏亮彩速干防水持久不晕染细软头 正品彩妆,100.0,39131,1514,蜜丝佛陀,3913100.0,0.03869055224757865,50-100元,1,其他,135.5185185185185,中端品牌
2025-11-14,A42772272047,蜜丝佛陀净彩修颜CC霜保湿裸妆裸妆遮瑕强控油持久 隔离正品,142.0,18286,979,蜜丝佛陀,2596612.0,0.053538225965219295,100-200元,1,隔离霜,135.5185185185185,中端品牌
2025-11-14,A44245002617,蜜丝佛陀妆前乳遮瑕膏粉底液三合一 隔离防晒控油保湿强 专柜正品,176.0,35418,4796,蜜丝佛陀,6233568.0,0.13541137274832007,100-200元,1,防晒,135.5185185185185,中端品牌
2025-11-14,A44947039111,蜜丝佛陀唇彩唇蜜璀璨润泽璀璨保湿滋润持久闪亮咬唇妆专柜正品,117.0,3943,218,蜜丝佛陀,461331.0,0.0552878518894243,100-200元,0,其他,135.5185185185185,中端品牌
2025-11-14,A520127135578,蜜丝佛陀深眸睫毛膏 纤长卷翘持久不易晕染 彩妆正品包邮,110.0,2227,142,蜜丝佛陀,244970.0,0.06376290974405029,100-200元,0,睫毛膏,135.5185185185185,中端品牌
2025-11-14,A521504259579,（限量）蜜丝佛陀彩虹遮瑕笔膏熊猫眼痘印雀斑唇部修颜 专柜正品,109.0,6190,614,蜜丝佛陀,674710.0,0.09919224555735057,100-200元,0,其他,135.5185185185185,中端品牌
2025-11-14,A523988377936,蜜丝佛陀柔滑胭脂腮红膏 花瓣裸妆修颜提亮持久服帖 官方彩妆正品,88.0,7427,1262,蜜丝佛陀,653576.0,0.1699205601184866,50-100元,0,其他,135.5185185185185,中端品牌
2025-11-14,A525293046831,蜜丝佛陀星球大战彩妆化妆品套装全套礼盒组合 正品初学者,375.0,1459,258,蜜丝佛陀,547125.0,0.1768334475668266,200-500元,0,其他,135.5185185185185,中端品牌
2025-11-14,A527132263876,蜜丝佛陀润唇膏套装 持久保湿滋润无色补水男女 彩妆官方正品,88.0,4474,863,蜜丝佛陀,393712.0,0.19289226642825213,50-100元,0,其他,135.5185185185185,中端品牌
2025-11-14,A528795014793,蜜丝佛陀无暇隔离霜妆前乳 防晒保湿补水裸妆搪瓷正品,168.0,6520,1541,蜜丝佛陀,1095360.0,0.23634969325153374,100-200元,0,防晒,135.5185185185185,中端品牌
2025-11-14,A530883430699,蜜丝佛陀双效锁色唇彩 保湿滋润不易脱色持久色彩艳丽两用 正品,124.0,698,180,蜜丝佛陀,86552.0,0.25787965616045844,100-200元,0,其他,135.5185185185185,中端品牌
2025-11-14,A532598163879,蜜丝佛陀眼线液笔膏 持久不易晕染防水防汗 硬头黑初学者彩妆正品,109.0,1620,499,蜜丝佛陀,176580.0,0.3080246913580247,100-200元,0,其他,135.5185185185185,中端品牌
2025-11-14,A532681661677,蜜丝佛陀四色眼影盘 珠光防水不易晕染 大地色闪亮眼妆 正品,142.0,1655,453,蜜丝佛陀,235010.0,0.2737160120845921,100-200元,0,眼影,135.5185185185185,中端品牌
2025-11-14,A533070764354,蜜丝佛陀睫毛膏 纤长浓密不易晕染 持久大刷头 自然定型黑色正品,151.0,3043,1130,蜜丝佛陀,459493.0,0.3713440683535984,100-200元,0,睫毛膏,135.5185185185185,中端品牌
2025-11-14,A537827181409,蜜丝佛陀恒彩唇膏口红 持久保湿滋润不易脱色姨妈色 专柜正品,133.0,1509,219,蜜丝佛陀,200697.0,0.14512922465208747,100-200元,0,口红,135.5185185185185,中端品牌
2025-11-12,A40389785123,蜜丝佛陀 狂野至酷单色眼影 珍珠闪亮 干湿两用 彩妆专柜正品,61.0,4227,128,蜜丝佛陀,257847.0,0.030281523539153064,50-100元,0,眼影,135.5185185185185,中端品牌
2025-11-11,A15246956361,蜜丝佛陀Max Factor触感胭脂霜腮红2g 复古彩妆 专柜正品,79.0,22770,669,蜜丝佛陀,1798830.0,0.02938076416337286,50-100元,1,其他,135.5185185185185,中端品牌
2025-11-11,A15248700008,蜜丝佛陀睫毛膏 丰盈纤长 浓密卷翘 持久不易脱妆 彩妆正品包邮,99.0,2083,15,蜜丝佛陀,206217.0,0.007201152184349496,50-100元,0,睫毛膏,135.5185185185185,中端品牌
2025-11-11,A40270369254,蜜丝佛陀MaxFactor魅惑润泽唇膏笔 植物配方口红笔 正品,88.0,11012,345,蜜丝佛陀,969056.0,0.03132945877224846,50-100元,1,口红,135.5185185185185,中端品牌
2025-11-11,A43687563632,蜜丝佛陀眼线笔液膏 水漾柔滑防水持久不晕染 双头硬头彩妆正品,87.0,5545,265,蜜丝佛陀,482415.0,0.047790802524797116,50-100元,0,其他,135.5185185185185,中端品牌
2025-11-11,A540219520384,【11-11品牌团】维密天使限量彩妆套装 粉底霜粉饼口红化妆袋,388.0,321,0,蜜丝佛陀,124548.0,0.0,200-500元,0,口红,135.5185185185185,中端品牌
2025-11-11,A540777469976,【11-11品牌团】超模必备元气套装 粉饼+睫毛膏,155.0,1520,0,蜜丝佛陀,235600.0,0.0,100-200元,0,睫毛膏,135.5185185185185,中端品牌
2025-11-11,A540780482438,【11-11品牌团】秀场吸睛活力套装 粉底霜+唇膏,155.0,904,0,蜜丝佛陀,140120.0,0.0,100-200元,0,粉底,135.5185185185185,中端品牌
2025-11-10,A44690298027,【预售立省231元】美颜亮眸控油彩妆套装 粉饼睫毛膏吸油面纸,155.0,28770,281,蜜丝佛陀,4459350.0,0.009767118526242614,100-200元,1,睫毛膏,135.5185185185185,中端品牌
2025-11-10,A44862324136,【11-11预售】蜜丝佛陀眼线液笔膏亮彩防水持久不晕染细软头,94.0,855,0,蜜丝佛陀,80370.0,0.0,50-100元,0,其他,135.5185185185185,中端品牌
2025-11-10,A527139025145,【预售领券减50】维密天使限量彩妆套装 粉底霜粉饼口红笔袋,388.0,3428,0,蜜丝佛陀,1330064.0,0.0,200-500元,0,口红,135.5185185185185,中端品牌
2025-11-10,A528689961767,【预售立省171元】好莱坞大咖经典彩妆套装 粉底霜唇膏粉底刷,155.0,14940,761,蜜丝佛陀,2315700.0,0.050937081659973224,100-200元,1,粉底,135.5185185185185,中端品牌
2025-11-10,A529009363940,【11-11预售】蜜丝佛陀空气感透肌蜜粉散粉定妆粉控油遮瑕,110.0,1008,0,蜜丝佛陀,110880.0,0.0,100-200元,0,蜜粉,135.5185185185185,中端品牌
2025-11-10,A539020031642,【预售立省166元】蜜丝佛陀人气炫彩唇部彩妆套装 口红唇彩唇刷,120.0,2836,0,蜜丝佛陀,340320.0,0.0,100-200元,0,口红,135.5185185185185,中端品牌
2025-11-10,A540217232428,【11-11预售】蜜丝佛陀轻柔眉笔眉粉眉膏 防水防汗不易晕染,88.0,560,0,蜜丝佛陀,49280.0,0.0,50-100元,0,其他,135.5185185185185,中端品牌
2025-11-10,A540217720858,【11-11预售】蜜丝佛陀超长超密魅眼睫毛膏 纤长卷翘浓密,100.0,1849,0,蜜丝佛陀,184900.0,0.0,50-100元,0,睫毛膏,135.5185185185185,中端品牌
2025-11-10,A540218613493,【11-11预售】蜜丝佛陀无暇隔离霜妆前乳 防晒保湿补水裸妆,165.0,778,0,蜜丝佛陀,128370.0,0.0,100-200元,0,防晒,135.5185185185185,中端品牌
2025-11-10,A540219678869,【11-11预售】蜜丝佛陀净彩CC霜保湿裸妆遮瑕强控油持久,138.0,558,1,蜜丝佛陀,77004.0,0.0017921146953405018,100-200元,0,其他,135.5185185185185,中端品牌
2025-11-10,A540220023102,【11-11预售】蜜丝佛陀润唇膏两只装套装 持久保湿滋润补水,92.0,1014,0,蜜丝佛陀,93288.0,0.0,50-100元,0,其他,135.5185185185185,中端品牌
2025-11-10,A540220583513,【11-11预售】蜜丝佛陀粉嫩持妆粉底液保湿遮瑕控油 正品包邮,115.0,894,0,蜜丝佛陀,102810.0,0.0,100-200元,0,粉底,135.5185185185185,中端品牌
2025-11-10,A540221039243,【11-11预售】蜜丝佛陀亮眸遮瑕笔膏 熊猫眼痘印疤痕雀斑唇部,110.0,809,1,蜜丝佛陀,88990.0,0.0012360939431396785,100-200元,0,其他,135.5185185185185,中端品牌
2025-11-10,A540221391682,【11-11预售】蜜丝佛陀柔滑胭脂腮红膏 花瓣裸妆修颜提亮持久,88.0,745,0,蜜丝佛陀,65560.0,0.0,50-100元,0,其他,135.5185185185185,中端品牌
2025-11-10,A540222445444,【11-11预售】蜜丝佛陀柔滑自然粉饼 定妆遮瑕控油,110.0,764,0,蜜丝佛陀,84040.0,0.0,100-200元,0,其他,135.5185185185185,中端品牌
2025-11-08,A539326856716,MaxFactor/蜜丝佛陀蜜丝佛陀惊艳魅力套装 粉饼+睫毛膏+睫毛夹,217.0,419,181,蜜丝佛陀,90923.0,0.431980906921241,200-500元,0,睫毛膏,135.5185185185185,中端品牌
2025-11-08,A539328052438,MaxFactor/蜜丝佛陀蜜丝佛陀颜控套装 粉底霜+睫毛膏+粉底刷,208.0,419,164,蜜丝佛陀,87152.0,0.3914081145584726,200-500元,0,粉底,135.5185185185185,中端品牌
2025-11-06,A527178849073,【预售立省178元】瓷感遮瑕亮唇彩妆套装 粉底液口红化妆棉,178.0,3225,120,蜜丝佛陀,574050.0,0.037209302325581395,100-200元,0,口红,135.5185185185185,中端品牌
2025-11-14,A35569889185,美加净护手霜保湿润手精华霜30g 果凝手霜椰子佛手柑精油保湿补水,25.0,1442,110,美加净,36050.0,0.07628294036061026,0-50元,0,精华,43.40534759358289,大众品牌
2025-11-14,A35573665190,【美加净官方旗舰店】滋养润手美甲精华霜30g 芒果护手霜枸杞精油,28.0,1430,131,美加净,40040.0,0.09160839160839161,0-50元,0,精华,43.40534759358289,大众品牌
2025-11-14,A35574435959,美加净玫瑰粉嫩透白莹润乳75ml 匀白提亮肤色,68.0,1630,162,美加净,110840.0,0.09938650306748466,50-100元,0,其他,43.40534759358289,大众品牌
2025-11-14,A35574926240,【美加净官方旗舰店】橙花水嫩盈采保湿霜50g 补水护肤锁水面霜,68.0,8371,609,美加净,569228.0,0.07275116473539602,50-100元,0,面霜,43.40534759358289,大众品牌
2025-11-14,A35575119137,maxam/美加净玫瑰粉嫩透白莹润水保湿水柔肤水,58.0,2142,259,美加净,124236.0,0.12091503267973856,50-100元,0,其他,43.40534759358289,大众品牌
2025-11-14,A35576840881,美加净橙花水嫩盈采保湿水150ml花水补水爽肤水女化妆水面膜水,58.0,15180,1784,美加净,880440.0,0.11752305665349144,50-100元,1,面膜,43.40534759358289,大众品牌
2025-11-14,A35577476241,【官方旗舰店】美加净玫瑰粉嫩透白莹润霜50g 润泽肌肤匀白肤色,68.0,1204,150,美加净,81872.0,0.12458471760797342,50-100元,0,其他,43.40534759358289,大众品牌
2025-11-14,A35577593971,【美加净官方旗舰店】 翠竹密集保湿乳100ml 补水保湿 乳液,25.0,5645,380,美加净,141125.0,0.06731620903454384,0-50元,0,乳液,43.40534759358289,大众品牌
2025-11-14,A35577697437,美加净官方旗舰店蜂蜜倍润滋养柔肤水150ml 补水保湿爽肤水化妆水,21.0,10958,763,美加净,230118.0,0.06962949443329075,0-50元,1,爽肤水,43.40534759358289,大众品牌
2025-11-14,A35577698543,【美加净官方旗舰店】蜂蜜倍润滋养乳100ml 补水保湿 乳液,25.0,2691,226,美加净,67275.0,0.08398364920104051,0-50元,0,乳液,43.40534759358289,大众品牌
2025-11-14,A35578345933,【美加净官方旗舰店】 翠竹密集保湿洁面乳80g温和清洁补水洗面奶,14.5,5118,202,美加净,74211.0,0.03946854239937476,0-50元,0,洁面,43.40534759358289,大众品牌
2025-11-14,A35578419283,【美加净官方旗舰店】 翠竹密集保湿霜80g 补水锁水 缓解干燥面霜,25.0,4701,363,美加净,117525.0,0.07721761327377154,0-50元,0,面霜,43.40534759358289,大众品牌
2025-11-14,A35578678372,【美加净官方旗舰店】白睡莲水嫩美白霜80g 保湿润白面霜清爽补水,25.0,2906,339,美加净,72650.0,0.11665519614590503,0-50元,0,面霜,43.40534759358289,大众品牌
2025-11-14,A35587585303,【美加净官方旗舰店】 莲子紧致修护霜80g 补水保湿,25.0,1628,84,美加净,40700.0,0.051597051597051594,0-50元,0,其他,43.40534759358289,大众品牌
2025-11-14,A35588035788,【美加净官方旗舰】白睡莲水嫩美白乳100ml 补水保湿润肤乳液,25.0,1499,149,美加净,37475.0,0.09939959973315543,0-50元,0,乳液,43.40534759358289,大众品牌
2025-11-14,A35588199454,美加净官方旗舰店白睡莲水嫩美白凝露80g 补水保湿嫩白护肤霜,25.0,3095,273,美加净,77375.0,0.08820678513731825,0-50元,0,其他,43.40534759358289,大众品牌
2025-11-14,A35588446764,美加净官方旗舰店桑叶平衡控油爽肤水150ml平衡油脂控油补水保湿,21.0,2926,211,美加净,61446.0,0.0721120984278879,0-50元,0,爽肤水,43.40534759358289,大众品牌
2025-11-14,A35851558087,美加净化妆品套装  翠竹密集补水保湿三件套装爽肤水乳液面霜,67.0,7959,139,美加净,533253.0,0.01746450559115467,50-100元,0,面霜,43.40534759358289,大众品牌
2025-11-14,A35852765904,美加净化妆品洗面奶翠竹秋冬保湿补水套装女士护肤水乳面霜洁面,76.9,26608,1293,美加净,2046155.2000000002,0.04859440769693325,50-100元,1,面霜,43.40534759358289,大众品牌
2025-11-14,A35853039820,美加净橙花水嫩盈采悦享礼盒套装补水保水面霜眼霜官方直售护肤,158.0,18431,460,美加净,2912098.0,0.02495795127773859,100-200元,1,面霜,43.40534759358289,大众品牌
2025-11-14,A35855633415,maxam/美加净美加净官方旗舰店玫瑰粉嫩透白莹润补水保湿护肤套装,164.9,6601,360,美加净,1088504.9000000001,0.05453719133464627,100-200元,0,其他,43.40534759358289,大众品牌
2025-11-14,A36819663541,美加净旗舰店 桑叶平衡控油凝露 控油补水 清爽补水保湿调理肌肤,25.0,3910,378,美加净,97750.0,0.09667519181585678,0-50元,0,其他,43.40534759358289,大众品牌
2025-11-14,A36978187447,【美加净官方旗舰店】白睡莲水嫩美白四件套 补水保湿润白滋养,85.0,2961,254,美加净,251685.0,0.08578183046268152,50-100元,0,其他,43.40534759358289,大众品牌
2025-11-14,A36978597066,美加净银耳珍珠滋养霜80g护肤嫩白补水保湿面霜 国货正品,14.5,79412,9294,美加净,1151474.0,0.11703520878456657,0-50元,1,面霜,43.40534759358289,大众品牌
2025-11-14,A36981139406,美加净银耳珍珠嫩白滋养嫩肤霜银耳蜜套装补水保湿套装,22.0,17223,398,美加净,378906.0,0.023108633803634676,0-50元,1,其他,43.40534759358289,大众品牌
2025-11-14,A36984821133,美加净官方旗舰店莲子紧致修护两件套补水保湿,45.0,1621,107,美加净,72945.0,0.06600863664404688,0-50元,0,其他,43.40534759358289,大众品牌
2025-11-14,A36996136068,美加净官方旗舰店桑叶平衡控油两件套装补水保湿调理控油,43.7,6002,546,美加净,262287.4,0.09096967677440854,0-50元,0,其他,43.40534759358289,大众品牌
2025-11-14,A37066086477,【美加净官方旗舰店】莲子紧致修护乳100ml 补水紧致肌肤淡化细纹,25.0,1059,79,美加净,26475.0,0.07459867799811143,0-50元,0,其他,43.40534759358289,大众品牌
2025-11-14,A37071007545,【美加净官方旗舰店】银耳珍珠滋养蜜100ml 保湿补水 缓解干燥,9.3,4999,803,美加净,46490.700000000004,0.16063212642528504,0-50元,0,其他,43.40534759358289,大众品牌
2025-11-14,A37241895145,美加净官方旗舰店橙花水嫩盈采悦享装补水保湿面霜官方直售护肤套,126.0,4580,47,美加净,577080.0,0.010262008733624454,100-200元,0,面霜,43.40534759358289,大众品牌
2025-11-14,A37242499428,美加净橙花水嫩盈采甄选套装 补水保湿滋润洁面爽肤水,158.0,13195,1086,美加净,2084810.0,0.08230390299355816,100-200元,1,洁面,43.40534759358289,大众品牌
2025-11-14,A37387675918,美加净官方旗舰店翠竹密集补水保湿五件套洁面乳液凝露面霜护肤套,91.8,1378,66,美加净,126500.4,0.047895500725689405,50-100元,0,面霜,43.40534759358289,大众品牌
2025-11-14,A37388703337,美加净官方旗舰店蜂蜜倍润滋养三件套 补水保湿 滋润包邮,67.5,10259,533,美加净,692482.5,0.051954381518666534,50-100元,1,其他,43.40534759358289,大众品牌
2025-11-14,A37429656281,【美加净官方旗舰店】细嫩柔白防晒乳100ml  细腻防晒霜,35.0,42294,7625,美加净,1480290.0,0.18028561970965148,0-50元,1,防晒,43.40534759358289,大众品牌
2025-11-14,A37747608506,【美加净官方旗舰店】细嫩柔白防晒乳50ml温和 细腻防晒霜,24.8,1500,143,美加净,37200.0,0.09533333333333334,0-50元,0,防晒,43.40534759358289,大众品牌
2025-11-14,A38135377444,美加净滋润保湿防护护手霜3支装手部护理套装国货美手霜,22.0,39336,6818,美加净,865392.0,0.17332723205206427,0-50元,1,其他,43.40534759358289,大众品牌
2025-11-14,A38228969639,【美加净官方旗舰店】水润保湿防晒乳100ml SPF20PA++ 保湿防晒霜,33.0,2179,144,美加净,71907.0,0.06608536025699863,0-50元,0,防晒,43.40534759358289,大众品牌
2025-11-14,A38329071752,maxam/美加净葡萄柚清滢保湿洁面泡沫 锁水保湿深层清洁,27.8,4895,469,美加净,136081.0,0.0958120531154239,0-50元,0,洁面,43.40534759358289,大众品牌
2025-11-14,A38544698582,【美加净官方旗舰店】玫瑰珍米青瓜三件套洁面 套装保湿亮白润肤,49.0,1106,58,美加净,54194.0,0.05244122965641953,0-50元,0,洁面,43.40534759358289,大众品牌
2025-11-14,A38960298831,美加净青瓜沁水保湿洁面乳100g送50g  洗面奶补水加控油清洁,13.8,44658,1180,美加净,616280.4,0.02642303730574589,0-50元,1,洁面,43.40534759358289,大众品牌
2025-11-14,A39126463261,【美加净官方旗舰店】温和倍护防晒乳50ml补水无酒精细腻防晒霜,35.0,31184,3062,美加净,1091440.0,0.09819138019497178,0-50元,1,防晒,43.40534759358289,大众品牌
2025-11-14,A39151393378,【美加净官方旗舰店】亮采修颜防晒霜30ml 清爽隔离防晒乳液,31.0,2462,264,美加净,76322.0,0.10722989439480098,0-50元,0,防晒,43.40534759358289,大众品牌
2025-11-14,A39289256725,美加净橙花水嫩盈采保湿眼霜 15g补水保湿眼部护理,78.0,9016,1089,美加净,703248.0,0.12078527062999113,50-100元,0,眼霜,43.40534759358289,大众品牌
2025-11-14,A40555099003,maxam/美加净美加净平衡控油洁面泥(100g)  温和清洁洗面奶,19.8,2114,248,美加净,41857.200000000004,0.1173131504257332,0-50元,0,洁面,43.40534759358289,大众品牌
2025-11-14,A41161996028,maxam/美加净果凝润手美手3支装护手霜滋养保湿手部护理套装,59.0,63826,4945,美加净,3765734.0,0.07747626359163977,50-100元,1,其他,43.40534759358289,大众品牌
2025-11-14,A41214859165,美加净热销单品组合清洁补水保湿银耳霜经典套装,57.6,7765,164,美加净,447264.0,0.02112041210560206,50-100元,0,其他,43.40534759358289,大众品牌
2025-11-14,A41413601267,maxam/美加净橙花水嫩盈采保湿乳75ml花水精油,78.0,1338,70,美加净,104364.0,0.052316890881913304,50-100元,0,其他,43.40534759358289,大众品牌
2025-11-14,A41796578843,美加净银耳珍珠滋养霜净白嫩肤霜80g*3 补水保湿面霜护肤正品,34.5,89220,7385,美加净,3078090.0,0.08277292086976014,0-50元,1,面霜,43.40534759358289,大众品牌
2025-11-14,A41848029950,美加净护手霜套装滋养柔白手部保养护理补水保湿滋润防护特润,64.0,3855,70,美加净,246720.0,0.018158236057068743,50-100元,0,其他,43.40534759358289,大众品牌
2025-11-14,A41904422439,美加净橙花水嫩盈采保湿护肤三部曲套装礼盒补水洁面水乳液女,126.0,8644,1986,美加净,1089144.0,0.22975474317445627,100-200元,0,洁面,43.40534759358289,大众品牌
2025-11-14,A41939207567,【美加净官方旗舰店】蜂蜜倍润滋养三件套 补水洁面  乳液 面霜,60.8,1132,18,美加净,68825.59999999999,0.015901060070671377,50-100元,0,面霜,43.40534759358289,大众品牌
2025-11-14,A42044122716,美加净牡丹石榴粉润滢亮霜祛黄补水保湿提亮面霜,32.0,1598,121,美加净,51136.0,0.07571964956195244,0-50元,0,面霜,43.40534759358289,大众品牌
2025-11-14,A42073633985,美加净牡丹石榴粉润滢亮乳液粉嫩红润补水保湿水提亮肤色,32.0,674,74,美加净,21568.0,0.10979228486646884,0-50元,0,乳液,43.40534759358289,大众品牌
2025-11-14,A42088180463,美加净牡丹石榴粉润滢亮化妆水150ml粉嫩红润补水保湿调理爽肤,28.0,1509,107,美加净,42252.0,0.07090788601722996,0-50元,0,其他,43.40534759358289,大众品牌
2025-11-14,A42367708680,maxam/美加净三生花护手霜套装 手部护理3支装 深层补水保湿滋润,42.3,10753,417,美加净,454851.89999999997,0.038779875383613875,0-50元,1,其他,43.40534759358289,大众品牌
2025-11-14,A42414210696,美加净牡丹石榴粉润滢亮三件套 补水保湿 提亮肤色套装,87.4,2392,223,美加净,209060.80000000002,0.09322742474916387,50-100元,0,其他,43.40534759358289,大众品牌
2025-11-14,A42457798948,【美加净官方旗舰店】山茶花紫兰恒润保湿霜 润泽护肤 补水保湿霜,32.0,980,108,美加净,31360.0,0.11020408163265306,0-50元,0,其他,43.40534759358289,大众品牌
2025-11-14,A42457850670,美加净官方旗舰店山茶花紫兰恒润保湿乳液 深层补水,32.0,1141,131,美加净,36512.0,0.11481156879929887,0-50元,0,乳液,43.40534759358289,大众品牌
2025-11-14,A42458074774,maxam/美加净橙花水嫩盈采睡眠面膜 深层补水 活肤嫩透,68.0,6082,613,美加净,413576.0,0.10078921407431767,50-100元,0,面膜,43.40534759358289,大众品牌
2025-11-14,A42537225873,maxam/美加净橙花水嫩盈采精华素 面部精华深层补水保湿 国货,78.0,5341,465,美加净,416598.0,0.0870623478749298,50-100元,0,精华,43.40534759358289,大众品牌
2025-11-14,A42625798533,美加净山茶花紫兰恒润保湿套装 润泽补水滋润套组,58.0,1121,63,美加净,65018.0,0.056199821587867974,50-100元,0,其他,43.40534759358289,大众品牌
2025-11-14,A43431608133,美加净橙花水嫩盈采保湿2件套 补水保湿套装 精华素面膜2件套,139.0,421,29,美加净,58519.0,0.0688836104513064,100-200元,0,面膜,43.40534759358289,大众品牌
2025-11-14,A43540379237,美加净官方旗舰店身体乳三件套恒嫩白保湿滋养润体乳200ml,51.3,7238,845,美加净,371309.39999999997,0.11674495717048909,50-100元,0,其他,43.40534759358289,大众品牌
2025-11-14,A43684062306,maxam/美加净美加净面霜银耳珍珠滋养蜜100ml*3 滋养润泽柔滑,26.5,15093,2192,美加净,399964.5,0.14523288941893592,0-50元,1,面霜,43.40534759358289,大众品牌
2025-11-14,A43853963266,maxam/美加净银耳珍珠滋养霜120g*2瓶装 嫩白补水保湿面霜护肤品,35.0,3659,425,美加净,128065.0,0.1161519540858158,0-50元,0,面霜,43.40534759358289,大众品牌
2025-11-14,A43892071044,【美加净官方旗舰店】银耳珍珠滋养霜20gX10袋 国货正品保湿面霜,12.0,23333,1910,美加净,279996.0,0.08185831226160374,0-50元,1,面霜,43.40534759358289,大众品牌
2025-11-14,A44129502083,maxam/美加净深层净颜洁面泥100g 海藻泥深层洁净洁面乳洗面奶,19.8,3905,628,美加净,77319.0,0.16081946222791293,0-50元,0,洁面,43.40534759358289,大众品牌
2025-11-14,A44186552168,美加净保湿型护手霜75g 天然呵护清润保湿美手霜国货,9.9,2549,126,美加净,25235.100000000002,0.04943114947038054,0-50元,0,其他,43.40534759358289,大众品牌
2025-11-14,A520305493341,美加净特润型护手霜75g 天然杏仁油滋养精华手霜,6.9,6110,482,美加净,42159.0,0.07888707037643208,0-50元,0,精华,43.40534759358289,大众品牌
2025-11-14,A520324233290,美加净滋润修护型护手霜75g 天然修护洗衣手  橄榄油深层滋养手霜,7.5,4414,485,美加净,33105.0,0.10987766198459448,0-50元,0,其他,43.40534759358289,大众品牌
2025-11-14,A520324402359,美加净防护型护手霜75g  含天然核桃油 防皲裂,6.9,6293,362,美加净,43421.700000000004,0.05752423327506753,0-50元,0,其他,43.40534759358289,大众品牌
2025-11-14,A520325737022,美加净百合凝水保湿护手霜60g 花草美肌令双手柔嫩如水,15.2,1295,193,美加净,19684.0,0.14903474903474903,0-50元,0,其他,43.40534759358289,大众品牌
2025-11-14,A520326174453,美加净栀子花嫩白柔肤美手霜60g 花草美肌双手白皙如玉,15.2,2385,405,美加净,36252.0,0.16981132075471697,0-50元,0,其他,43.40534759358289,大众品牌
2025-11-14,A520326508433,美加净玫瑰凝脂倍润护手霜60g  花草美肌 柔润丝滑,14.1,2432,309,美加净,34291.2,0.12705592105263158,0-50元,0,其他,43.40534759358289,大众品牌
2025-11-14,A520327973488,美加净人参活肤精华霜80g  国货护肤化妆面霜,14.5,1729,239,美加净,25070.5,0.1382301908617698,0-50元,0,面霜,43.40534759358289,大众品牌
2025-11-14,A520330618237,美加净灵芝长效保湿霜80g 补水保湿滋养润肤霜面霜,14.5,1992,223,美加净,28884.0,0.11194779116465864,0-50元,0,面霜,43.40534759358289,大众品牌
2025-11-14,A520501684477,maxam/美加净美加净银杏净颜洗面奶80g温和不紧绷男女适用洁面乳,9.2,3119,431,美加净,28694.8,0.13818531580634819,0-50元,0,洁面,43.40534759358289,大众品牌
2025-11-14,A520773717196,maxam/美加净水漾清透防晒喷雾+温和倍护防晒乳50ml防晒霜套组,79.0,1715,188,美加净,135485.0,0.10962099125364431,50-100元,0,防晒,43.40534759358289,大众品牌
2025-11-14,A523052955928,maxam/美加净橙花水嫩盈采保湿套装2件套乳液面霜,136.0,165,19,美加净,22440.0,0.11515151515151516,100-200元,0,面霜,43.40534759358289,大众品牌
2025-11-14,A523253168784,maxam/美加净翠竹密集保湿凝露80g两瓶装补水保湿缓解干燥,50.0,2782,277,美加净,139100.0,0.099568655643422,0-50元,0,其他,43.40534759358289,大众品牌
2025-11-14,A523255025267,maxam/美加净蜂蜜滋养润唇膏（柠檬味）4g滋润呵护幼嫩双唇,14.8,731,42,美加净,10818.800000000001,0.057455540355677154,0-50元,0,其他,43.40534759358289,大众品牌
2025-11-14,A523255389676,maxam/美加净蜂蜜滋养润唇膏（草莓味）4g滋养柔软唇部肌肤,14.8,255,44,美加净,3774.0,0.17254901960784313,0-50元,0,其他,43.40534759358289,大众品牌
2025-11-14,A523258072413,美加净夜间水润舒缓润手修护霜80g 果凝手霜护手霜深度补水,38.0,2383,191,美加净,90554.0,0.08015107007973143,0-50元,0,其他,43.40534759358289,大众品牌
2025-11-14,A523258700586,maxam/美加净凝时紧致护手霜60g 紧致肌肤润手美手霜国货护肤品,15.2,485,76,美加净,7372.0,0.15670103092783505,0-50元,0,其他,43.40534759358289,大众品牌
2025-11-14,A523260900870,maxam/美加净蜂蜜滋养润唇膏（无味）4g滋润 保湿,14.8,436,137,美加净,6452.8,0.31422018348623854,0-50元,0,其他,43.40534759358289,大众品牌
2025-11-14,A523276436649,美加净香浴乳三色沐浴露组合丝滑滋养嫩肤官方直售,45.0,1032,176,美加净,46440.0,0.17054263565891473,0-50元,0,其他,43.40534759358289,大众品牌
2025-11-14,A523277038210,美加净夜间深层滋养润手修护霜80g按摩柔珠果凝保湿护手霜官方,38.0,36789,6911,美加净,1397982.0,0.18785506537280167,0-50元,1,其他,43.40534759358289,大众品牌
2025-11-14,A523288067188,maxam/美加净蜂蜜倍润滋养乳100ml*2量贩装 补水保湿乳液,50.0,336,49,美加净,16800.0,0.14583333333333334,0-50元,0,乳液,43.40534759358289,大众品牌
2025-11-14,A523288387068,maxam/美加净桑叶平衡控油凝露80g*2量贩装清爽控油补水官方直售,50.0,463,79,美加净,23150.0,0.17062634989200864,0-50元,0,其他,43.40534759358289,大众品牌
2025-11-14,A523289215353,maxam/美加净白睡莲水嫩美白霜80g*2量贩装 保湿润白面霜官方直售,50.0,318,47,美加净,15900.0,0.14779874213836477,0-50元,0,面霜,43.40534759358289,大众品牌
2025-11-14,A523289795190,maxam/美加净莲子紧致修护霜80g*2量贩装保湿提拉紧致官方直售,50.0,137,17,美加净,6850.0,0.12408759124087591,0-50元,0,其他,43.40534759358289,大众品牌
2025-11-14,A523290967915,美加净牡丹石榴粉润滢亮乳液100ml*2量贩装粉嫩红润爽肤,64.0,150,30,美加净,9600.0,0.2,50-100元,0,乳液,43.40534759358289,大众品牌
2025-11-14,A523291039415,美加净牡丹石榴粉润滢亮化妆水150ml*2量贩装粉嫩红润抵御黯沉,56.0,441,52,美加净,24696.0,0.11791383219954649,50-100元,0,其他,43.40534759358289,大众品牌
2025-11-14,A523292431618,美加净滋润修护型护手霜75g*5量贩装 洗衣 橄榄油深层滋养手霜,37.5,1659,135,美加净,62212.5,0.081374321880651,0-50元,0,其他,43.40534759358289,大众品牌
2025-11-14,A523293839293,美加净平衡控油洁面泥100g*3量贩装 温和清洁洗面奶,59.4,137,22,美加净,8137.8,0.16058394160583941,50-100元,0,洁面,43.40534759358289,大众品牌
2025-11-14,A523307602801,maxam/美加净翠竹密集保湿洁面乳80g*3量贩装温和清洁补水洗面奶,41.5,206,19,美加净,8549.0,0.09223300970873786,0-50元,0,洁面,43.40534759358289,大众品牌
2025-11-14,A523308002472,maxam/美加净翠竹密集保湿爽肤水150ml*2 深层补水滋养,39.0,3287,879,美加净,128193.0,0.2674170976574384,0-50元,0,爽肤水,43.40534759358289,大众品牌
2025-11-14,A523308646627,maxam/美加净翠竹密集保湿乳100ml*2量贩装补水保湿乳液,50.0,464,75,美加净,23200.0,0.16163793103448276,0-50元,0,乳液,43.40534759358289,大众品牌
2025-11-14,A523310194813,maxam/美加净桑叶平衡控油爽肤水150ml*2量贩装 平衡油脂控油补水,42.0,361,52,美加净,15162.0,0.1440443213296399,0-50元,0,爽肤水,43.40534759358289,大众品牌
2025-11-14,A523312670312,美加净山茶花紫兰恒润保湿霜80g*2量贩装 润泽护肤补水保湿霜,64.0,147,25,美加净,9408.0,0.17006802721088435,50-100元,0,其他,43.40534759358289,大众品牌
2025-11-14,A523313698288,美加净特润型护手霜75g*5量贩装 天然杏仁油滋养,34.5,1154,70,美加净,39813.0,0.060658578856152515,0-50元,0,其他,43.40534759358289,大众品牌
2025-11-14,A523314018919,美加净防护型护手霜75g*5量贩装 含核桃油 防止皲裂手霜,32.0,4164,317,美加净,133248.0,0.07612872238232468,0-50元,0,其他,43.40534759358289,大众品牌
2025-11-14,A523317045266,美加净保湿型护手霜75g*5量贩装 天然呵护清润保湿美手霜国货,32.0,3775,498,美加净,120800.0,0.13192052980132452,0-50元,0,其他,43.40534759358289,大众品牌
2025-11-14,A523317100804,maxam/美加净 翠竹密集保湿霜80g*2量贩装 补水锁水 缓解干燥面霜,50.0,648,37,美加净,32400.0,0.05709876543209876,0-50元,0,面霜,43.40534759358289,大众品牌
2025-11-14,A523317149823,美加净玫瑰盈泽滋养洁面乳100g*3量贩装 锁水深层清洁洗面奶,53.4,190,29,美加净,10146.0,0.15263157894736842,50-100元,0,洁面,43.40534759358289,大众品牌
2025-11-14,A523317492862,美加净翠竹密集保湿洁面水霜三件套补水保湿洗面奶面部护理套组,57.0,100,21,美加净,5700.0,0.21,50-100元,0,洁面,43.40534759358289,大众品牌
2025-11-14,A523317909035,美加净深层净颜洁面泥100g*3量贩装 海藻泥深层洁净洁面乳洗面奶,59.4,533,66,美加净,31660.2,0.12382739212007504,50-100元,0,洁面,43.40534759358289,大众品牌
2025-11-14,A523318001141,美加净珍米水润滢亮洁面乳100g*3量贩装 深层清洁洗面奶,53.4,125,15,美加净,6675.0,0.12,50-100元,0,洁面,43.40534759358289,大众品牌
2025-11-14,A523318180035,maxam/美加净蜂蜜倍润滋养柔肤水150ml*2量贩装保湿滋润爽肤水,42.0,1712,201,美加净,71904.0,0.11740654205607477,0-50元,0,爽肤水,43.40534759358289,大众品牌
2025-11-14,A523319296060,maxam/美加净美加净白睡莲水嫩美白凝露80g*2 补水保湿嫩白护肤霜,50.0,1826,422,美加净,91300.0,0.23110624315443593,0-50元,0,其他,43.40534759358289,大众品牌
2025-11-14,A523319744273,maxam/美加净白睡莲水嫩美白乳100ml*2量贩装补水保湿润肤乳,50.0,269,59,美加净,13450.0,0.21933085501858737,0-50元,0,其他,43.40534759358289,大众品牌
2025-11-14,A523320252196,maxam/美加净莲子紧致修护乳100ml*2量贩装紧致肌肤淡化细纹,50.0,137,20,美加净,6850.0,0.145985401459854,0-50元,0,其他,43.40534759358289,大众品牌
2025-11-14,A523320800897,美加净山茶花紫兰恒润保湿乳液100ml*2量贩装深层补水保湿,64.0,216,29,美加净,13824.0,0.13425925925925927,50-100元,0,乳液,43.40534759358289,大众品牌
2025-11-14,A523321828028,美加净牡丹石榴粉润滢亮霜80g*2量贩装祛黄抵御暗沉亮白提亮面霜,64.0,204,39,美加净,13056.0,0.19117647058823528,50-100元,0,面霜,43.40534759358289,大众品牌
2025-11-14,A523322856826,美加净葡萄柚清滢保湿洁面泡沫145ml*2量贩装洗面奶 深层清洁,55.6,1427,290,美加净,79341.2,0.20322354590049055,50-100元,0,洁面,43.40534759358289,大众品牌
2025-11-14,A523333903531,美加净灵芝长效保湿霜80g*3量贩装 补水保湿滋养润肤霜面霜,43.5,442,18,美加净,19227.0,0.04072398190045249,0-50元,0,面霜,43.40534759358289,大众品牌
2025-11-14,A523344807226,美加净银耳芦荟保湿霜80g*3量贩装补水保湿滋养面霜新品官方直售,34.5,1576,164,美加净,54372.0,0.10406091370558376,0-50元,0,面霜,43.40534759358289,大众品牌
2025-11-14,A523348627642,美加净欢欢儿童润润露120ml*3量贩装保湿乳霜儿童护肤品官方直售,44.4,216,18,美加净,9590.4,0.08333333333333333,0-50元,0,其他,43.40534759358289,大众品牌
2025-11-14,A523359341105,美加净杏仁油倍润霜80g*3量贩装 国货滋润面霜,43.5,556,53,美加净,24186.0,0.09532374100719425,0-50元,0,面霜,43.40534759358289,大众品牌
2025-11-14,A523364254385,美加净人参活肤精华霜80g*3量贩装 国货护肤化妆面霜三件套,43.5,325,33,美加净,14137.5,0.10153846153846154,0-50元,0,面霜,43.40534759358289,大众品牌
2025-11-14,A523365892666,maxam/美加净杏仁油倍润霜40g*6量贩装 国货滋润面霜,45.0,200,22,美加净,9000.0,0.11,0-50元,0,面霜,43.40534759358289,大众品牌
2025-11-14,A523366709935,美加净天然实效银耳芦荟保湿霜80g补水保湿滋养面霜新品官方直售,14.5,2415,632,美加净,35017.5,0.2616977225672878,0-50元,0,面霜,43.40534759358289,大众品牌
2025-11-14,A523370537236,maxam/美加净皴不见欢欢小小面霜35g*3量贩装 胡萝卜油儿童面霜,41.4,480,36,美加净,19872.0,0.075,0-50元,0,面霜,43.40534759358289,大众品牌
2025-11-14,A523372730351,美加净银耳珍珠滋养霜80g*3+120g*2嫩肤霜 补水保湿面霜护肤品,69.0,17833,27,美加净,1230477.0,0.001514046991532552,50-100元,1,面霜,43.40534759358289,大众品牌
2025-11-14,A523377736681,美加净欢欢冻不怕小小手霜50g*3量贩装儿童宝宝护手霜官方直售,40.5,409,22,美加净,16564.5,0.05378973105134474,0-50元,0,其他,43.40534759358289,大众品牌
2025-11-14,A523377820371,美加净欢欢儿童润润霜35g*3量贩装 蜂蜜牛奶温柔呵护幼嫩肌肤,38.4,419,48,美加净,16089.599999999999,0.11455847255369929,0-50元,0,其他,43.40534759358289,大众品牌
2025-11-14,A523381900830,美加净欢欢儿童系列4件套润肤露小小面霜护手霜补水保湿宝宝护肤,52.0,686,66,美加净,35672.0,0.09620991253644315,50-100元,0,面霜,43.40534759358289,大众品牌
2025-11-14,A523732735942,美加净水嫩柔肤香体精华霜100g身体乳全身呵护官方直售,22.0,688,176,美加净,15136.0,0.2558139534883721,0-50元,0,精华,43.40534759358289,大众品牌
2025-11-14,A523733591414,美加净丝滑滋养香体精华霜200g身体乳全身呵护持久留香官方直售,38.0,3328,395,美加净,126464.0,0.11868990384615384,0-50元,0,精华,43.40534759358289,大众品牌
2025-11-14,A523733795479,美加净丝滑滋养香体精华霜100g身体乳全身呵护官方直售,22.0,715,119,美加净,15730.0,0.16643356643356644,0-50元,0,精华,43.40534759358289,大众品牌
2025-11-14,A523756010417,美加净水嫩柔肤香体精华霜200g身体乳全身呵护留香官方直售,38.0,1818,423,美加净,69084.0,0.23267326732673269,0-50元,0,精华,43.40534759358289,大众品牌
2025-11-14,A523762699305,美加净天然实效面霜5瓶缤纷装蚕丝杏仁倍润芦荟保湿活肤全家享用,69.0,1134,149,美加净,78246.0,0.13139329805996472,50-100元,0,面霜,43.40534759358289,大众品牌
2025-11-14,A523763247485,美加净丝滑滋养香体精华霜200g+香浴乳组合身体护理沐浴露身体霜,53.8,502,69,美加净,27007.6,0.13745019920318724,50-100元,0,精华,43.40534759358289,大众品牌
2025-11-14,A523786294068,美加净银杏净颜洗面奶80g*5支量贩装温和不紧绷男女适用洁面乳,46.0,474,28,美加净,21804.0,0.05907172995780591,0-50元,0,洁面,43.40534759358289,大众品牌
2025-11-14,A523787214703,美加净玉兰沐浴露香体霜组合水嫩柔肤香体精华霜+柔润丝滑香浴乳,53.8,311,60,美加净,16731.8,0.19292604501607716,50-100元,0,精华,43.40534759358289,大众品牌
2025-11-14,A523797832310,美加净蜂蜜倍润滋养霜80g*2瓶装 补水保湿锁水滋养面霜正品,50.0,1029,74,美加净,51450.0,0.07191448007774538,0-50元,0,面霜,43.40534759358289,大众品牌
2025-11-14,A523968722299,美加净蜂蜜滋养润唇膏两支装（柠檬味4g+草莓味4g）滋润 保湿,29.6,663,13,美加净,19624.8,0.0196078431372549,0-50元,0,其他,43.40534759358289,大众品牌
2025-11-14,A525493761809,maxam/美加净保湿型护手霜75g两支装天然呵护保湿手霜,9.9,3476,385,美加净,34412.4,0.11075949367088607,0-50元,0,其他,43.40534759358289,大众品牌
2025-11-14,A525974126790,美加净防护型护手霜75g两支装添加核桃防裂保湿,9.9,7461,2752,美加净,73863.90000000001,0.3688513604074521,0-50元,0,其他,43.40534759358289,大众品牌
2025-11-14,A526158161577,maxam/美加净日夜滋养修护手部护理组合夜间深层修护手霜,58.0,4168,1033,美加净,241744.0,0.24784069097888675,50-100元,0,其他,43.40534759358289,大众品牌
2025-11-14,A526158737537,美加净保湿润手精华霜30g+夜间水润舒缓润手修护霜80g日夜水润,58.0,539,135,美加净,31262.0,0.2504638218923933,50-100元,0,精华,43.40534759358289,大众品牌
2025-11-14,A527617647830,maxam/美加净氨基酸系列净润滋养洁面乳100g补水保湿洗面奶男女,32.0,8957,2287,美加净,286624.0,0.25533102601317403,0-50元,0,洁面,43.40534759358289,大众品牌
2025-11-14,A529351515823,maxam/美加净橙花清爽护手ㄠò尊螅┗な炙60g,14.1,1407,478,美加净,19838.7,0.33972992181947403,0-50元,0,其他,43.40534759358289,大众品牌
2025-11-14,A529418233867,maxam/美加净柠檬草清爽护手ㄠㄇ嵊Ｊ┗な炙60g清透水润,14.1,946,333,美加净,13338.6,0.35200845665961944,0-50元,0,其他,43.40534759358289,大众品牌
2025-11-14,A531983502707,maxam/美加净细嫩柔白防晒乳100ml配水漾清透喷露80ml,75.0,438,220,美加净,32850.0,0.502283105022831,50-100元,0,防晒,43.40534759358289,大众品牌
2025-11-14,A533019560548,maxam/美加净水润保湿防晒乳50ml 椰子荔枝鲜果防晒霜,24.8,578,348,美加净,14334.4,0.6020761245674741,0-50元,0,防晒,43.40534759358289,大众品牌
2025-11-14,A537340971083,【新品上市】美加净花肌之恋十全十美多效植物面膜亮肤组合10片,69.0,3678,923,美加净,253782.0,0.2509516041326808,50-100元,0,面膜,43.40534759358289,大众品牌
2025-11-14,A538744048445,美加净护手霜四支手部护理套装补水保湿滋润防裂国货正品,22.0,17410,3155,美加净,383020.0,0.18121769098219415,0-50元,1,其他,43.40534759358289,大众品牌
2025-11-14,A538752599902,maxam/美加净夜间深层滋养水润舒缓润手修护霜护手霜套组80*2保湿,70.0,3990,0,美加净,279300.0,0.0,50-100元,0,其他,43.40534759358289,大众品牌
2025-11-14,A539193860884,maxam/美加净果凝日夜手护护手霜套组深层滋养保湿修护夜间预售,94.0,10753,3,美加净,1010782.0,0.0002789919092346322,50-100元,1,其他,43.40534759358289,大众品牌
2025-11-14,A539422063464,美加净VIP会员1元专享花肌之恋植物面膜组合5片（限1件多拍不发）,50.0,299,197,美加净,14950.0,0.6588628762541806,0-50元,0,面膜,43.40534759358289,大众品牌
2025-11-14,A541133237689,美加净花草沐浴露6件套滋润健肤清爽亮肤家庭装大容量2400ml,71.0,57,0,美加净,4047.0,0.0,50-100元,0,其他,43.40534759358289,大众品牌
2025-11-14,A541186137979,maxam/美加净蜂蜜滋养润唇膏无味草莓柠檬三支量贩装4g*3,50.4,149,0,美加净,7509.599999999999,0.0,50-100元,0,其他,43.40534759358289,大众品牌
2025-11-14,A541477522220,maxam/美加净清爽护手ㄠǔ然ǐ柠檬草）护手霜两件套滋润保湿,30.4,368,4,美加净,11187.199999999999,0.010869565217391304,0-50元,0,其他,43.40534759358289,大众品牌
2025-11-13,A520330740336,美加净杏仁油倍润霜80g 国货滋润面霜,14.5,1765,283,美加净,25592.5,0.1603399433427762,0-50元,0,面霜,43.40534759358289,大众品牌
2025-11-12,A35578310070,美加净官方旗舰店 翠竹密集保湿爽肤水150ml 深层补水滋养,21.0,11095,479,美加净,232995.0,0.04317260027039207,0-50元,1,爽肤水,43.40534759358289,大众品牌
2025-11-12,A35579668591,美加净官方旗舰店 翠竹密集保湿凝露80g 补水保湿 缓解干燥,25.0,11681,847,美加净,292025.0,0.07251091516137317,0-50元,1,其他,43.40534759358289,大众品牌
2025-11-12,A521595760026,maxam/美加净杏仁油倍润霜40g 国货滋润面霜,7.5,3201,571,美加净,24007.5,0.17838175570134332,0-50元,0,面霜,43.40534759358289,大众品牌
2025-11-12,A541563512670,maxam/美加净美加净白睡莲水嫩美白凝露80g*2 补水保湿嫩白护肤霜,50.0,100,0,美加净,5000.0,0.0,0-50元,0,其他,43.40534759358289,大众品牌
2025-11-10,A35573429551,maxam/美加净护手霜 滋养润手精华霜30g 果凝手霜滋润保湿补水,25.0,2257,119,美加净,56425.0,0.052724856003544526,0-50元,0,精华,43.40534759358289,大众品牌
2025-11-10,A35579204995,美加净官方旗舰店蜂蜜倍润滋养霜80g 补水保湿锁水滋养面霜正品,25.0,6290,346,美加净,157250.0,0.05500794912559619,0-50元,0,面霜,43.40534759358289,大众品牌
2025-11-10,A36884286562,美加净精华手霜分享套装7支装 保湿补水润肤花草果凝手部护理,99.0,8074,65,美加净,799326.0,0.008050532573693337,50-100元,0,精华,43.40534759358289,大众品牌
2025-11-10,A38957843115,【美加净官方旗舰店】珍米水润滢亮洁面乳  净白深层清洁洗面奶,17.8,2171,170,美加净,38643.8,0.0783049286043298,0-50元,0,洁面,43.40534759358289,大众品牌
2025-11-10,A38989576825,【美加净官方旗舰店】玫瑰盈泽滋养洁面乳 锁水深层清洁洗面奶,17.8,2519,237,美加净,44838.200000000004,0.09408495434696308,0-50元,0,洁面,43.40534759358289,大众品牌
2025-11-10,A41946192717,美加净旗舰店化妆品橙花水嫩盈采甄选套装官方直售洗面奶精华,155.0,7430,100,美加净,1151650.0,0.013458950201884253,100-200元,0,精华,43.40534759358289,大众品牌
2025-11-10,A43581553508,美加净官方恒润滋养润体乳200ml 滋养保湿身体乳液滋润,18.0,3637,469,美加净,65466.0,0.12895243332416828,0-50元,0,乳液,43.40534759358289,大众品牌
2025-11-10,A43596696940,美加净恒嫩保湿润体乳嫩肤补水身体乳200ml 身体护理,18.0,4986,557,美加净,89748.0,0.11171279582831929,0-50元,0,其他,43.40534759358289,大众品牌
2025-11-10,A43794487344,美加净官方旗舰店橙花水嫩盈采护肤三部曲补水保湿套装洁面水乳,95.0,6996,223,美加净,664620.0,0.03187535734705546,50-100元,0,洁面,43.40534759358289,大众品牌
2025-11-10,A43940640551,美加净欢欢儿童润润露滋润保湿乳霜儿童护肤品官方直销,14.8,1709,175,美加净,25293.2,0.1023990637799883,0-50元,0,其他,43.40534759358289,大众品牌
2025-11-10,A45594178524,美加净深润滋养香浴乳沐浴露400ml,15.8,650,48,美加净,10270.0,0.07384615384615385,0-50元,0,其他,43.40534759358289,大众品牌
2025-11-10,A45628485242,美加净柔润丝滑香浴乳沐浴露400ml（玉兰精华）,15.8,1736,175,美加净,27428.800000000003,0.10080645161290322,0-50元,0,精华,43.40534759358289,大众品牌
2025-11-10,A45647676768,美加净水润嫩肤香浴乳沐浴露400ml鸢尾精华持久留香正品,15.8,752,83,美加净,11881.6,0.11037234042553191,0-50元,0,精华,43.40534759358289,大众品牌
2025-11-10,A520497467828,maxam/美加净美加净滋润沐浴露400ml滋润添加杏仁精华沐浴乳,11.9,1205,231,美加净,14339.5,0.19170124481327802,0-50元,0,精华,43.40534759358289,大众品牌
2025-11-10,A520497565992,maxam/美加净美加净健肤沐浴露400ml添加金银花精华沐浴乳,11.9,381,72,美加净,4533.900000000001,0.1889763779527559,0-50元,0,精华,43.40534759358289,大众品牌
2025-11-10,A520497617517,maxam/美加净美加净倍润沐浴露400ml馥郁芳香 乳木果油精华,11.9,632,116,美加净,7520.8,0.18354430379746836,0-50元,0,精华,43.40534759358289,大众品牌
2025-11-10,A520498001561,maxam/美加净美加净清爽沐浴露400ml添加绿茶精华沐浴乳,11.9,1197,283,美加净,14244.300000000001,0.23642439431913115,0-50元,0,精华,43.40534759358289,大众品牌
2025-11-10,A520517173890,美加净亮肤沐浴露400ml添加蚕丝精华沐浴乳亮肤官方直售,11.9,1501,221,美加净,17861.9,0.14723517654896737,0-50元,0,精华,43.40534759358289,大众品牌
2025-11-10,A520518854634,maxam/美加净美加净清透沐浴露400ml 添加芦荟精华沐浴乳,11.9,741,128,美加净,8817.9,0.17273954116059378,0-50元,0,精华,43.40534759358289,大众品牌
2025-11-10,A520652798150,maxam/美加净清凉沐浴露400ml 野菊花精华洁净清爽清凉感受,11.9,380,98,美加净,4522.0,0.2578947368421053,0-50元,0,精华,43.40534759358289,大众品牌
2025-11-10,A520732590280,maxam/美加净欢欢儿童润润霜35g 蜂蜜牛奶精华温柔呵护幼嫩肌肤,12.8,1668,277,美加净,21350.4,0.16606714628297362,0-50元,0,精华,43.40534759358289,大众品牌
2025-11-10,A520734980883,maxam/美加净皴不见欢欢小小面霜35g 胡萝卜油燕麦儿童面霜,13.8,1986,255,美加净,27406.800000000003,0.1283987915407855,0-50元,0,面霜,43.40534759358289,大众品牌
2025-11-10,A523086763778,maxam/美加净欢欢冻不怕小小手霜50g儿童宝宝护手霜,13.5,890,120,美加净,12015.0,0.1348314606741573,0-50元,0,其他,43.40534759358289,大众品牌
2025-11-10,A538305882270,maxam/美加净十全十美花肌之恋植物面膜单片25ml多款补水保湿滋润,5.9,3173,915,美加净,18720.7,0.2883706271667192,0-50元,0,面膜,43.40534759358289,大众品牌
2025-11-10,A538655099082,maxam/美加净花肌密语植物面膜5种单片自由搭配组合双重功效,8.0,579,166,美加净,4632.0,0.2867012089810017,0-50元,0,面膜,43.40534759358289,大众品牌
2025-11-10,A539158229641,maxam/美加净花肌之恋十全十美多效植物面膜组合20片预售,109.0,1202,0,美加净,131018.0,0.0,100-200元,0,面膜,43.40534759358289,大众品牌
2025-11-10,A539341307265,maxam/美加净花肌密语多效植物面膜组合10片甘菊晚香玉补水保湿,100.0,270,0,美加净,27000.0,0.0,50-100元,0,面膜,43.40534759358289,大众品牌
2025-11-08,A35576356656,【美加净官方旗舰店】橙花水嫩盈采保湿乳75ml 深度锁水,68.0,2814,274,美加净,191352.0,0.09737029140014215,50-100元,0,其他,43.40534759358289,大众品牌
2025-11-14,A12454406919,美宝莲 巨密睫毛膏 黄胖子 彩妆炫黑纤长浓密 温水即卸 专柜正品,99.0,48163,518,美宝莲,4768137.0,0.010755143990199946,50-100元,1,睫毛膏,138.04901960784315,中端品牌
2025-11-14,A12454514788,美宝莲睛采造型持久魅影眼线膏 防水防汗不晕染 眼线笔 官方正品,89.0,174050,8252,美宝莲,15490450.0,0.04741166331513933,50-100元,1,其他,138.04901960784315,中端品牌
2025-11-14,A12455538031,美宝莲 睛采造型四色眼影璀璨钻石系列 裸妆必备彩妆,79.0,104198,3558,美宝莲,8231642.0,0.034146528724159776,50-100元,1,眼影,138.04901960784315,中端品牌
2025-11-14,A12456273464,美宝莲 矿物水感亲肤腮红 彩妆胭脂 亲肤贴合 自然红润,69.0,95630,2958,美宝莲,6598470.0,0.030931715988706473,50-100元,1,其他,138.04901960784315,中端品牌
2025-11-14,A12459362636,美宝莲小金笔 极细防水易画眼线笔持久浓黑速干防水不晕染眼线液,99.0,211579,18815,美宝莲,20946321.0,0.08892659479437941,50-100元,1,其他,138.04901960784315,中端品牌
2025-11-14,A12727688676,美宝莲眼唇卸妆液 脸部眼部及唇部卸妆油卸妆水温和清爽深层清洁,67.0,493622,22569,美宝莲,33072674.0,0.045721219880799475,50-100元,1,卸妆,138.04901960784315,中端品牌
2025-11-14,A13493324762,美宝莲绝色持久唇膏 裸色口红 丰唇唇彩 滋润保湿 官方正品,99.0,152865,3209,美宝莲,15133635.0,0.020992378896411867,50-100元,1,口红,138.04901960784315,中端品牌
2025-11-14,A13903451152,美宝莲紫胖子密扇睫毛膏 防水纤长浓密不易晕染卷翘持久定型正品,109.0,233172,8719,美宝莲,25415748.0,0.03739299744394696,100-200元,1,睫毛膏,138.04901960784315,中端品牌
2025-11-14,A14752470236,美宝莲轻松画柔滑自动眼线笔 防水不晕染,59.0,113345,3757,美宝莲,6687355.0,0.03314658785125061,50-100元,1,其他,138.04901960784315,中端品牌
2025-11-14,A18024230740,美宝莲绝色持久唇膏 裸色口红 丰唇唇彩 滋润保湿 正品,99.0,7533,121,美宝莲,745767.0,0.01606265763971857,50-100元,0,口红,138.04901960784315,中端品牌
2025-11-14,A18603040564,美宝莲 宝蓓粉嫩光采蜜乳粉宝贝 保湿美白裸妆 防晒BB隔离霜,89.0,165273,7734,美宝莲,14709297.0,0.04679530231798297,50-100元,1,防晒,138.04901960784315,中端品牌
2025-11-14,A18616903560,美宝莲飞箭睫毛膏 纤长卷翘  浓密不结块 持久防水  官方正品,109.0,85819,4329,美宝莲,9354271.0,0.05044337501019588,100-200元,1,睫毛膏,138.04901960784315,中端品牌
2025-11-14,A35317513882,美宝莲绒情哑光口红 持久滋润保湿不易褪色不干唇膏唇彩专柜正品,109.0,108407,12758,美宝莲,11816363.0,0.11768612727960372,100-200元,1,口红,138.04901960784315,中端品牌
2025-11-14,A36128391232,美宝莲梦幻丝柔呼吸粉底液 清爽保湿 遮瑕强 自然裸妆 正品,139.0,70973,7552,美宝莲,9865247.0,0.10640666168824764,100-200元,1,粉底,138.04901960784315,中端品牌
2025-11-14,A36970426620,美宝莲绝色持久唇膏 粉红警报 魅惑炫亮润泽 唇彩口红,99.0,13470,561,美宝莲,1333530.0,0.041648106904231624,50-100元,1,口红,138.04901960784315,中端品牌
2025-11-14,A37194554897,新品上市 Maybelline美宝莲新恒美眉笔 棕色 灰色,49.0,20647,2031,美宝莲,1011703.0,0.09836780161766842,0-50元,1,其他,138.04901960784315,中端品牌
2025-11-14,A39244108911,美宝莲双头塑型眉笔 持久防水防汗不晕妆不脱色眉粉 正品,89.0,179076,12283,美宝莲,15937764.0,0.06859098930063214,50-100元,1,其他,138.04901960784315,中端品牌
2025-11-14,A39876413435,美宝莲好气色轻唇膏 持久滋润保湿补水口红不易褪色不干唇彩正品,79.0,356394,26609,美宝莲,28155126.0,0.07466175075899145,50-100元,1,口红,138.04901960784315,中端品牌
2025-11-14,A40273345663,美宝莲梦幻丝柔粉饼 彩妆修颜 遮瑕保湿 持久定妆不油腻,119.0,28933,3187,美宝莲,3443027.0,0.11015103860643556,100-200元,1,其他,138.04901960784315,中端品牌
2025-11-14,A41216209851,美宝莲大开电眼睫毛膏 浓密纤长 双刷头 双向放大双眼  防水,129.0,38475,1249,美宝莲,4963275.0,0.03246263807667316,100-200元,1,睫毛膏,138.04901960784315,中端品牌
2025-11-14,A41319630474,美宝莲大开电眼眼影盘 上眼影下卧蚕彩妆多色眼影盘 官方正品,99.0,30815,3142,美宝莲,3050685.0,0.10196332954729839,50-100元,1,眼影,138.04901960784315,中端品牌
2025-11-14,A42405499058,美宝莲好气色CC霜 均匀肤色 保湿 粉底 包邮,109.0,41767,3099,美宝莲,4552603.0,0.07419733282256327,100-200元,1,粉底,138.04901960784315,中端品牌
2025-11-14,A42591514917,美宝莲梦幻丝绒蜜盒粉饼 定妆修容 控油遮瑕 保湿持久 彩妆,179.0,29346,4592,美宝莲,5252934.0,0.15647788454985348,100-200元,1,其他,138.04901960784315,中端品牌
2025-11-14,A43386256443,美宝莲绝色持久唇膏炫橙风暴唇膏 橘红色系 唇彩口红 专柜正品,99.0,13777,1882,美宝莲,1363923.0,0.13660448573709807,50-100元,1,口红,138.04901960784315,中端品牌
2025-11-14,A44274260607,美宝莲巨遮瑕巨水BB霜 持久滋润补水保湿裸妆粉底液隔离霜正品,119.0,102395,10734,美宝莲,12185005.0,0.10482933736998877,100-200元,1,粉底,138.04901960784315,中端品牌
2025-11-14,A44933014185,新品美宝莲好气色轻唇膏咬唇妆 口红 唇膏 持久保湿 一抹三色咬唇,99.0,220881,17651,美宝莲,21867219.0,0.0799118077154667,50-100元,1,口红,138.04901960784315,中端品牌
2025-11-14,A520684891932,新品 美宝莲纽约裸色风暴眼影盘 十二色眼影盘 易上手不晕染,169.0,17861,1941,美宝莲,3018509.0,0.10867252673422541,100-200元,1,眼影,138.04901960784315,中端品牌
2025-11-14,A521225294769,美宝莲气垫bb霜 巨遮瑕 轻薄裸妆滋润持久保湿隔离遮瑕控油,169.0,146287,19021,美宝莲,24722503.0,0.13002522438767627,100-200元,1,隔离霜,138.04901960784315,中端品牌
2025-11-14,A521668425574,美宝莲巨遮瑕气垫BB霜替换装 滋润保湿 控油遮瑕强 正品,119.0,3448,535,美宝莲,410312.0,0.15516241299303946,100-200元,0,其他,138.04901960784315,中端品牌
2025-11-14,A521998947975,新品首发 美宝莲立体塑型三色高鼻眉粉 阴影 持久易上妆 专柜正品,99.0,27268,5056,美宝莲,2699532.0,0.18541880592636056,50-100元,1,其他,138.04901960784315,中端品牌
2025-11-14,A522151647814,美宝莲 巨水巨润BB霜持久保湿 滋润自然  店长强力推荐,109.0,26270,371,美宝莲,2863430.0,0.014122573277502855,100-200元,1,其他,138.04901960784315,中端品牌
2025-11-14,A522216701164,美宝莲眼唇卸妆油 眼部唇部卸妆液 温和补水深层清洁150ml*2套组,118.0,161841,27992,美宝莲,19097238.0,0.17295988037641882,100-200元,1,卸妆,138.04901960784315,中端品牌
2025-11-14,A522647007234,新品上市 美宝莲绝色持久丝绒雾感唇釉 唇彩 唇膏 口红 滋润持久,109.0,9776,1350,美宝莲,1065584.0,0.13809328968903437,100-200元,0,口红,138.04901960784315,中端品牌
2025-11-14,A525040315257,新品 美宝莲梦幻光透气垫粉底凝霜 气垫BB 遮瑕提亮 隔离保湿,189.0,3963,545,美宝莲,749007.0,0.13752207923290435,100-200元,0,粉底,138.04901960784315,中端品牌
2025-11-14,A526458268742,新品美宝莲绝色深邃眼影盘 易上手 防晕染 多色大眼妆 裸妆 正品,149.0,2026,414,美宝莲,301874.0,0.20434353405725567,100-200元,0,眼影,138.04901960784315,中端品牌
2025-11-14,A527736460514,新品美宝莲纽约粉裸诱惑眼影盘 十二色眼影盘 易上手不晕染,169.0,16023,4160,美宝莲,2707887.0,0.2596267864944143,100-200元,1,眼影,138.04901960784315,中端品牌
2025-11-14,A529403182491,美宝莲好气色Angelababy唇露 滋润保湿 持久显色 唇彩唇膏Z,89.0,36135,9515,美宝莲,3216015.0,0.2633181126331811,50-100元,1,其他,138.04901960784315,中端品牌
2025-11-14,A531927803098,美宝莲光影修容棒 V脸粉高光提亮鼻梁阴影 双头设计专业打造小脸,129.0,22911,6230,美宝莲,2955519.0,0.27192178429575314,100-200元,1,其他,138.04901960784315,中端品牌
2025-11-14,A532017085784,Maybelline/美宝莲好气色水润唇部套装 滋润保湿持久显色唇露唇膏,149.0,1425,683,美宝莲,212325.0,0.4792982456140351,100-200元,0,其他,138.04901960784315,中端品牌
2025-11-14,A533322292214,新品美宝莲巨遮瑕雾感轻垫气垫 雾感美肌 水润清爽,179.0,4119,826,美宝莲,737301.0,0.2005341102209274,100-200元,0,其他,138.04901960784315,中端品牌
2025-11-14,A534314678636,Maybelline/美宝莲新品净澈多效卸妆水 清爽 卸妆 补水 舒缓,59.0,21376,6045,美宝莲,1261184.0,0.2827937874251497,50-100元,1,卸妆,138.04901960784315,中端品牌
2025-11-14,A535044296232,新品美宝莲 光影修容棒 V脸魔粉 高光 阴影双层设计,149.0,1646,426,美宝莲,245254.0,0.25880923450789795,100-200元,0,其他,138.04901960784315,中端品牌
2025-11-14,A535963096455,Maybelline/美宝莲净澈多效卸妆水清爽型 舒缓 深层清洁,59.0,6398,1747,美宝莲,377482.0,0.27305407939981247,50-100元,0,卸妆,138.04901960784315,中端品牌
2025-11-14,A538043767299,美宝莲睛艳绽放睫毛膏浓密纤长卷翘新品防晕染,109.0,2049,24,美宝莲,223341.0,0.01171303074670571,100-200元,0,睫毛膏,138.04901960784315,中端品牌
2025-11-14,A538047579701,Maybelline/美宝莲专柜新品 绝色持久染唇液滋润保湿唇膏唇彩唇露,109.0,2248,462,美宝莲,245032.0,0.20551601423487545,100-200元,0,其他,138.04901960784315,中端品牌
2025-11-14,A538579304581,美宝莲 纽约心动电光防水眼线液持久防晕染深滋养易上色 新品上市,99.0,52,7,美宝莲,5148.0,0.1346153846153846,50-100元,0,其他,138.04901960784315,中端品牌
2025-11-14,A538732357530,美宝莲 巨遮瑕空气气垫BB霜 防水易画眼线笔 双头塑型眉笔套装,357.0,255,5,美宝莲,91035.0,0.0196078431372549,200-500元,0,其他,138.04901960784315,中端品牌
2025-11-14,A538834267757,美宝莲 紫胖子密扇睫毛膏双头塑型眉笔套装防水纤长浓密不晕染,198.0,208,17,美宝莲,41184.0,0.08173076923076923,100-200元,0,睫毛膏,138.04901960784315,中端品牌
2025-11-14,A539726354629,美宝莲纽约女神限量版防水极细眼线笔 咬唇膏 绽放绽放睫毛膏套装,556.0,407,1,美宝莲,226292.0,0.002457002457002457,500-1000元,0,睫毛膏,138.04901960784315,中端品牌
2025-11-14,A539733427789,新品上市 美宝莲轻松画纹身眼线液笔双头双效极细顺滑不晕染,99.0,1919,219,美宝莲,189981.0,0.11412193850964043,50-100元,0,其他,138.04901960784315,中端品牌
2025-11-14,A539784704929,美宝莲芭比大眼睫毛膏双头纤长浓密卷翘防水持久不晕染,129.0,1610,26,美宝莲,207690.0,0.016149068322981366,100-200元,0,睫毛膏,138.04901960784315,中端品牌
2025-11-14,A540728658582,美宝莲 新人专享超值套装 好气色亲唇膏 巨遮瑕新颜霜 极细眼线笔,540.0,636,1,美宝莲,343440.0,0.0015723270440251573,500-1000元,0,其他,138.04901960784315,中端品牌
2025-11-11,A12458714193,美宝莲 精致细白柔肤水120ml 爽肤水  保湿 补水,71.0,21285,655,美宝莲,1511235.0,0.0307728447263331,50-100元,1,爽肤水,138.04901960784315,中端品牌
2025-11-11,A12542703402,美宝莲 醒润修纹眼霜 去眼袋干纹去黑眼圈 15ml 专柜正品,98.0,5592,323,美宝莲,548016.0,0.05776108726752503,50-100元,0,眼霜,138.04901960784315,中端品牌
2025-11-11,A15069363015,美宝莲 睛采造型眉粉 告别染眉膏 防水防汗 不晕染不脱妆,53.0,54200,3942,美宝莲,2872600.0,0.07273062730627307,50-100元,1,其他,138.04901960784315,中端品牌
2025-11-11,A17475779778,美宝莲 奇妙净颜盈润卸妆油120ml 深层卸妆 水盈保湿 专柜正品,87.0,3977,331,美宝莲,345999.0,0.08322856424440533,50-100元,0,卸妆,138.04901960784315,中端品牌
2025-11-11,A17475931620,美宝莲 奇妙净颜净彻深层卸妆油 卸妆液 深层清洁毛孔 专柜正品,87.0,10934,897,美宝莲,951258.0,0.08203768062922992,50-100元,1,卸妆,138.04901960784315,中端品牌
2025-11-11,A20419968448,美宝莲 奇妙净颜焕亮卸妆油120ml  提亮肤色 专柜正品,89.0,8221,497,美宝莲,731669.0,0.060454932489964724,50-100元,0,卸妆,138.04901960784315,中端品牌
2025-11-11,A20831764678,美宝莲 奇妙净颜盈润洁面膏100ml 保湿 控油 滋润,44.0,7128,637,美宝莲,313632.0,0.0893658810325477,0-50元,0,洁面,138.04901960784315,中端品牌
2025-11-11,A24257216628,美宝莲 色秀指甲油 糖果色 专业彩妆美甲 专柜正品,26.0,112719,1466,美宝莲,2930694.0,0.013005793167079198,0-50元,1,其他,138.04901960784315,中端品牌
2025-11-11,A25255424287,美宝莲 莹透亲颜亮彩腮红彩妆胭脂 贴合 自然红润 官方正品,52.0,24587,2424,美宝莲,1278524.0,0.09858868507747996,50-100元,1,其他,138.04901960784315,中端品牌
2025-11-11,A520637984093,新品 美宝莲梦幻娃娃眼线液 零晕染 浓郁持久 不晕染 眼线 正品,89.0,5982,528,美宝莲,532398.0,0.08826479438314945,50-100元,0,其他,138.04901960784315,中端品牌
2025-11-11,A522201399645,【11-11】美宝莲 极细易画眼线笔 Anglebaby签名限量版,89.0,10783,253,美宝莲,959687.0,0.023462858202726512,50-100元,1,其他,138.04901960784315,中端品牌
2025-11-11,A538126090630,【11-11】美宝莲V脸修容魔棒 高光两用 TV两步秒变小脸,115.0,11022,377,美宝莲,1267530.0,0.03420431863545636,100-200元,1,其他,138.04901960784315,中端品牌
2025-11-11,A538211100955,【11-11】美宝莲睛艳绽放睫毛膏 Angelababy签名限量版,98.0,3164,108,美宝莲,310072.0,0.03413400758533502,50-100元,0,睫毛膏,138.04901960784315,中端品牌
2025-11-11,A539056502644,【11-11】美宝莲 双头眉笔+小金笔 眼部妆容性价比之选,267.0,1202,15,美宝莲,320934.0,0.012479201331114808,200-500元,0,其他,138.04901960784315,中端品牌
2025-11-11,A540138323496,美宝莲纽约女神限量版防水极细眼线笔 咬唇膏 绽放绽放睫毛膏套装,357.0,22,0,美宝莲,7854.0,0.0,200-500元,0,睫毛膏,138.04901960784315,中端品牌
2025-11-11,A540139054319,美宝莲 好气色轻唇膏 3支装 持久滋润保湿补水口红不易褪色不干,189.0,212,0,美宝莲,40068.0,0.0,100-200元,0,口红,138.04901960784315,中端品牌
2025-11-11,A540139726734,美宝莲 好气色轻唇膏一支+绒情哑光唇膏 魅力女人经典彩妆套装,149.0,253,0,美宝莲,37697.0,0.0,100-200元,0,其他,138.04901960784315,中端品牌
2025-11-10,A12459717064,美宝莲 精致细白无瑕乳液清润型 保湿 补水 滋润清爽正品,109.0,5620,368,美宝莲,612580.0,0.06548042704626335,100-200元,0,乳液,138.04901960784315,中端品牌
2025-11-10,A12459730213,美宝莲 透净瞬洁净妆乳 120ml  卸妆乳 卸妆液卸妆无残留专柜正品,69.0,28819,777,美宝莲,1988511.0,0.026961379645372846,50-100元,1,卸妆,138.04901960784315,中端品牌
2025-11-10,A12460337412,美宝莲 醒润激泽水精华霜50ml 补水 持久保湿 面霜,99.0,10232,307,美宝莲,1012968.0,0.03000390930414386,50-100元,1,面霜,138.04901960784315,中端品牌
2025-11-10,A12544615139,美宝莲宝蓓护唇膏 宝贝护唇膏 润唇膏 唇彩口红保湿 滋润,24.0,83022,3934,美宝莲,1992528.0,0.04738503047385031,0-50元,1,口红,138.04901960784315,中端品牌
2025-11-10,A15655086035,美宝莲 宝蓓爱炫彩护唇膏 润唇膏 波普风 保湿滋润 显色丰润,29.0,152130,10849,美宝莲,4411770.0,0.07131400775652402,0-50元,1,其他,138.04901960784315,中端品牌
2025-11-10,A35389134563,【11-11抢先预售】美宝莲巨水巨润BB霜 裸妆遮瑕强 店长强力推荐,95.0,7647,2459,美宝莲,726465.0,0.32156401203086177,50-100元,0,其他,138.04901960784315,中端品牌
2025-11-10,A42882576519,【11-11抢先预售】美宝莲梦幻丝柔呼吸粉底液 轻盈透气滋润不油腻,119.0,2555,1,美宝莲,304045.0,0.0003913894324853229,100-200元,0,粉底,138.04901960784315,中端品牌
2025-11-10,A43468306903,【11-11抢先预售】美宝莲紫胖子密扇睫毛膏 浓密卷翘持久不晕染,98.0,5707,108,美宝莲,559286.0,0.018924128263536007,50-100元,0,睫毛膏,138.04901960784315,中端品牌
2025-11-10,A520403348376,【11-11抢先预售】美宝莲芭比定制大眼睫毛膏 加长防晕持久卷翘,107.0,40913,4245,美宝莲,4377691.0,0.103756752132574,100-200元,1,睫毛膏,138.04901960784315,中端品牌
2025-11-10,A521667553993,【11-11抢先预售】美宝莲巨遮瑕气垫BB霜 轻薄滋润补水打造裸妆肌,152.0,39371,737,美宝莲,5984392.0,0.018719361966929974,100-200元,1,其他,138.04901960784315,中端品牌
2025-11-10,A522616703238,【11-11抢先预售】美宝莲彩妆套装 巨遮瑕BB好气色轻唇膏眼线笔,269.0,8692,920,美宝莲,2338148.0,0.1058444546709618,200-500元,0,其他,138.04901960784315,中端品牌
2025-11-10,A523229896446,美宝莲好气色轻唇膏 口红 唇膏 唇彩 持久滋润 保湿唇膏 正品,79.0,22,0,美宝莲,1738.0,0.0,50-100元,0,口红,138.04901960784315,中端品牌
2025-11-10,A525194007504,【11-11抢先预售】美宝莲绝色哑光唇膏 超模御用色泽饱满不脱妆,97.0,21637,735,美宝莲,2098789.0,0.03396958912973148,50-100元,1,其他,138.04901960784315,中端品牌
2025-11-10,A531880087998,美宝莲青春裸妆套装 BB霜+咬唇膏套装 套装更划算更有礼品相赠,192.0,571,246,美宝莲,109632.0,0.4308231173380035,100-200元,0,其他,138.04901960784315,中端品牌
2025-11-10,A532568717105,【11-11抢先预售】美宝莲巨遮瑕BB霜 巨遮瑕强 十年经典 镇店BB,107.0,13731,214,美宝莲,1469217.0,0.015585172238001602,100-200元,1,其他,138.04901960784315,中端品牌
2025-11-10,A537941665386,美宝莲 绒情亚光口红 好气色轻唇膏持久滋润保湿唇膏唇部套装,198.0,102,43,美宝莲,20196.0,0.4215686274509804,100-200元,0,口红,138.04901960784315,中端品牌
2025-11-10,A538610063493,【11-11抢先预售】美宝莲好气色唇部 秋冬经典唇部套装 唇膏+唇蜜,151.0,1387,8,美宝莲,209437.0,0.005767844268204758,100-200元,0,其他,138.04901960784315,中端品牌
2025-11-10,A538677969494,美宝莲 好气色潮色双搭轻垫霜提亮肌肤白皙气垫CC霜凸显好气色,179.0,182,71,美宝莲,32578.0,0.3901098901098901,100-200元,0,其他,138.04901960784315,中端品牌
2025-11-10,A538767528899,美宝莲极细防水易画眼线笔塑型眉笔眉粉套装防水易画持久,287.0,4,1,美宝莲,1148.0,0.25,200-500元,0,其他,138.04901960784315,中端品牌
2025-11-10,A538767744879,【11-11抢先预售】美宝莲眼部彩妆套装 眼线笔+双头眉笔+卸妆水,189.0,269,1,美宝莲,50841.0,0.0037174721189591076,100-200元,0,卸妆,138.04901960784315,中端品牌
2025-11-10,A538787334251,美宝莲 轻松画三角眉笔防水防汗防晕染粗细随心 新品上市,79.0,677,224,美宝莲,53483.0,0.3308714918759232,50-100元,0,其他,138.04901960784315,中端品牌
2025-11-10,A538986931944,【11-11抢先预售】美宝莲 Angelababy限量版套装 买即赠女神礼包,297.0,1517,0,美宝莲,450549.0,0.0,200-500元,0,其他,138.04901960784315,中端品牌
2025-11-10,A539069418319,【11-11抢先预售】美宝莲好气色轻唇膏咬唇妆 Angelababy签名版,89.0,9066,291,美宝莲,806874.0,0.03209794837855725,50-100元,0,其他,138.04901960784315,中端品牌
2025-11-10,A539331422453,【11-11抢先预售】美宝莲热销眼唇卸妆液 可适用全脸 150ml*2瓶装,105.0,78393,156,美宝莲,8231265.0,0.001989973594581149,100-200元,1,卸妆,138.04901960784315,中端品牌
2025-11-10,A539859422567,【11-11抢先预售】美宝莲好气色轻唇膏2支组合装 秋冬首选润唇膏,135.0,1042,0,美宝莲,140670.0,0.0,100-200元,0,其他,138.04901960784315,中端品牌
2025-11-10,A539859635345,【11-11抢先预售】美宝莲眼线套装 小金笔+纹身眼线笔 张大奕同款,179.0,321,0,美宝莲,57459.0,0.0,100-200元,0,其他,138.04901960784315,中端品牌
2025-11-10,A539971631983,【11-11抢先预售】美宝莲经典立体塑型三色高鼻眉粉 彩妆达人力推,89.0,2595,4,美宝莲,230955.0,0.0015414258188824663,50-100元,0,其他,138.04901960784315,中端品牌
2025-11-10,A539972128095,【11-11抢先预售】美宝莲粉裸十二色眼影盘 百搭妆容一盘搞定,152.0,3726,4,美宝莲,566352.0,0.0010735373054213634,100-200元,0,眼影,138.04901960784315,中端品牌
2025-11-10,A539972243023,【11-11抢先预售】美宝莲睛采魅影眼线膏  防水防汗持久不晕染,80.0,3082,4,美宝莲,246560.0,0.0012978585334198572,50-100元,0,其他,138.04901960784315,中端品牌
2025-11-10,A539972863529,【11-11抢先预售】美宝莲宝蓓粉嫩光采蜜乳粉 滋润隔离霜提亮贴合,80.0,4769,7,美宝莲,381520.0,0.0014678129586915495,50-100元,0,隔离霜,138.04901960784315,中端品牌
2025-11-10,A541433976569,美宝莲气垫bb霜 巨遮瑕 轻薄裸妆 滋润持久 保湿隔离控油,169.0,2,0,美宝莲,338.0,0.0,100-200元,0,隔离霜,138.04901960784315,中端品牌
2025-11-09,A540611703130,美宝莲 脸部眼部及唇部卸妆油卸妆水温和清爽深层清洁70ml,29.0,904,287,美宝莲,26216.0,0.3174778761061947,0-50元,0,卸妆,138.04901960784315,中端品牌
2025-11-07,A540139826291,美宝莲 两支装轻唇膏 两支装咬唇膏 一抹好气色 秋冬经典套装,999.0,0,0,美宝莲,0.0,0.0,500-1000元,0,其他,138.04901960784315,中端品牌
2025-11-14,A15655650680,兰芝缤纷浆果酸奶磨砂ㄠ120ml 保湿除角质,210.0,2394,141,兰芝,502740.0,0.05889724310776942,200-500元,0,其他,361.541935483871,高端品牌
2025-11-14,A15657673602,兰芝夜间修护睡眠面膜70ml 补水保湿免洗 官方正品,195.0,149507,11127,兰芝,29153865.0,0.07442460888118951,100-200元,1,面膜,361.541935483871,高端品牌
2025-11-14,A16116054897,兰芝臻白净透水乳 套装 美白补水保湿控油护肤品,485.0,27797,2701,兰芝,13481545.0,0.09716875921862071,200-500元,1,其他,361.541935483871,高端品牌
2025-11-14,A16252690986,Laneige/兰芝水漾粉底液35ml 防晒控油 亮肤遮瑕无油 自然裸妆,290.0,2292,145,兰芝,664680.0,0.06326352530541013,200-500元,0,防晒,361.541935483871,高端品牌
2025-11-14,A16855975040,兰芝水衡清盈保湿乳 120ml 全新升级 补水保湿,225.0,10705,444,兰芝,2408625.0,0.04147594581971042,200-500元,1,其他,361.541935483871,高端品牌
2025-11-14,A16960059061,兰芝致美紧颜保湿液 100ml 滋润补水保湿 水油平衡 紧致肌肤 正品,330.0,2523,120,兰芝,832590.0,0.04756242568370987,200-500元,0,其他,361.541935483871,高端品牌
2025-11-14,A17076706068,兰芝新品致美紧颜水乳 礼盒 紧致肌肤 补水保湿,640.0,9738,524,兰芝,6232320.0,0.053809817210926265,500-1000元,0,其他,361.541935483871,高端品牌
2025-11-14,A17629179037,兰芝致美紧颜细肤水120ml 保湿补水 淡化细纹 紧致肌肤爽肤水正品,310.0,4682,250,兰芝,1451420.0,0.05339598462195643,200-500元,0,爽肤水,361.541935483871,高端品牌
2025-11-14,A18162714203,兰芝男士舒润爽肤水150ml  补水保湿控油,205.0,3332,204,兰芝,683060.0,0.061224489795918366,200-500元,0,爽肤水,361.541935483871,高端品牌
2025-11-14,A18680543208,兰芝臻白净透修护精华露40ml  美白补水保湿精华乳,405.0,6271,333,兰芝,2539755.0,0.053101578695582845,200-500元,0,精华,361.541935483871,高端品牌
2025-11-14,A19092143987,【产品更新】兰芝臻白净透细肤水120ml爽肤美白保湿护肤 缓解暗黄,230.0,7436,489,兰芝,1710280.0,0.06576116191500807,200-500元,0,其他,361.541935483871,高端品牌
2025-11-14,A19113753459,Laneige/兰芝旋密丰盈睫毛膏9g 立体纤长卷翘 持久 防晕染,190.0,451,36,兰芝,85690.0,0.07982261640798226,100-200元,0,睫毛膏,361.541935483871,高端品牌
2025-11-14,A19256518083,Laneige/兰芝水漾隔离乳35ml 防晒控油提亮肤色 遮瑕妆前乳隔离霜,290.0,3322,349,兰芝,963380.0,0.10505719446116797,200-500元,0,防晒,361.541935483871,高端品牌
2025-11-14,A19342664610,兰芝雪纱丝柔防晒隔离霜 30ml 保湿提亮肤色,245.0,135646,15408,兰芝,33233270.0,0.1135897851761202,200-500元,1,防晒,361.541935483871,高端品牌
2025-11-14,A19344916740,【产品升级】兰芝净透丝柔散粉20g 定妆补妆 遮细纹保湿提亮,290.0,2772,194,兰芝,803880.0,0.06998556998556998,200-500元,0,其他,361.541935483871,高端品牌
2025-11-14,A19362620704,兰芝新水酷特润精华露60ml 补水保湿 滋润 有效锁水 官方正品,295.0,36188,2260,兰芝,10675460.0,0.06245164142809771,200-500元,1,精华,361.541935483871,高端品牌
2025-11-14,A19616880487,兰芝多效净肤洁颜膏180ml  补水保湿 洗面奶女深层清洁毛孔,205.0,40298,4072,兰芝,8261090.0,0.10104719837212765,200-500元,1,其他,361.541935483871,高端品牌
2025-11-14,A20603676814,兰芝水衡透润保湿乳液 120ml 深层清洁 补水保湿滋润 官方直售,225.0,12463,485,兰芝,2804175.0,0.038915188959319585,200-500元,1,乳液,361.541935483871,高端品牌
2025-11-14,A21392103606,Laneige/兰芝丝润盈彩唇膏3.5g 滋润保湿 炫丽色彩 口红正品,195.0,3177,13,兰芝,619515.0,0.004091910607491344,100-200元,0,口红,361.541935483871,高端品牌
2025-11-14,A21606899202,兰芝黑头净溶ㄠ20ml 深层清洁控油 溶解黑头,195.0,4927,261,兰芝,960765.0,0.05297341181246194,100-200元,0,其他,361.541935483871,高端品牌
2025-11-14,A21841092636,兰芝水衡透润精华水200ml 补水保湿  收缩毛孔 官方正品,205.0,27167,1122,兰芝,5569235.0,0.04130010674715648,200-500元,1,精华,361.541935483871,高端品牌
2025-11-14,A22565888316,兰芝气垫BB霜（美白）赠替换芯 遮瑕保湿 买1享8,325.0,140358,9677,兰芝,45616350.0,0.06894512603485373,200-500元,1,其他,361.541935483871,高端品牌
2025-11-14,A23923452145,兰芝水酷润颜矿物喷雾60ml 双重滋润 保湿补水爽肤水 正品,120.0,2927,174,兰芝,351240.0,0.05944653228561667,100-200元,0,爽肤水,361.541935483871,高端品牌
2025-11-14,A24541048523,兰芝男士舒润洁面膏150ml 补水保湿控油清爽 泡沫洗面奶,145.0,8942,856,兰芝,1296590.0,0.09572802505032431,100-200元,0,洁面,361.541935483871,高端品牌
2025-11-14,A27351536320,兰芝扁柏舒润局部修护ㄠ20ml 调理粉刺痘印 舒缓痤疮肌肤 控油,210.0,372,29,兰芝,78120.0,0.07795698924731183,200-500元,0,其他,361.541935483871,高端品牌
2025-11-14,A27556028383,Laneige/兰芝扁柏舒润修护霜50ml 补水保湿 平衡水油 调理面霜,275.0,291,26,兰芝,80025.0,0.08934707903780069,200-500元,0,面霜,361.541935483871,高端品牌
2025-11-14,A37076016598,兰芝水衡清盈精华水 200ml 补水保湿 水油平衡 全新升级,205.0,15144,1050,兰芝,3104520.0,0.06933438985736926,200-500元,1,精华,361.541935483871,高端品牌
2025-11-14,A37636735656,兰芝致美紧颜眼霜20ml  紧致轮廓 舒缓干燥 改善皱纹女,390.0,11554,613,兰芝,4506060.0,0.05305521897178466,200-500元,1,眼霜,361.541935483871,高端品牌
2025-11-14,A37637194605,兰芝水衡致润保湿乳120ML 补水滋养长效保湿 亮肤控油 女 护肤,235.0,2072,60,兰芝,486920.0,0.02895752895752896,200-500元,0,其他,361.541935483871,高端品牌
2025-11-14,A38053046999,兰芝自然舒润防晒霜50ml SPF30/PA++ 清爽保湿全身女夏 官方直售,195.0,3216,76,兰芝,627120.0,0.0236318407960199,100-200元,0,防晒,361.541935483871,高端品牌
2025-11-14,A38054294281,兰芝臻白清润眼霜15ml 淡化细纹眼圈眼袋 补水保湿紧致眼部肌肤,325.0,2316,248,兰芝,752700.0,0.1070811744386874,200-500元,0,眼霜,361.541935483871,高端品牌
2025-11-14,A38207287820,兰芝臻白晶焕修颜乳霜50ml  亮白防晒霜 水润 提亮肤色 正品,245.0,1185,88,兰芝,290325.0,0.07426160337552742,200-500元,0,防晒,361.541935483871,高端品牌
2025-11-14,A38507063003,兰芝水清滢防晒霜 SPF35/PA++ 无油清爽  全身夏季50ml,185.0,5408,770,兰芝,1000480.0,0.14238165680473372,100-200元,0,防晒,361.541935483871,高端品牌
2025-11-14,A39172356245,Laneige/兰芝扁柏舒润调理水200ml 清爽清洁 细致毛孔 紧致肌肤,205.0,408,38,兰芝,83640.0,0.09313725490196079,200-500元,0,其他,361.541935483871,高端品牌
2025-11-14,A39536443687,兰芝净透毛孔洁颜油250ml 深层清洁脸部毛孔,275.0,4055,497,兰芝,1115125.0,0.12256473489519112,200-500元,0,其他,361.541935483871,高端品牌
2025-11-14,A39951519274,兰芝琉晶润彩唇膏3.5g LED口红 持久滋润 防水唇膏,195.0,9208,471,兰芝,1795560.0,0.0511511728931364,100-200元,0,口红,361.541935483871,高端品牌
2025-11-14,A39955135116,兰芝晶彩四色眼影盘6g 大眼睛裸妆彩妆 保湿易上色 官方直售正品,245.0,1144,116,兰芝,280280.0,0.10139860139860139,200-500元,0,眼影,361.541935483871,高端品牌
2025-11-14,A39955883818,Laneige/兰芝晶彩腮红4g 立体妆容胭脂彩妆 修饰轮廓提升气色,225.0,1266,87,兰芝,284850.0,0.06872037914691943,200-500元,0,其他,361.541935483871,高端品牌
2025-11-14,A40501088193,兰芝扁柏舒润面部护理水乳套装 水油平衡 保湿补水 官方直售,480.0,225,22,兰芝,108000.0,0.09777777777777778,200-500元,0,其他,361.541935483871,高端品牌
2025-11-14,A42125615784,Laneige/兰芝新水酷双重膜力保湿面膜 长效补水滋润保湿 28g*5片,205.0,1854,133,兰芝,380070.0,0.07173678532901834,200-500元,0,面膜,361.541935483871,高端品牌
2025-11-14,A42172009287,兰芝水基多效修饰乳40ml 保湿遮瑕提亮肤色 防晒CC霜女 官方直售,280.0,1146,92,兰芝,320880.0,0.08027923211169284,200-500元,0,防晒,361.541935483871,高端品牌
2025-11-14,A43806925320,兰芝水润绚彩染唇釉6g 水滴唇彩口红保湿滋润持久,165.0,11617,1591,兰芝,1916805.0,0.1369544632865628,100-200元,1,口红,361.541935483871,高端品牌
2025-11-14,A44020144095,兰芝净透温和洁颜泡沫150ml 保湿清洁亮肤 洗面奶,195.0,2439,272,兰芝,475605.0,0.11152111521115211,100-200元,0,其他,361.541935483871,高端品牌
2025-11-14,A44144728443,Laneige/兰芝舒柔随行蜜粉 控油 有效定妆提亮肤色 散粉高光,280.0,1632,170,兰芝,456960.0,0.10416666666666667,200-500元,0,蜜粉,361.541935483871,高端品牌
2025-11-14,A44284124881,【产品更新】兰芝臻白净透保湿乳液100ml 美白保湿补水 提亮肤色,255.0,2720,373,兰芝,693600.0,0.13713235294117648,200-500元,0,乳液,361.541935483871,高端品牌
2025-11-14,A45513761373,兰芝气垫bb霜（修颜） 赠替换芯 隐匿细纹光感遮瑕,345.0,3291,500,兰芝,1135395.0,0.15192950470981464,200-500元,0,其他,361.541935483871,高端品牌
2025-11-14,A521181542916,Laneige/兰芝持久眼线液 易上色 浓密防水不晕染 官方直售 正品,165.0,323,33,兰芝,53295.0,0.1021671826625387,100-200元,0,其他,361.541935483871,高端品牌
2025-11-14,A526172108331,兰芝致美紧颜修护精华液 40ml  清澈滋润 焕活肌肤,435.0,1191,229,兰芝,518085.0,0.19227539882451722,200-500元,0,精华,361.541935483871,高端品牌
2025-11-14,A528332021468,兰芝气垫BB霜（美白) 赠替换芯 遮瑕保湿裸妆隔离,325.0,2351,321,兰芝,764075.0,0.13653764355593365,200-500元,0,隔离霜,361.541935483871,高端品牌
2025-11-14,A531212190090,兰芝雪纱丝柔防晒隔离霜30ml 保湿隔离 提亮肤色,245.0,1002,64,兰芝,245490.0,0.06387225548902195,200-500元,0,防晒,361.541935483871,高端品牌
2025-11-14,A532043812730,【兰芝】净透毛孔洁颜油250ml 深层清洁脸部毛孔 眼唇卸妆油,275.0,60,32,兰芝,16500.0,0.5333333333333333,200-500元,0,卸妆,361.541935483871,高端品牌
2025-11-14,A533073310252,兰芝气垫BB霜（美白)+护手霜礼盒+施华蔻8金纯莹润精油洗护套装,470.0,131,64,兰芝,61570.0,0.48854961832061067,200-500元,0,其他,361.541935483871,高端品牌
2025-11-14,A533583867049,兰芝水衡水乳护肤礼盒  买1享9 赠韩国限量充气枕,430.0,6895,431,兰芝,2964850.0,0.06250906453952139,200-500元,0,其他,361.541935483871,高端品牌
2025-11-14,A534159641515,兰芝水衡舒颜保湿乳液120ml 补水滋润长效保湿舒缓 护肤 官方直售,225.0,325,100,兰芝,73125.0,0.3076923076923077,200-500元,0,乳液,361.541935483871,高端品牌
2025-11-14,A536301466676,【全新上市】兰芝漆光溢彩唇部ㄠ 唇蜜口红保湿滋润,185.0,387,146,兰芝,71595.0,0.3772609819121447,100-200元,0,口红,361.541935483871,高端品牌
2025-11-14,A536783842352,兰芝限量版猫头鹰气垫BB霜 赠替换芯 遮瑕 亮白无瑕,325.0,3614,1387,兰芝,1174550.0,0.3837852794687327,200-500元,0,其他,361.541935483871,高端品牌
2025-11-14,A538167073426,【返利】兰芝臻白清润5件套 美白保湿,50.0,820,349,兰芝,41000.0,0.42560975609756097,0-50元,0,其他,361.541935483871,高端品牌
2025-11-14,A540000709042,【11.11专享】兰芝多效净肤洁颜膏180ml  洗面奶深层清洁毛孔 补,205.0,1667,5,兰芝,341735.0,0.002999400119976005,200-500元,0,其他,361.541935483871,高端品牌
2025-11-14,A540032500522,兰芝水衡水乳 洁面 3件套礼盒面部护理 礼遇价值521,519.0,1933,4,兰芝,1003227.0,0.0020693222969477496,500-1000元,0,洁面,361.541935483871,高端品牌
2025-11-14,A540033793992,兰芝水衡透润精华水200ml 补水保湿 爽肤水 收缩毛孔,205.0,613,39,兰芝,125665.0,0.0636215334420881,200-500元,0,精华,361.541935483871,高端品牌
2025-11-14,A540066488902,兰芝水衡水乳面膜 3件套 礼盒 补水保湿 水油平衡,625.0,531,4,兰芝,331875.0,0.007532956685499058,500-1000元,0,面膜,361.541935483871,高端品牌
2025-11-14,A540068494465,兰芝新水酷特润精华露 60ml+特润霜50ml 礼盒  补水保湿,565.0,554,1,兰芝,313010.0,0.0018050541516245488,500-1000元,0,精华,361.541935483871,高端品牌
2025-11-14,A540463152836,兰芝官方双色立体唇膏 宋慧乔同款 渐变咬唇 撞色,185.0,1909,11,兰芝,353165.0,0.005762179151388162,100-200元,0,其他,361.541935483871,高端品牌
2025-11-14,A540860158496,兰芝致宠凝时夜间修护紧致面膜 60ml  保湿紧致 改善细纹,300.0,64,0,兰芝,19200.0,0.0,200-500元,0,面膜,361.541935483871,高端品牌
2025-11-14,A541112823938,兰芝水衡水乳化妆品护肤套装 补水保湿 滋润,430.0,54,0,兰芝,23220.0,0.0,200-500元,0,其他,361.541935483871,高端品牌
2025-11-14,A541457628369,【返利】兰芝致美焕颜5件套 补水保湿 秋冬补水套装,50.0,719,0,兰芝,35950.0,0.0,0-50元,0,其他,361.541935483871,高端品牌
2025-11-12,A20850375961,兰芝新水酷特润乳霜 滋润保湿补水面霜 官方直售,270.0,17654,1256,兰芝,4766580.0,0.07114534949586496,200-500元,1,面霜,361.541935483871,高端品牌
2025-11-11,A15654686967,【11.11专享】兰芝滋润保湿洁颜膏180ml   洗面奶女 深层清洁补水,195.0,18017,1257,兰芝,3513315.0,0.06976744186046512,100-200元,1,其他,361.541935483871,高端品牌
2025-11-11,A18979967155,兰芝水衡舒颜精华水 200ml 补水保湿 调理敏感肌肤,205.0,3881,217,兰芝,795605.0,0.055913424375161044,200-500元,0,精华,361.541935483871,高端品牌
2025-11-11,A19113725784,【11.11特供】兰芝纤长分明睫毛膏7g 浓密纤长防水卷翘 不晕染,190.0,444,48,兰芝,84360.0,0.10810810810810811,100-200元,0,睫毛膏,361.541935483871,高端品牌
2025-11-11,A19718764193,兰芝水衡水乳化妆品护肤套装 补水保湿 滋润 全新上市,430.0,110349,6786,兰芝,47450070.0,0.06149579969007422,200-500元,1,其他,361.541935483871,高端品牌
2025-11-11,A20605048922,【11-11特供】兰芝致美紧颜修护霜50ml 淡化细纹 提拉紧致补水,425.0,2206,157,兰芝,937550.0,0.07116953762466002,200-500元,0,其他,361.541935483871,高端品牌
2025-11-11,A24541424415,兰芝男士舒润均衡保湿乳125ml  舒缓润泽 清爽控油 保湿 升级上市,215.0,4638,222,兰芝,997170.0,0.047865459249676584,200-500元,0,其他,361.541935483871,高端品牌
2025-11-11,A37487749930,Laneige/兰芝致宠凝时精华露40ml 收缩毛孔补水保湿 紧致肌肤,560.0,464,17,兰芝,259840.0,0.036637931034482756,500-1000元,0,精华,361.541935483871,高端品牌
2025-11-11,A41873909143,【11.11专享】兰芝新水酷特润明眸ㄠ25ml 淡化眼圈暗沉  眼霜,270.0,12264,1075,兰芝,3311280.0,0.08765492498369211,200-500元,1,眼霜,361.541935483871,高端品牌
2025-11-11,A42252021249,兰芝致宠凝时菁颜修护霜50ml 滋润补水 保湿紧致 改善细纹 面霜,520.0,462,22,兰芝,240240.0,0.047619047619047616,500-1000元,0,面霜,361.541935483871,高端品牌
2025-11-11,A42399906306,兰芝致宠凝时菁焕精华眼霜20ml 提升紧致 改善眼部老化 官方直售,410.0,824,70,兰芝,337840.0,0.08495145631067962,200-500元,0,精华,361.541935483871,高端品牌
2025-11-11,A520256234397,兰芝细致无瑕清爽气垫bb霜 赠替换芯 清凉舒缓 隐形毛孔官方直售,325.0,5965,980,兰芝,1938625.0,0.16429170159262363,200-500元,0,其他,361.541935483871,高端品牌
2025-11-11,A521022939019,【11.11特供】兰芝致美紧颜水乳化妆品套装 紧致肌肤改善皱纹,640.0,126,27,兰芝,80640.0,0.21428571428571427,500-1000元,0,其他,361.541935483871,高端品牌
2025-11-11,A521031346711,【11.11特供】兰芝臻白净透水乳套装 美白护肤 保湿滋润 白皙透亮,485.0,421,63,兰芝,204185.0,0.1496437054631829,200-500元,0,其他,361.541935483871,高端品牌
2025-11-11,A521033924022,【11.11特供】兰芝新水酷清润凝霜 50ml 补水保湿 全新升级,270.0,109,0,兰芝,29430.0,0.0,200-500元,0,其他,361.541935483871,高端品牌
2025-11-11,A531232085270,【11.11特供】兰芝夜间修护睡眠面膜 70ml 补水保湿滋润 免洗修护,195.0,700,18,兰芝,136500.0,0.025714285714285714,100-200元,0,面膜,361.541935483871,高端品牌
2025-11-11,A531991126601,【返利】兰芝雪润无瑕气垫BB霜 遮瑕保湿裸妆隔离,175.0,1151,425,兰芝,201425.0,0.369244135534318,100-200元,0,隔离霜,361.541935483871,高端品牌
2025-11-11,A532252600545,【11.11专享】兰芝新水酷特润精华露 买60ml送60ml 补水保湿 官方,295.0,4832,590,兰芝,1425440.0,0.12210264900662252,200-500元,0,精华,361.541935483871,高端品牌
2025-11-11,A532612439362,【11.11专享】兰芝气垫BB霜+雪纱隔离霜礼盒  保湿遮瑕裸妆,570.0,830,67,兰芝,473100.0,0.08072289156626505,500-1000元,0,隔离霜,361.541935483871,高端品牌
2025-11-11,A532625946850,【11.11特供】兰芝水衡水乳洁面套装 补水保湿 水油平衡 面部护理,635.0,1136,472,兰芝,721360.0,0.4154929577464789,500-1000元,0,洁面,361.541935483871,高端品牌
2025-11-11,A532714728348,【APASS】兰芝官方水衡水乳面膜护肤套装 补水保湿 水油平衡,625.0,474,229,兰芝,296250.0,0.4831223628691983,500-1000元,0,面膜,361.541935483871,高端品牌
2025-11-11,A532717960994,【11.11专享】兰芝雪纱隔离霜+睡眠面膜礼盒   补水保湿防晒 提亮,440.0,500,32,兰芝,220000.0,0.064,200-500元,0,面膜,361.541935483871,高端品牌
2025-11-11,A532731492436,【APASS】致美紧颜细肤水+致美紧颜保湿乳+致美紧颜修护眼霜套装,1030.0,188,78,兰芝,193640.0,0.4148936170212766,1000元以上,0,眼霜,361.541935483871,高端品牌
2025-11-11,A539948093847,【APASS】兰芝水衡水乳洁面面膜精华护肤套装 补水保湿,1125.0,0,0,兰芝,0.0,0.0,1000元以上,0,面膜,361.541935483871,高端品牌
2025-11-11,A539997828895,【11.11专享】兰芝致美紧颜修护精华液40ml  清澈滋润 焕活肌肤,435.0,79,0,兰芝,34365.0,0.0,200-500元,0,精华,361.541935483871,高端品牌
2025-11-11,A540000518094,【11.11专享】兰芝致美紧颜眼霜20ml 紧致轮廓 舒缓干燥 改善皱,390.0,857,0,兰芝,334230.0,0.0,200-500元,0,眼霜,361.541935483871,高端品牌
2025-11-11,A540000754941,【11.11专享】兰芝新水酷特润乳霜 滋润保湿补水面霜 官方直售正,270.0,1348,0,兰芝,363960.0,0.0,200-500元,0,面霜,361.541935483871,高端品牌
2025-11-11,A540068104166,【11.11专享】兰芝致美紧颜水乳 眼霜 化妆品礼盒紧致抗衰,1030.0,79,0,兰芝,81370.0,0.0,1000元以上,0,眼霜,361.541935483871,高端品牌
2025-11-11,A540068751642,【11.11专享】兰芝新水酷特润精华+眼部ㄠ 礼盒 补水保湿,565.0,89,0,兰芝,50285.0,0.0,500-1000元,0,精华,361.541935483871,高端品牌
2025-11-11,A540069608787,【11.11专享】兰芝夜间保湿修护唇膜+睡眠面膜套装滋润保湿,320.0,1579,1,兰芝,505280.0,0.0006333122229259025,200-500元,0,面膜,361.541935483871,高端品牌
2025-11-11,A540071349055,【11.11专享】兰芝水衡水乳 洁面 面膜 精华5件套装 补水保湿,1125.0,110,0,兰芝,123750.0,0.0,1000元以上,0,面膜,361.541935483871,高端品牌
2025-11-11,A540621525212,【11.11特供】兰芝美白气垫BB霜礼盒 遮瑕保湿 赠替换芯  买1享8,325.0,100,0,兰芝,32500.0,0.0,200-500元,0,其他,361.541935483871,高端品牌
2025-11-11,A540672045459,【11.11专享】兰芝水漾粉饼SPF25/PA++ 15g 套装 遮瑕控油定妆,290.0,284,0,兰芝,82360.0,0.0,200-500元,0,其他,361.541935483871,高端品牌
2025-11-11,A540790928865,【11.11专享】兰芝唇膜面膜新水酷精华套装 补水保湿 免洗修护,615.0,15,0,兰芝,9225.0,0.0,500-1000元,0,面膜,361.541935483871,高端品牌
2025-11-11,A540798153439,【11.11专享】水衡水乳+唇膜面膜套装 补水保湿 滋润,750.0,49,0,兰芝,36750.0,0.0,500-1000元,0,面膜,361.541935483871,高端品牌
2025-11-11,A540801386546,【11.11专享】兰芝臻白水乳眼霜精华套装  美白护肤 补水保湿正品,1215.0,74,0,兰芝,89910.0,0.0,1000元以上,0,精华,361.541935483871,高端品牌
2025-11-11,A540802910977,【11.11专享】兰芝气垫BB+隔离+双色唇膏+卸妆油+魅彩时尚简易眼,1185.0,0,0,兰芝,0.0,0.0,1000元以上,0,卸妆,361.541935483871,高端品牌
2025-11-11,A540802974360,【11.11专享】兰芝致美精华+致美眼霜套装  舒缓干燥 改善皱纹,825.0,24,0,兰芝,19800.0,0.0,500-1000元,0,精华,361.541935483871,高端品牌
2025-11-11,A540803415757,【11.11专享】兰芝致美水乳眼霜精华套装 紧致肌肤 官方正品,1465.0,132,2,兰芝,193380.0,0.015151515151515152,1000元以上,0,精华,361.541935483871,高端品牌
2025-11-11,A540804667599,【11.11专享】兰芝水衡水乳面膜精华套装 补水保湿 滋润 官方正品,920.0,43,1,兰芝,39560.0,0.023255813953488372,500-1000元,0,面膜,361.541935483871,高端品牌
2025-11-11,A541110594238,兰芝致美紧颜修护精华液40ml  清澈滋润 焕活肌肤,435.0,1,0,兰芝,435.0,0.0,200-500元,0,精华,361.541935483871,高端品牌
2025-11-11,A541178919913,【11.11特供】兰芝美白气垫BB霜 限量买30g送30g替换芯,325.0,3673,2,兰芝,1193725.0,0.0005445140212360468,200-500元,0,其他,361.541935483871,高端品牌
2025-11-11,A541468109577,【返利】兰芝臻白清润6件套 升级版 补水保湿净白 改善暗沉,100.0,119,0,兰芝,11900.0,0.0,50-100元,0,其他,361.541935483871,高端品牌
2025-11-10,A16818147565,【11-11】兰芝新水酷清润凝霜50ml 补水保湿全新升级 官方直,270.0,7723,383,兰芝,2085210.0,0.04959212741162761,200-500元,0,其他,361.541935483871,高端品牌
2025-11-10,A19342100794,【11.11特供】兰芝缤纷浆果草莓酸奶滋养面膜80ml 补水保湿修护,220.0,6452,426,兰芝,1419440.0,0.06602603843769374,200-500元,0,面膜,361.541935483871,高端品牌
2025-11-10,A19346212392,兰芝魅彩时尚简易眼线液 3g 持久防水速干不晕染眼妆,155.0,1160,122,兰芝,179800.0,0.10517241379310345,100-200元,0,其他,361.541935483871,高端品牌
2025-11-10,A19361544138,【11.11特供】兰芝雪纱丝柔防晒粉底液30ml  防晒保湿 遮瑕亮肤,290.0,1519,116,兰芝,440510.0,0.07636603028308098,200-500元,0,防晒,361.541935483871,高端品牌
2025-11-10,A20582936466,【11-11】兰芝水漾粉饼SPF25/PA++ 15g 套装 遮瑕控油防晒定妆,290.0,8699,775,兰芝,2522710.0,0.08909070008046902,200-500元,0,防晒,361.541935483871,高端品牌
2025-11-10,A21402951570,【11-11】兰芝魅彩三色眉粉组合套装 画眉 眉部 立体造型女,185.0,2987,243,兰芝,552595.0,0.0813525276196853,100-200元,0,其他,361.541935483871,高端品牌
2025-11-10,A38375708863,兰芝智护尽享防晒霜 SPF50+/PA+++防水清爽全身50ml,195.0,4160,477,兰芝,811200.0,0.11466346153846153,100-200元,0,防晒,361.541935483871,高端品牌
2025-11-10,A43701299968,Laneige/兰芝净透肌底精华液150ml 保湿 亮肤 缓解氧化 官方直售,305.0,1321,134,兰芝,402905.0,0.10143830431491295,200-500元,0,精华,361.541935483871,高端品牌
2025-11-10,A43701307808,兰芝臻白焕颜修护面霜 50ml 美白亮肤 保湿改善暗黄  深层滋补,345.0,1296,216,兰芝,447120.0,0.16666666666666666,200-500元,0,面霜,361.541935483871,高端品牌
2025-11-10,A43966266124,Laneige/兰芝臻白修护睡眠面膜 美白补水保湿缓解暗黄暗沉 3ml*16,230.0,2142,272,兰芝,492660.0,0.12698412698412698,200-500元,0,面膜,361.541935483871,高端品牌
2025-11-10,A44448729280,【11.11特供】兰芝润唇修护底乳10g  淡化唇纹 唇部妆前乳,115.0,1445,200,兰芝,166175.0,0.1384083044982699,100-200元,0,其他,361.541935483871,高端品牌
2025-11-10,A45627957597,兰芝气泡水焕亮精华液100ml 亮肤保湿补水 亮肤 正品 官方直售,245.0,219,20,兰芝,53655.0,0.091324200913242,200-500元,0,精华,361.541935483871,高端品牌
2025-11-10,A521031258346,【11-11】兰芝雪纱丝柔隔离霜30ml礼盒 买1享8 预售加享唇膜3g,245.0,16708,528,兰芝,4093460.0,0.031601627962652624,200-500元,1,隔离霜,361.541935483871,高端品牌
2025-11-10,A523169883099,【11-11】兰芝臻白净透水乳礼盒 美白护肤 补水保湿 官方正品,485.0,5372,6,兰芝,2605420.0,0.0011169024571854058,200-500元,0,其他,361.541935483871,高端品牌
2025-11-10,A523955841326,兰芝幻彩气垫唇颊笔 1.9g 缔造迷人花瓣唇妆 官方直售,125.0,554,57,兰芝,69250.0,0.10288808664259928,100-200元,0,其他,361.541935483871,高端品牌
2025-11-10,A524070099662,兰芝男士双效焕能精华乳 独特双管包装精华乳 官方直售 新品,285.0,396,78,兰芝,112860.0,0.19696969696969696,200-500元,0,精华,361.541935483871,高端品牌
2025-11-10,A524095681699,兰芝男士双效焕能眼霜 改善眼圈暗沉 补水保湿 官方直售 新品,195.0,440,95,兰芝,85800.0,0.2159090909090909,100-200元,0,眼霜,361.541935483871,高端品牌
2025-11-10,A524513039417,【11-11】兰芝官方双色立体唇膏 宋慧乔同款 官方正品,185.0,22158,6521,兰芝,4099230.0,0.29429551403556276,100-200元,1,其他,361.541935483871,高端品牌
2025-11-10,A527659339307,【11.11专享】兰芝夜间保湿修护唇膜 减淡唇纹 滋润 保湿 正品,125.0,28684,11445,兰芝,3585500.0,0.39900292846186025,100-200元,1,其他,361.541935483871,高端品牌
2025-11-10,A528335953263,【11-11】兰芝修护唇膜20g+睡眠面膜70ml 补水保湿 免洗修护,320.0,6027,0,兰芝,1928640.0,0.0,200-500元,0,面膜,361.541935483871,高端品牌
2025-11-10,A531658912161,【11-11】兰芝官方双色立体唇膏 宋慧乔同款 渐变咬唇 撞色口红,185.0,2469,108,兰芝,456765.0,0.04374240583232078,100-200元,0,口红,361.541935483871,高端品牌
2025-11-10,A531768631617,【11-11】兰芝夜间修护睡眠面膜 70ml礼盒 补水保湿滋润 免洗修护,195.0,14332,741,兰芝,2794740.0,0.05170248395199553,100-200元,1,面膜,361.541935483871,高端品牌
2025-11-10,A531851065142,【11-11】兰芝美白气垫BB霜礼盒 赠替换芯 买1享8 预售领券减50,325.0,23531,981,兰芝,7647575.0,0.04168968594619863,200-500元,1,其他,361.541935483871,高端品牌
2025-11-10,A532699861737,【11-11】兰芝水酷特润精华眼部ㄠ窈 补水保湿 面部清爽,565.0,420,59,兰芝,237300.0,0.14047619047619048,500-1000元,0,精华,361.541935483871,高端品牌
2025-11-10,A532700381041,【11-11】兰芝致美紧颜水乳礼盒  紧致肌肤 官方正品,640.0,1802,190,兰芝,1153280.0,0.10543840177580466,500-1000元,0,其他,361.541935483871,高端品牌
2025-11-10,A532715068418,【11-11】兰芝新品致美紧颜水乳眼霜礼盒  紧致肌肤 补水保湿,1030.0,319,29,兰芝,328570.0,0.09090909090909091,1000元以上,0,眼霜,361.541935483871,高端品牌
2025-11-10,A533860419759,【11-11预售】兰芝雪纱防晒隔离霜30ml+ 睡眠面膜70ml 礼盒,440.0,563,24,兰芝,247720.0,0.04262877442273535,200-500元,0,面膜,361.541935483871,高端品牌
2025-11-10,A533985232721,【11-11】兰芝气垫BB霜+隔离礼盒 遮瑕保湿裸妆隔离 官方正品,570.0,1734,99,兰芝,988380.0,0.05709342560553633,500-1000元,0,隔离霜,361.541935483871,高端品牌
2025-11-10,A534533287573,兰芝紧致毛孔清爽面膜 70ml  补水保湿 清洁毛孔 新品,170.0,954,400,兰芝,162180.0,0.4192872117400419,100-200元,0,面膜,361.541935483871,高端品牌
2025-11-10,A534682414342,【11.11特供】兰芝男士舒爽控油洁面膏150ml 清洁毛孔 补水保湿,145.0,874,351,兰芝,126730.0,0.40160183066361554,100-200元,0,洁面,361.541935483871,高端品牌
2025-11-10,A539010560415,【11.11特供】兰芝新水酷倍润乳霜  滋润保湿补水面霜 官方正品,270.0,173,56,兰芝,46710.0,0.3236994219653179,200-500元,0,面霜,361.541935483871,高端品牌
2025-11-10,A539737617809,【11-11】兰芝限量版猫头鹰气垫BB霜 赠替换芯 遮瑕 裸妆防晒,325.0,1289,0,兰芝,418925.0,0.0,200-500元,0,防晒,361.541935483871,高端品牌
2025-11-10,A539739876433,【11-11】兰芝护手霜 莹润柔润组合套装 滋润保湿 官方直售,140.0,60,1,兰芝,8400.0,0.016666666666666666,100-200元,0,其他,361.541935483871,高端品牌
2025-11-10,A540000208075,【11-11】兰芝雪纱防晒隔离霜30ml 40色号+面膜礼盒 预售领券减50,440.0,1367,0,兰芝,601480.0,0.0,200-500元,0,面膜,361.541935483871,高端品牌
2025-11-10,A540001046482,【11-11】兰芝水衡水乳洁面礼盒 清洁 补水保湿 官方正品,519.0,2234,1,兰芝,1159446.0,0.0004476275738585497,500-1000元,0,洁面,361.541935483871,高端品牌
2025-11-10,A540001062962,【11-11】兰芝新水酷特润精华露 60ml+特润霜50ml 礼盒 官方正品,565.0,878,0,兰芝,496070.0,0.0,500-1000元,0,精华,361.541935483871,高端品牌
2025-11-10,A540001638696,【11-11】兰芝水衡水乳面膜礼盒 补水保湿 水油平衡 官方正品,625.0,668,0,兰芝,417500.0,0.0,500-1000元,0,面膜,361.541935483871,高端品牌
2025-11-10,A540002201984,【11-11】兰芝水衡水乳洁面面膜精华套装 补水保湿 官方正品,1125.0,220,0,兰芝,247500.0,0.0,1000元以上,0,面膜,361.541935483871,高端品牌
2025-11-10,A541475642142,【返利】兰芝水凝清盈3件套旅行装 活动产品单拍无效,103.0,0,0,兰芝,0.0,0.0,100-200元,0,其他,361.541935483871,高端品牌
2025-11-10,A541480621816,Laneige/兰芝兰芝铂金修颜按摩仪 修颜按摩 紧致提升轮廓,428.0,0,0,兰芝,0.0,0.0,200-500元,0,其他,361.541935483871,高端品牌
2025-11-09,A39536603402,兰芝清透亮肤洁颜油 250ml深层清洁温和眼唇卸妆油女,275.0,1337,98,兰芝,367675.0,0.07329842931937172,200-500元,0,卸妆,361.541935483871,高端品牌
2025-11-08,A19971570206,兰芝男士舒润保湿霜50ml 补水滋润乳霜 男士护肤面霜 官方直售,255.0,1501,107,兰芝,382755.0,0.07128580946035976,200-500元,0,面霜,361.541935483871,高端品牌
2025-11-07,A42223066273,兰芝男士特润护唇膏 防嘴唇干裂 滋润保湿润唇膏3.8g,65.0,970,142,兰芝,63050.0,0.1463917525773196,50-100元,0,其他,361.541935483871,高端品牌
2025-11-06,A521715508851,Laneige/兰芝护手霜礼盒 莹润柔润组合套装 滋润保湿 官方直售,140.0,826,166,兰芝,115640.0,0.2009685230024213,100-200元,0,其他,361.541935483871,高端品牌
2025-11-06,A524095845120,【11.11特供】男士新品 双效焕能爽肤水 补水动能护理毛孔角质,225.0,511,93,兰芝,114975.0,0.18199608610567514,200-500元,0,爽肤水,361.541935483871,高端品牌
2025-11-06,A539905459528,【超值试用】兰芝水衡透润5件套 长效补水 保湿,100.0,11919,4008,兰芝,1191900.0,0.3362698212937327,50-100元,1,其他,361.541935483871,高端品牌
2025-11-14,A42978367742,兰蔻「小黑瓶」系列大眼精华眼霜 淡细纹改善眼袋,680.0,23,23,兰蔻,15640.0,1.0,500-1000元,0,精华,805.0297619047619,奢侈品牌
2025-11-14,A42997766509,兰蔻水份缘舒缓凝霜50ml 补水保湿排浊 舒缓弹润,575.0,8,8,兰蔻,4600.0,1.0,500-1000元,0,其他,805.0297619047619,奢侈品牌
2025-11-14,A43028673404,兰蔻 新立体塑颜提拉紧致面霜50ml淡化细纹紧致保湿补水,895.0,99,99,兰蔻,88605.0,1.0,500-1000元,0,面霜,805.0297619047619,奢侈品牌
2025-11-14,A43046592639,兰蔻 新臻白洁面泡沫洗面奶125ml  净澈柔润不紧绷,350.0,76,76,兰蔻,26600.0,1.0,200-500元,0,洁面,805.0297619047619,奢侈品牌
2025-11-14,A43046912446,兰蔻BB霜 新柔皙遮瑕隔离乳SPF30+PA+++(亮白色)30ml水润修颜,520.0,45,45,兰蔻,23400.0,1.0,500-1000元,0,隔离霜,805.0297619047619,奢侈品牌
2025-11-14,A43165859354,兰蔻 「小黑瓶」全规格精华肌底液 面部精华直达肌底补水保湿弹润,580.0,274,274,兰蔻,158920.0,1.0,500-1000元,0,精华,805.0297619047619,奢侈品牌
2025-11-14,A43166171575,兰蔻 奇迹香氛香水30ml 花香辛辣调 法式轻妆淡雅清香,530.0,27,13,兰蔻,14310.0,0.48148148148148145,500-1000元,0,其他,805.0297619047619,奢侈品牌
2025-11-14,A43193623172,兰蔻面霜 水份缘舒缓日霜(均衡型)50ml深度保湿 锁水排浊 正品,600.0,79,79,兰蔻,47400.0,1.0,500-1000元,0,面霜,805.0297619047619,奢侈品牌
2025-11-14,A43194595195,兰蔻 清滢柔肤洁面乳洗面奶干性125ml 泡沫丰富 深层清洁补水保湿,320.0,68,68,兰蔻,21760.0,1.0,200-500元,0,洁面,805.0297619047619,奢侈品牌
2025-11-14,A43194879014,兰蔻【新品】水光润养活力日霜 50ml 提亮肤色滋润养肤 保湿补水,610.0,64,64,兰蔻,39040.0,1.0,500-1000元,0,其他,805.0297619047619,奢侈品牌
2025-11-14,A43200331617,兰蔻年轻水 美肤修护美容液200ml 补水保湿 改善粉刺痘印,505.0,75,75,兰蔻,37875.0,1.0,500-1000元,0,其他,805.0297619047619,奢侈品牌
2025-11-14,A43200527389,兰蔻眼线液 精密眼线液防水持久不晕染 特黑眼线笔01 1ml,295.0,40,40,兰蔻,11800.0,1.0,200-500元,0,其他,805.0297619047619,奢侈品牌
2025-11-14,A43209439847,兰蔻 「轻呼吸」防护露SPF30+PA+++防氧化防紫外线,480.0,4,4,兰蔻,1920.0,1.0,200-500元,0,其他,805.0297619047619,奢侈品牌
2025-11-14,A43211459413,兰蔻香水 珍爱午夜玫瑰香水30/50ml玫瑰茉莉 覆盆子 正品,750.0,45,45,兰蔻,33750.0,1.0,500-1000元,0,其他,805.0297619047619,奢侈品牌
2025-11-14,A43211579015,兰蔻香水 珍爱爱恋香水30ml/50ml/75ml 辛辣花果木香调 正品,530.0,26,26,兰蔻,13780.0,1.0,500-1000元,0,其他,805.0297619047619,奢侈品牌
2025-11-14,A43213158894,兰蔻 精准臻白精华乳淡斑30ml 提亮肤色淡化色斑,830.0,6,6,兰蔻,4980.0,1.0,500-1000元,0,精华,805.0297619047619,奢侈品牌
2025-11-14,A43213818909,兰蔻年轻水系列 水份缘舒缓柔肤ㄠ200ml补水锁水保湿滋润,475.0,81,81,兰蔻,38475.0,1.0,200-500元,0,其他,805.0297619047619,奢侈品牌
2025-11-14,A43215490432,兰蔻面膜 保湿水凝面膜100ml锁水补水 舒缓滋润 清新果香正品,380.0,29,29,兰蔻,11020.0,1.0,200-500元,0,面膜,805.0297619047619,奢侈品牌
2025-11-14,A43215518359,兰蔻氨基酸洁面 清滢洁面卸妆乳液200ml 免洗 温和清洁卸妆 正品,320.0,116,116,兰蔻,37120.0,1.0,200-500元,0,洁面,805.0297619047619,奢侈品牌
2025-11-14,A43217527718,兰蔻新立体塑颜焕活精华乳 30ml 50ml  3D提拉 唤醒肌肤活力,920.0,28,28,兰蔻,25760.0,1.0,500-1000元,0,精华,805.0297619047619,奢侈品牌
2025-11-14,A43247981326,兰蔻 臻白美容液200ml 舒缓白皙提亮肤色 保湿滋润化妆水正品,495.0,31,31,兰蔻,15345.0,1.0,200-500元,0,其他,805.0297619047619,奢侈品牌
2025-11-14,A43248049649,兰蔻臻白面霜 新臻白晚霜50ml夜间滋养补水保湿淡黑色素白皙淡斑,710.0,59,59,兰蔻,41890.0,1.0,500-1000元,0,面霜,805.0297619047619,奢侈品牌
2025-11-14,A43248261371,兰蔻臻白面膜 臻白凝润面膜14ml*6滋润平滑细纹 敏感肌适用 正品,760.0,22,22,兰蔻,16720.0,1.0,500-1000元,0,面膜,805.0297619047619,奢侈品牌
2025-11-14,A43248581241,兰蔻眼霜 新塑颜修护眼霜15ml 提拉紧致 改善眼周 淡化细纹,560.0,168,168,兰蔻,94080.0,1.0,500-1000元,0,眼霜,805.0297619047619,奢侈品牌
2025-11-14,A43249933424,兰蔻卸妆液 清滢柔肤卸妆液200ml 温和保湿 舒缓干燥敏感肌正品,320.0,32,32,兰蔻,10240.0,1.0,200-500元,0,卸妆,805.0297619047619,奢侈品牌
2025-11-14,A43249933501,兰蔻蓝水化妆水 清滢嫩肤水200ml/400ml 温和保湿 补水锁水 正品,320.0,70,70,兰蔻,22400.0,1.0,200-500元,0,其他,805.0297619047619,奢侈品牌
2025-11-14,A43250633463,兰蔻自动眉笔 可替换式眉笔替换芯 防水防汗持久 含眉刷多色正品,190.0,536,536,兰蔻,101840.0,1.0,100-200元,0,其他,805.0297619047619,奢侈品牌
2025-11-14,A43264504549,兰蔻面霜 水份缘舒缓晚霜50ml持久清爽保湿 滋养肌肤 正品,600.0,32,32,兰蔻,19200.0,1.0,500-1000元,0,面霜,805.0297619047619,奢侈品牌
2025-11-14,A43266284609,兰蔻梦魅巨星璀璨睫毛膏01 6.5g 防水持久 轻盈浓黑卷翘根根分明,340.0,14,14,兰蔻,4760.0,1.0,200-500元,0,睫毛膏,805.0297619047619,奢侈品牌
2025-11-14,A43269638244,兰蔻眼部彩妆 梦魅五色眼影盘干湿两用 多色眼影盒含眼影棒 包邮,515.0,12,12,兰蔻,6180.0,1.0,500-1000元,0,眼影,805.0297619047619,奢侈品牌
2025-11-14,A43347236866,兰蔻 飞碟面霜塑颜法式提拉晚霜50ml 紧致护肤 上扬轮廓舒缓细纹,980.0,31,31,兰蔻,30380.0,1.0,500-1000元,0,面霜,805.0297619047619,奢侈品牌
2025-11-14,A43418543232,兰蔻 菁纯臻颜美容液150ml 淡化细纹 滋润保湿,820.0,5,5,兰蔻,4100.0,1.0,500-1000元,0,其他,805.0297619047619,奢侈品牌
2025-11-14,A43436774325,兰蔻 奇迹香氛香水女士花香持久淡雅清新香味正品,530.0,64,64,兰蔻,33920.0,1.0,500-1000元,0,其他,805.0297619047619,奢侈品牌
2025-11-14,A43475141428,兰蔻 菁纯臻颜润养日霜 面霜50ml淡化细纹 细腻提升肌肤修护力,2680.0,8,8,兰蔻,21440.0,1.0,1000元以上,0,面霜,805.0297619047619,奢侈品牌
2025-11-14,A43475557245,兰蔻 菁纯臻颜润养眼霜20ml 淡皱纹淡眼袋紧致眼周,1080.0,15,15,兰蔻,16200.0,1.0,1000元以上,0,眼霜,805.0297619047619,奢侈品牌
2025-11-14,A43491948396,兰蔻 菁纯臻颜眼部精华乳 眼霜15ml 眼周柔软淡化细纹金纯正品,1180.0,11,11,兰蔻,12980.0,1.0,1000元以上,0,精华,805.0297619047619,奢侈品牌
2025-11-14,A43537081491,兰蔻 轻气垫CC霜 隔离粉底遮瑕 保湿控油均匀上妆,320.0,42,42,兰蔻,13440.0,1.0,200-500元,0,粉底,805.0297619047619,奢侈品牌
2025-11-14,A43540382225,兰蔻 清滢柔肤水400ml口碑粉水 补水保湿舒缓柔嫩细腻肌肤,420.0,27,27,兰蔻,11340.0,1.0,200-500元,0,其他,805.0297619047619,奢侈品牌
2025-11-14,A43737604408,兰蔻清莹柔肤水口碑粉水多规格200ml/400ml保湿舒缓柔嫩细腻肌肤,320.0,6,0,兰蔻,1920.0,0.0,200-500元,0,其他,805.0297619047619,奢侈品牌
2025-11-14,A43778372165,兰蔻「小黑瓶」 精华肌底液30ml 面部精华深入肌底修护,760.0,18,18,兰蔻,13680.0,1.0,500-1000元,0,精华,805.0297619047619,奢侈品牌
2025-11-14,A43804067578,兰蔻 臻白晶透精华水 150ml 补水保湿  水润净白 晶透幻白精华液,650.0,53,53,兰蔻,34450.0,1.0,500-1000元,0,精华,805.0297619047619,奢侈品牌
2025-11-14,A44495854215,兰蔻 奇迹光采定妆蜜粉01/02 11g定妆粉保湿遮瑕控油锁水自然服帖,505.0,12,12,兰蔻,6060.0,1.0,500-1000元,0,蜜粉,805.0297619047619,奢侈品牌
2025-11-14,A44556472917,兰蔻 新根源补养洁颜ㄏ疵婺瘫25ml 温和清洁清爽保湿透彻洁净,340.0,23,23,兰蔻,7820.0,1.0,200-500元,0,其他,805.0297619047619,奢侈品牌
2025-11-14,A44557388617,兰蔻泡沫洗面奶 清滢洁面摩丝200ml温和舒缓 彻底清洁 正品,350.0,162,162,兰蔻,56700.0,1.0,200-500元,0,洁面,805.0297619047619,奢侈品牌
2025-11-14,A44975984495,兰蔻「小黑瓶」系列大眼精华 20ml 淡细纹眼袋 放大双眸,680.0,1,1,兰蔻,680.0,1.0,500-1000元,0,精华,805.0297619047619,奢侈品牌
2025-11-14,A45612742481,兰蔻梦魅旋密睫毛膏 01 6.5g持久卷翘 浓密 抗晕染温水易卸除,340.0,2,2,兰蔻,680.0,1.0,200-500元,0,睫毛膏,805.0297619047619,奢侈品牌
2025-11-14,A45655531441,兰蔻 CARE清透睫毛膏底膏 5.2g  睫毛纤长浓密滋养 打造卷翘美睫,290.0,20,20,兰蔻,5800.0,1.0,200-500元,0,睫毛膏,805.0297619047619,奢侈品牌
2025-11-14,A45655951318,兰蔻新梦魅睫毛膏 01 6.5g  6倍数浓密升级滋养睫毛 持久防晕染,340.0,5,5,兰蔻,1700.0,1.0,200-500元,0,睫毛膏,805.0297619047619,奢侈品牌
2025-11-14,A45656830062,兰蔻 水光润养水凝乳液 100ml  补水滋润净化排浊 肌肤轻透好肤色,710.0,37,37,兰蔻,26270.0,1.0,500-1000元,0,乳液,805.0297619047619,奢侈品牌
2025-11-14,A45682321020,兰蔻自动眼线笔 梦魅防水眼线笔 0.3g  防水不脱妆不晕染 包邮,210.0,17,17,兰蔻,3570.0,1.0,200-500元,0,其他,805.0297619047619,奢侈品牌
2025-11-14,A45693210135,兰蔻妆前乳 妆前凝乳25ml遮瑕轻薄细腻 隔离遮毛孔 自然裸妆,450.0,44,44,兰蔻,19800.0,1.0,200-500元,0,隔离霜,805.0297619047619,奢侈品牌
2025-11-14,A45723888026,兰蔻磨砂洁面 清滢嫩肤磨砂ㄠ100ml深层清洁 舒缓保湿 修护肌肤,380.0,27,27,兰蔻,10260.0,1.0,200-500元,0,洁面,805.0297619047619,奢侈品牌
2025-11-14,A45735389005,兰蔻眼线笔 新防水眼线笔1.2g防水持久不晕染 精准柔滑 含海绵擦,190.0,35,35,兰蔻,6650.0,1.0,100-200元,0,其他,805.0297619047619,奢侈品牌
2025-11-14,A45824877268,兰蔻 梦魅单色眼影 眼部彩妆 珠光持久多色 含眼影棒眼影盒,270.0,2,2,兰蔻,540.0,1.0,200-500元,0,眼影,805.0297619047619,奢侈品牌
2025-11-14,A520133689615,兰蔻BB霜 新柔皙修颜隔离乳SPF30+PA+++(亮白色)50ml水润白皙修颜,695.0,87,87,兰蔻,60465.0,1.0,500-1000元,0,隔离霜,805.0297619047619,奢侈品牌
2025-11-14,A520377377903,兰蔻气泡水 水光润养凝珠美容液200ml 改善暗沉提亮肤色补水保湿,450.0,75,75,兰蔻,33750.0,1.0,200-500元,0,其他,805.0297619047619,奢侈品牌
2025-11-14,A520493696215,兰蔻 立体塑颜紧致晚霜面霜 塑型肌肤修护损伤定格年轻淡化细纹,895.0,23,23,兰蔻,20585.0,1.0,500-1000元,0,面霜,805.0297619047619,奢侈品牌
2025-11-14,A520654088763,兰蔻 面部精华水份缘舒缓精华液30ml 补水保湿 敏感肌适用,600.0,2,0,兰蔻,1200.0,0.0,500-1000元,0,精华,805.0297619047619,奢侈品牌
2025-11-14,A520655216584,兰蔻  唇膏口红迷恋丝缎唇膏3.4g 保湿持久显色滋养双唇,270.0,422,422,兰蔻,113940.0,1.0,200-500元,0,口红,805.0297619047619,奢侈品牌
2025-11-14,A520964442160,兰蔻 水光润养睡眠面膜75ml 免洗补水保湿提亮肤色,480.0,5,5,兰蔻,2400.0,1.0,200-500元,0,面膜,805.0297619047619,奢侈品牌
2025-11-14,A522146334035,兰蔻天鹅颈睫毛膏 纤长防晕染 便捷 电影同款,390.0,24,3,兰蔻,9360.0,0.125,200-500元,0,睫毛膏,805.0297619047619,奢侈品牌
2025-11-14,A522149652502,兰蔻 气垫CC霜 控油遮瑕粉底保湿 持妆轻盈底妆,420.0,15,15,兰蔻,6300.0,1.0,200-500元,0,粉底,805.0297619047619,奢侈品牌
2025-11-14,A522216409648,兰蔻「小黑瓶」30ml  精华肌底液 精华深入肌底,760.0,17,17,兰蔻,12920.0,1.0,500-1000元,0,精华,805.0297619047619,奢侈品牌
2025-11-14,A522222144394,兰蔻 水份缘舒缓凝霜50ml 补水保湿 锁水排浊 舒缓弹润 轻薄细腻,575.0,133,133,兰蔻,76475.0,1.0,500-1000元,0,其他,805.0297619047619,奢侈品牌
2025-11-14,A524386629027,兰蔻 菁纯丝绒唇膏口红唇彩 哑光玫瑰原色显色持久,270.0,92,92,兰蔻,24840.0,1.0,200-500元,0,口红,805.0297619047619,奢侈品牌
2025-11-14,A524396396603,兰蔻 菁纯丝绒柔雾唇釉保湿雾面自然润泽哑光高饱和持久水润唇色,260.0,123,123,兰蔻,31980.0,1.0,200-500元,0,其他,805.0297619047619,奢侈品牌
2025-11-14,A525721839355,兰蔻 气垫粉底液13g 遮瑕保湿 护肤轻盈 均匀涂抹粉底持久,420.0,128,128,兰蔻,53760.0,1.0,200-500元,0,粉底,805.0297619047619,奢侈品牌
2025-11-14,A525755687056,兰蔻 「小黑瓶」星光瓶50ml 精华肌底液面部精华,1080.0,1,1,兰蔻,1080.0,1.0,1000元以上,0,精华,805.0297619047619,奢侈品牌
2025-11-14,A527350521868,兰蔻 菁纯臻颜玫瑰夜间修护免洗面膜 保湿补水淡化细纹金纯正品,1480.0,17,17,兰蔻,25160.0,1.0,1000元以上,0,面膜,805.0297619047619,奢侈品牌
2025-11-14,A527367140786,兰蔻 菁纯臻颜防晒隔离乳SPF30+ PA+++抵御紫外线金纯正品轻盈,890.0,21,21,兰蔻,18690.0,1.0,500-1000元,0,防晒,805.0297619047619,奢侈品牌
2025-11-14,A528059896363,兰蔻  80周年菁纯唇膏限量版 经典玫瑰真色花香 妆效显色持久,270.0,250,250,兰蔻,67500.0,1.0,200-500元,0,其他,805.0297619047619,奢侈品牌
2025-11-14,A528267355121,兰蔻「轻呼吸」防护露SPF30+PA+++,480.0,0,0,兰蔻,0.0,0.0,200-500元,0,其他,805.0297619047619,奢侈品牌
2025-11-14,A528900699040,兰蔻 水份缘面部舒缓睡眠面膜75ml 补水保湿滋润 免洗舒缓安眠,620.0,37,37,兰蔻,22940.0,1.0,500-1000元,0,面膜,805.0297619047619,奢侈品牌
2025-11-14,A529110246380,兰蔻 男士新保湿ㄠ 50ml 润泽补水保湿 调节水油平衡 提亮肤色,630.0,15,15,兰蔻,9450.0,1.0,500-1000元,0,其他,805.0297619047619,奢侈品牌
2025-11-14,A529338095872,兰蔻 菁纯臻颜润养眼霜20ml 改善皱纹干燥眼袋,1080.0,0,0,兰蔻,0.0,0.0,1000元以上,0,眼霜,805.0297619047619,奢侈品牌
2025-11-14,A529347047568,兰蔻新男士塑颜眼霜 15ml 紧致眼周 润泽肌肤 改善细纹淡熊猫眼,580.0,14,14,兰蔻,8120.0,1.0,500-1000元,0,眼霜,805.0297619047619,奢侈品牌
2025-11-14,A530509037876,兰蔻juicy shaker摇摇气垫唇油 口红 清爽不油腻持久水润,240.0,350,350,兰蔻,84000.0,1.0,200-500元,0,口红,805.0297619047619,奢侈品牌
2025-11-14,A532030682455,兰蔻 精准淡斑精华乳30ml 提亮肤色保湿滋润白皙淡化黑色素,830.0,5,5,兰蔻,4150.0,1.0,500-1000元,0,精华,805.0297619047619,奢侈品牌
2025-11-14,A532551486629,兰蔻「水光瓶」水光润养精华液50ml面霜补水淡暗沉,490.0,5,5,兰蔻,2450.0,1.0,200-500元,0,面霜,805.0297619047619,奢侈品牌
2025-11-14,A532639853647,兰蔻 新清滢洁面乳洗面奶125ml 保湿温和深入清洁 丰富泡沫不刺激,320.0,71,54,兰蔻,22720.0,0.7605633802816901,200-500元,0,洁面,805.0297619047619,奢侈品牌
2025-11-14,A532644394866,兰蔻 菁纯卓颜眼霜 20ml保湿滋润补水 淡化细纹祛熊猫眼 改善眼袋,880.0,19,19,兰蔻,16720.0,1.0,500-1000元,0,眼霜,805.0297619047619,奢侈品牌
2025-11-14,A532669028751,兰蔻 金纯卓颜精华乳30ml保湿补水减少细纹直达肌底 滋润柔嫩肌肤,2380.0,2,2,兰蔻,4760.0,1.0,1000元以上,0,精华,805.0297619047619,奢侈品牌
2025-11-14,A534745934994,兰蔻 梦魅眼影笔1.4g 轻松成型 易上妆 饱和显色色彩明丽清盈服帖,260.0,5,5,兰蔻,1300.0,1.0,200-500元,0,眼影,805.0297619047619,奢侈品牌
2025-11-14,A536634980111,兰蔻 金色殿堂香水香氛75ml优雅古典气质名贵东方树木香调,1200.0,5,5,兰蔻,6000.0,1.0,1000元以上,0,其他,805.0297619047619,奢侈品牌
2025-11-14,A540063673442,兰蔻 水光润养精华液水光瓶50ml 精华面霜二合一补水保湿,490.0,1,0,兰蔻,490.0,0.0,200-500元,0,面霜,805.0297619047619,奢侈品牌
2025-11-14,A540064401515,兰蔻 水光润养睡眠面膜75ml 补水保湿提亮肤色,480.0,2,1,兰蔻,960.0,0.5,200-500元,0,面膜,805.0297619047619,奢侈品牌
2025-11-14,A540066210402,兰蔻 净透洁面泡沫125ml 臻白洁面 温和清洁莹泽亮肤,350.0,10,0,兰蔻,3500.0,0.0,200-500元,0,洁面,805.0297619047619,奢侈品牌
2025-11-14,A540066446731,兰蔻 菁纯臻颜美容液150ml 淡化细纹 滋润保湿二次清洁,820.0,8,4,兰蔻,6560.0,0.5,500-1000元,0,其他,805.0297619047619,奢侈品牌
2025-11-14,A541024285881,兰蔻卸妆水 清滢速洁眼部卸妆水卸妆液温和卸妆眼唇两用,300.0,3,0,兰蔻,900.0,0.0,200-500元,0,卸妆,805.0297619047619,奢侈品牌
2025-11-13,A521172647713,兰蔻 黑金臻宠眼部护理组合15ml+ 花瓣眼膜6片+花茎导入棒,2900.0,1,1,兰蔻,2900.0,1.0,1000元以上,0,其他,805.0297619047619,奢侈品牌
2025-11-13,A525757450563,兰蔻 气垫唇颊两用腮红自然持久均匀红润定妆裸妆,380.0,111,111,兰蔻,42180.0,1.0,200-500元,0,其他,805.0297619047619,奢侈品牌
2025-11-12,A43331693477,兰蔻「小黑瓶」限量独家星光瓶精华肌底液精华100ml,1680.0,0,0,兰蔻,0.0,0.0,1000元以上,0,精华,805.0297619047619,奢侈品牌
2025-11-11,A43026845271,【11.11】兰蔻面部精华 水份缘舒缓精华液30ml 补水保湿排浊,600.0,1430,162,兰蔻,858000.0,0.11328671328671329,500-1000元,0,精华,805.0297619047619,奢侈品牌
2025-11-11,A43194147939,【11.11】兰蔻卸妆水 清滢速洁眼部卸妆水  不含酒精温和不刺激,420.0,2047,239,兰蔻,859740.0,0.1167562286272594,200-500元,0,卸妆,805.0297619047619,奢侈品牌
2025-11-11,A43208183727,【11.11】兰蔻明星套装 「小黑瓶」 精华肌底液30ml+粉水200ml,1080.0,239,0,兰蔻,258120.0,0.0,1000元以上,0,精华,805.0297619047619,奢侈品牌
2025-11-11,A43215490563,兰蔻彩妆 奇迹光采持妆粉底液30ml轻薄持久 防水防汗控油 正品,520.0,1922,285,兰蔻,999440.0,0.14828303850156088,500-1000元,0,粉底,805.0297619047619,奢侈品牌
2025-11-11,A43215630551,兰蔻彩妆粉底 新奇迹薄纱粉底液 30ml SPF16 防晒保湿 轻薄自然遮,520.0,975,158,兰蔻,507000.0,0.16205128205128205,500-1000元,0,防晒,805.0297619047619,奢侈品牌
2025-11-11,A43249505908,兰蔻清滢柔肤水200ml/400ml 口碑粉水 补水保湿敏感肌适用,420.0,69108,5343,兰蔻,29025360.0,0.077313769751693,200-500元,1,其他,805.0297619047619,奢侈品牌
2025-11-11,A43249549628,兰蔻泡沫洗面奶 清滢嫩肤洁面乳125ml深层清洁保湿滋润温和不紧绷,320.0,3537,485,兰蔻,1131840.0,0.1371218546791066,200-500元,0,洁面,805.0297619047619,奢侈品牌
2025-11-11,A43249917514,【11.11】兰蔻「小黑瓶」眼膜霜精华肌底眼部凝霜眼霜15ml,560.0,9000,906,兰蔻,5040000.0,0.10066666666666667,500-1000元,0,精华,805.0297619047619,奢侈品牌
2025-11-11,A43267573066,【11.11】兰蔻奇迹香氛30ml 花果香调持久淡雅清新香味,530.0,1740,127,兰蔻,922200.0,0.07298850574712644,500-1000元,0,其他,805.0297619047619,奢侈品牌
2025-11-11,A43270812936,兰蔻「小黑瓶」精华肌底面膜 16ml*6水嫩弹性细致 补水保湿修护,720.0,1273,153,兰蔻,916560.0,0.1201885310290652,500-1000元,0,面膜,805.0297619047619,奢侈品牌
2025-11-11,A43271008790,【11.11】兰蔻 美肤修护精华乳 30ml补水保湿 锁水嫩肤,760.0,1734,205,兰蔻,1317840.0,0.1182237600922722,500-1000元,0,精华,805.0297619047619,奢侈品牌
2025-11-11,A43285604505,兰蔻护肤 美肤修护乳液100ml淡化痘印黑头毛孔 平滑水润 正品,780.0,2222,300,兰蔻,1733160.0,0.135013501350135,500-1000元,0,乳液,805.0297619047619,奢侈品牌
2025-11-11,A43900086832,【11.11】兰蔻 精准臻白淡斑精华乳30ml 补水保湿锁水白皙淡斑,830.0,541,121,兰蔻,449030.0,0.22365988909426987,500-1000元,0,精华,805.0297619047619,奢侈品牌
2025-11-11,A43939141857,【11.11】兰蔻 轻气垫CC霜 隔离粉底 轻薄遮瑕,420.0,14531,2226,兰蔻,6103020.0,0.15318973229646962,200-500元,1,粉底,805.0297619047619,奢侈品牌
2025-11-11,A44189756188,【11.11】兰蔻广角羽扇防晕染天鹅颈睫毛膏 大开双眼浓密卷翘,390.0,628,6,兰蔻,244920.0,0.009554140127388535,200-500元,0,睫毛膏,805.0297619047619,奢侈品牌
2025-11-11,A45490283061,兰蔻彩妆 云雾腮红6g立体修颜 妆效持久自然通透轻柔 白里透红,410.0,303,38,兰蔻,124230.0,0.1254125412541254,200-500元,0,其他,805.0297619047619,奢侈品牌
2025-11-11,A520574409040,【11.11】兰蔻「小黑瓶」精华肌底液30ml面部精华深入修护肌底,760.0,6122,529,兰蔻,4652720.0,0.08640967004246979,500-1000元,0,精华,805.0297619047619,奢侈品牌
2025-11-11,A520654260305,【11.11】兰蔻水份缘舒缓凝霜50ml 补水保湿排浊 舒缓弹润,575.0,871,70,兰蔻,500825.0,0.08036739380022963,500-1000元,0,其他,805.0297619047619,奢侈品牌
2025-11-11,A520776842459,兰蔻 黑金 臻宠面霜 柔嫩丰盈 紧实肌肤润泽滋养花香日霜 正品,3800.0,28,6,兰蔻,106400.0,0.21428571428571427,1000元以上,0,面霜,805.0297619047619,奢侈品牌
2025-11-11,A521073736266,【11.11】兰蔻水光润养睡眠面膜75ml 免洗 补水保湿 提亮肤色,480.0,1215,165,兰蔻,583200.0,0.13580246913580246,200-500元,0,面膜,805.0297619047619,奢侈品牌
2025-11-11,A521125710310,【11.11】兰蔻化妆水 黑金臻宠美容液 平滑紧致淡化皱纹细纹,1520.0,68,15,兰蔻,103360.0,0.22058823529411764,1000元以上,0,其他,805.0297619047619,奢侈品牌
2025-11-11,A521179416286,【11.11】兰蔻泡沫洗面奶 净透洁面泡沫125ml臻白洁面 清洁亮肤,350.0,600,29,兰蔻,210000.0,0.04833333333333333,200-500元,0,洁面,805.0297619047619,奢侈品牌
2025-11-11,A522198475354,【11.11】兰蔻清滢柔肤水400ml 口碑粉水 水润柔软补水保湿,420.0,25531,553,兰蔻,10723020.0,0.021659942814617524,200-500元,1,其他,805.0297619047619,奢侈品牌
2025-11-11,A522217114977,【11.11】兰蔻 「小黑瓶」大眼精华20ml 眼部精华液 深入修护,680.0,7600,80,兰蔻,5168000.0,0.010526315789473684,500-1000元,0,精华,805.0297619047619,奢侈品牌
2025-11-11,A522217521452,【11.11】兰蔻套装「小黑瓶」礼盒肌底精华液30ml+大眼精华20ml,1440.0,922,51,兰蔻,1327680.0,0.055314533622559656,1000元以上,0,精华,805.0297619047619,奢侈品牌
2025-11-11,A522221612218,【11.11】兰蔻美肤修护乳液100ml+美肤美容液200ml美肤修护家族,1285.0,937,68,兰蔻,1204045.0,0.07257203842049093,1000元以上,0,乳液,805.0297619047619,奢侈品牌
2025-11-11,A522965863116,【11.11】兰蔻立体塑颜紧致眼霜15ml+立体塑颜紧致面霜50ml,1455.0,1110,7,兰蔻,1615050.0,0.006306306306306306,1000元以上,0,面霜,805.0297619047619,奢侈品牌
2025-11-11,A523723179698,【11.11】兰蔻水份缘舒缓凝霜50ml +水份缘舒缓柔肤ㄠ200ml,1050.0,631,100,兰蔻,662550.0,0.15847860538827258,1000元以上,0,其他,805.0297619047619,奢侈品牌
2025-11-11,A524858854698,【11.11】兰蔻 菁纯丝绒唇膏   口红唇彩 哑光玫瑰原色 显色持久,270.0,5828,823,兰蔻,1573560.0,0.14121482498284146,200-500元,0,口红,805.0297619047619,奢侈品牌
2025-11-11,A527290411942,【11.11】兰蔻 「轻呼吸」防护露30mlSPF30+PA+++防污染防紫外线,480.0,1400,139,兰蔻,672000.0,0.09928571428571428,200-500元,0,其他,805.0297619047619,奢侈品牌
2025-11-11,A531974259453,【11.11】兰蔻菁纯臻颜润养眼霜20ml 淡化细纹细腻紧致,1080.0,125,3,兰蔻,135000.0,0.024,1000元以上,0,眼霜,805.0297619047619,奢侈品牌
2025-11-11,A532604234607,兰蔻 黑金臻宠精华乳30ml 淡化皱纹 滋养细腻 补水保湿润泽肌肤,4300.0,5,2,兰蔻,21500.0,0.4,1000元以上,0,精华,805.0297619047619,奢侈品牌
2025-11-11,A532608238573,兰蔻 金纯润白精华露30ml 保湿补水淡斑白皙淡化细纹 淡化黑色素,2380.0,5,2,兰蔻,11900.0,0.4,1000元以上,0,精华,805.0297619047619,奢侈品牌
2025-11-11,A534718784388,【11.11】兰蔻「水光瓶」水光润养精华液50ml 面霜精华补水保湿,490.0,1108,217,兰蔻,542920.0,0.19584837545126355,200-500元,0,面霜,805.0297619047619,奢侈品牌
2025-11-11,A538241744953,【11.11】兰蔻新立体塑颜焕活精华乳 30ml提拉紧致焕活肌肤,920.0,23,3,兰蔻,21160.0,0.13043478260869565,500-1000元,0,精华,805.0297619047619,奢侈品牌
2025-11-11,A540072215711,【11.11】兰蔻 菁纯柔润唇膏 口红唇彩杨幂同款天猫首发新品上市,270.0,1052,36,兰蔻,284040.0,0.034220532319391636,200-500元,0,口红,805.0297619047619,奢侈品牌
2025-11-11,A540072543430,【11.11】兰蔻 菁纯臻颜美容液150ml 淡化细纹 滋润保湿深层呵护,820.0,49,1,兰蔻,40180.0,0.02040816326530612,500-1000元,0,其他,805.0297619047619,奢侈品牌
2025-11-11,A540288506195,【11.11】兰蔻新塑颜修护「按摩霜」75ml  淡化细纹提拉紧致保湿,980.0,81,0,兰蔻,79380.0,0.0,500-1000元,0,其他,805.0297619047619,奢侈品牌
2025-11-11,A540389815725,【11.11】兰蔻法式轻妆大美盒 底妆气垫CC睫毛膏眼线唇膏遮瑕卸妆,1590.0,31,0,兰蔻,49290.0,0.0,1000元以上,0,睫毛膏,805.0297619047619,奢侈品牌
2025-11-11,A540620012950,【11.11】兰蔻 「小黑瓶」星光瓶限量版100ml 面部精华液,1680.0,828,0,兰蔻,1391040.0,0.0,1000元以上,0,精华,805.0297619047619,奢侈品牌
2025-11-11,A540630987996,【11.11】兰蔻 「小黑瓶」星光瓶50ml 面部精华液深入肌底,1080.0,224,0,兰蔻,241920.0,0.0,1000元以上,0,精华,805.0297619047619,奢侈品牌
2025-11-11,A540687660242,【11.11】兰蔻水光润养凝珠美容液200ml +水光润养精华液50ml,940.0,131,1,兰蔻,123140.0,0.007633587786259542,500-1000元,0,精华,805.0297619047619,奢侈品牌
2025-11-11,A541017620476,【11.11】兰蔻 明星套组口碑粉水400ml+水份缘舒缓凝霜50ml,995.0,431,3,兰蔻,428845.0,0.0069605568445475635,500-1000元,0,其他,805.0297619047619,奢侈品牌
2025-11-10,A43208487465,【11-11预售】兰蔻套装 水份缘舒缓柔肤ㄠ200ml+舒缓凝霜50ml,1050.0,4976,709,兰蔻,5224800.0,0.142483922829582,1000元以上,0,其他,805.0297619047619,奢侈品牌
2025-11-10,A43213422611,【11.11】兰蔻 臻白美颜霜日霜面霜50ml深层淡化色斑保湿补水淡斑,695.0,2100,253,兰蔻,1459500.0,0.12047619047619047,500-1000元,0,面霜,805.0297619047619,奢侈品牌
2025-11-10,A43251089044,兰蔻香水 珍爱香水30ml/50ml/100ml 半东方花香调 正品,795.0,488,72,兰蔻,387960.0,0.14754098360655737,500-1000元,0,其他,805.0297619047619,奢侈品牌
2025-11-10,A43418567389,兰蔻 菁纯臻颜精华乳 30ml 珍贵精油 淡化细纹深入滋养 金纯正品,2680.0,59,7,兰蔻,158120.0,0.11864406779661017,1000元以上,0,精华,805.0297619047619,奢侈品牌
2025-11-10,A44219073794,【11-11预售】兰蔻 广角羽扇防晕染天鹅颈睫毛膏 浓密卷翘纤长,390.0,4977,518,兰蔻,1941030.0,0.10407876230661041,200-500元,0,睫毛膏,805.0297619047619,奢侈品牌
2025-11-10,A44262268463,兰蔻香水 美丽人生淡香水50ml/100ml 淡雅持久 木兰花香调 正品,800.0,481,91,兰蔻,384800.0,0.1891891891891892,500-1000元,0,其他,805.0297619047619,奢侈品牌
2025-11-10,A44472791682,兰蔻臻白美颜乳液 100ml 臻白淡斑 保湿修护提亮肤色 正品,800.0,697,144,兰蔻,557600.0,0.2065997130559541,500-1000元,0,乳液,805.0297619047619,奢侈品牌
2025-11-10,A44557680723,兰蔻彩妆 奇迹光采遮瑕笔2.5ml保湿不油腻易上妆裸妆自然贴合肤色,310.0,322,67,兰蔻,99820.0,0.2080745341614907,200-500元,0,其他,805.0297619047619,奢侈品牌
2025-11-10,A45472151607,兰蔻 立体塑颜紧致乳液100ml提拉淡化皱纹细纹 紧致提拉,920.0,498,103,兰蔻,458160.0,0.20682730923694778,500-1000元,0,乳液,805.0297619047619,奢侈品牌
2025-11-10,A45623857690,【11-11预售】兰蔻「小黑瓶」肌底精华液30ml+大眼精华20ml,1440.0,2060,226,兰蔻,2966400.0,0.10970873786407767,1000元以上,0,精华,805.0297619047619,奢侈品牌
2025-11-10,A45699409199,兰蔻 梦魅睛灵防水睫毛膏6.5g 纤长卷翘 大眼娃娃睫毛膏,340.0,380,88,兰蔻,129200.0,0.23157894736842105,200-500元,0,睫毛膏,805.0297619047619,奢侈品牌
2025-11-10,A520947187116,【11-11预售】兰蔻美肤修护乳液100ml+美肤美容液200ml水润保湿,1285.0,3266,272,兰蔻,4196810.0,0.08328230251071647,1000元以上,0,乳液,805.0297619047619,奢侈品牌
2025-11-10,A522221388155,【11-11预售】兰蔻新立体塑颜提拉紧致面霜50ml+眼霜15ml滋润紧致,1455.0,3319,41,兰蔻,4829145.0,0.012353118409159385,1000元以上,0,面霜,805.0297619047619,奢侈品牌
2025-11-10,A525798033419,【11-11预售】兰蔻 轻妆大美盒 气垫cc睫毛膏卸妆水持妆遮瑕卸妆,1590.0,178,5,兰蔻,283020.0,0.028089887640449437,1000元以上,0,睫毛膏,805.0297619047619,奢侈品牌
2025-11-10,A529020181449,【11.11】兰蔻眼霜 新塑颜修护眼霜15ml提拉紧致改善眼周淡化细纹,560.0,132,44,兰蔻,73920.0,0.3333333333333333,500-1000元,0,眼霜,805.0297619047619,奢侈品牌
2025-11-10,A529344979087,兰蔻 男士活力修护乳50ml 补水保湿 缩小毛孔 淡化皱纹 改善暗沉,870.0,110,45,兰蔻,95700.0,0.4090909090909091,500-1000元,0,其他,805.0297619047619,奢侈品牌
2025-11-10,A529346095642,兰蔻 男士塑颜修护面霜 50ml 淡化细纹紧致肌肤改善暗沉滋润保湿,870.0,93,35,兰蔻,80910.0,0.3763440860215054,500-1000元,0,面霜,805.0297619047619,奢侈品牌
2025-11-10,A529412973395,兰蔻 男士劲能精华露 50ml 锁水淡化细纹 紧致轮廓 肌肤重焕年轻,760.0,103,37,兰蔻,78280.0,0.3592233009708738,500-1000元,0,精华,805.0297619047619,奢侈品牌
2025-11-10,A535654334898,兰蔻 【sonia限量】彩妆盘组合眼影盘眼唇盘唇膏持久显色裸妆,680.0,201,86,兰蔻,136680.0,0.42786069651741293,500-1000元,0,眼影,805.0297619047619,奢侈品牌
2025-11-10,A537286782401,【11-11预售】兰蔻 菁纯柔润唇膏口红唇彩 天猫首发新品上市,270.0,13875,2,兰蔻,3746250.0,0.00014414414414414415,200-500元,1,口红,805.0297619047619,奢侈品牌
2025-11-10,A538582056189,兰蔻「小黑瓶」眼部精华眼膜 加乘精华立现水润明眸,490.0,15,1,兰蔻,7350.0,0.06666666666666667,200-500元,0,精华,805.0297619047619,奢侈品牌
2025-11-10,A539978383029,【11-11预售】兰蔻水光润养凝珠美容液200ml 新根源洁颜ㄠ125ml,790.0,353,0,兰蔻,278870.0,0.0,500-1000元,0,其他,805.0297619047619,奢侈品牌
2025-11-10,A540005674843,【11-11预售】兰蔻新塑颜修护按摩霜晚霜 塑颜提拉紧致晚霜75ml,980.0,628,0,兰蔻,615440.0,0.0,500-1000元,0,其他,805.0297619047619,奢侈品牌
2025-11-10,A540005697583,【11-11预售】兰蔻黑金面霜30ml日霜 奢华臻宠深度滋养修复,2800.0,26,0,兰蔻,72800.0,0.0,1000元以上,0,面霜,805.0297619047619,奢侈品牌
2025-11-10,A540297904756,【11.11】兰蔻黑金臻宠面霜30ml日霜 奢华臻宠深度滋养修复,2800.0,0,0,兰蔻,0.0,0.0,1000元以上,0,面霜,805.0297619047619,奢侈品牌
2025-11-10,A540685617434,【11-11预售】兰蔻明星套装 小黑瓶30ml+粉水200ml 补水肌底修护,1080.0,435,0,兰蔻,469800.0,0.0,1000元以上,0,其他,805.0297619047619,奢侈品牌
2025-11-10,A541016856440,兰蔻 美肤修护精华乳 30ml补水保湿 锁水嫩肤,760.0,0,0,兰蔻,0.0,0.0,500-1000元,0,精华,805.0297619047619,奢侈品牌
2025-11-09,A43265884742,兰蔻口红唇膏 迷恋唇膏 珍珠闪粉 水润保湿显色持久 正品,270.0,2398,160,兰蔻,647460.0,0.06672226855713094,200-500元,0,口红,805.0297619047619,奢侈品牌
2025-11-08,A527366504778,兰蔻菁纯 臻颜洁面泡沫 150ml细腻丰富泡沫 金纯正品深度清洁毛孔,750.0,92,25,兰蔻,69000.0,0.2717391304347826,500-1000元,0,洁面,805.0297619047619,奢侈品牌
2025-11-08,A539977730367,兰蔻水光润养凝珠美容液200ml+光泽润养洁颜ㄠ125ml,790.0,1,0,兰蔻,790.0,0.0,500-1000元,0,其他,805.0297619047619,奢侈品牌
2025-11-07,A527342242920,【11-11预售】兰蔻菁纯臻颜玫瑰愈颜霜 润养修护受损肌肤,2680.0,296,35,兰蔻,793280.0,0.11824324324324324,1000元以上,0,其他,805.0297619047619,奢侈品牌
2025-11-07,A540062680238,【11.11】兰蔻菁纯臻颜愈颜霜50ml 淡化细纹细腻紧致提升修护力,2680.0,1,1,兰蔻,2680.0,1.0,1000元以上,0,其他,805.0297619047619,奢侈品牌
2025-11-06,A521841849299,兰蔻 护肤迷你体验套装系列 超值礼盒 买即赠等额礼金券100元,100.0,18829,6394,兰蔻,1882900.0,0.33958255881884325,50-100元,1,其他,805.0297619047619,奢侈品牌
2025-11-14,A536404011589,【娇兰】亲亲滋润护唇膏润唇膏 杨洋挚荐 保湿持久滋润,320.0,4572,1988,娇兰,1463040.0,0.4348206474190726,200-500元,0,其他,1361.2585034013605,奢侈品牌
2025-11-14,A536464930514,【娇兰】 帝皇蜂姿修复蜜润柔肤水套装 滋润紧致 收缩毛孔,570.0,265,70,娇兰,151050.0,0.2641509433962264,500-1000元,0,其他,1361.2585034013605,奢侈品牌
2025-11-14,A536465658044,【娇兰】水合青春保湿精华水套装 补水收缩毛孔 舒缓肌肤,490.0,128,26,娇兰,62720.0,0.203125,200-500元,0,精华,1361.2585034013605,奢侈品牌
2025-11-14,A536469326942,【娇兰】御廷兰花眼唇霜套装15ml 紧实眼部及唇部肌肤,1800.0,28,8,娇兰,50400.0,0.2857142857142857,1000元以上,0,其他,1361.2585034013605,奢侈品牌
2025-11-14,A536507933395,【娇兰】 御廷兰花卓能焕活乳霜 50ml  补水保湿 润活滋养年轻肌,3800.0,5,3,娇兰,19000.0,0.6,1000元以上,0,其他,1361.2585034013605,奢侈品牌
2025-11-14,A536510937963,【娇兰】亲亲唇膏口红3.5g 杨洋色344经典 滋润保湿,320.0,9838,2450,娇兰,3148160.0,0.24903435657653994,200-500元,0,口红,1361.2585034013605,奢侈品牌
2025-11-14,A537363255886,【娇兰】小黑裙淡香水 清新花香调 持久留香 甜美粉色,570.0,179,24,娇兰,102030.0,0.1340782122905028,500-1000元,0,其他,1361.2585034013605,奢侈品牌
2025-11-14,A537487583257,【娇兰】 臻彩宝石唇膏口红 持久润唇 保湿不脱妆,480.0,246,56,娇兰,118080.0,0.22764227642276422,200-500元,0,口红,1361.2585034013605,奢侈品牌
2025-11-14,A537499775979,【娇兰】理想男士古龙水香水100ml套装 清新活力持久留香,830.0,3,1,娇兰,2490.0,0.3333333333333333,500-1000元,0,其他,1361.2585034013605,奢侈品牌
2025-11-14,A537517940729,【娇兰】帝皇蜂姿赋妍紧致修复精华 收缩毛孔紧致肌肤,1220.0,163,26,娇兰,198860.0,0.15950920245398773,1000元以上,0,精华,1361.2585034013605,奢侈品牌
2025-11-14,A537566966693,【娇兰】 理想男士淡香水50ml 古龙香水男阳刚气色清新持久留香,640.0,16,3,娇兰,10240.0,0.1875,500-1000元,0,其他,1361.2585034013605,奢侈品牌
2025-11-14,A537574170700,【娇兰】金钻修颜粉底液30ml 遮瑕持久 轻薄贴肤如丝绸般,800.0,130,33,娇兰,104000.0,0.25384615384615383,500-1000元,0,粉底,1361.2585034013605,奢侈品牌
2025-11-14,A537601740237,【娇兰】珍珠肌透白泡沫洁颜乳套装 深层清洁 珍珠莹采,480.0,119,30,娇兰,57120.0,0.25210084033613445,200-500元,0,其他,1361.2585034013605,奢侈品牌
2025-11-14,A537607097185,【娇兰】 水合青春保湿精华露30ml 改善皱纹 净澈保湿持久补水锁,1240.0,19,6,娇兰,23560.0,0.3157894736842105,1000元以上,0,精华,1361.2585034013605,奢侈品牌
2025-11-14,A537656184244,【娇兰】幻彩流星明星粉球 白皙色均匀修容定妆 提亮肤色,520.0,1138,510,娇兰,591760.0,0.44815465729349735,500-1000元,0,其他,1361.2585034013605,奢侈品牌
2025-11-14,A537682112503,【娇兰】幻彩流星粉球限量版定妆蜜散粉 腮红散粉两用,530.0,354,73,娇兰,187620.0,0.2062146892655367,500-1000元,0,其他,1361.2585034013605,奢侈品牌
2025-11-14,A538021608019,【娇兰】 御廷兰花10周年限量版乳霜 XQ向京限量版猴子储蓄罐,10000.0,2,2,娇兰,20000.0,1.0,1000元以上,0,其他,1361.2585034013605,奢侈品牌
2025-11-14,A538023100152,【娇兰】迷醉一千零一夜香水限量版 淡香清新 持久留香,1040.0,31,12,娇兰,32240.0,0.3870967741935484,1000元以上,0,其他,1361.2585034013605,奢侈品牌
2025-11-14,A538101789345,【娇兰】幻彩流星亮肤修颜液妆前打底30ml  提亮肤色,600.0,95,24,娇兰,57000.0,0.25263157894736843,500-1000元,0,其他,1361.2585034013605,奢侈品牌
2025-11-14,A538331223906,【娇兰】 丝柔亲肤粉饼SPF20PA++锁水保湿 定妆散粉 防晒提亮不泛,590.0,30,9,娇兰,17700.0,0.3,500-1000元,0,防晒,1361.2585034013605,奢侈品牌
2025-11-14,A538448999354,【娇兰】 珍珠肌透白保湿焕彩粉底液SPF25PA+++ 防晒保湿 遮瑕提,560.0,39,13,娇兰,21840.0,0.3333333333333333,500-1000元,0,防晒,1361.2585034013605,奢侈品牌
2025-11-14,A538455353493,【娇兰】 丝柔亲肤粉底液30ml SPF20PA+ 防晒保湿 轻盈透薄服帖,560.0,34,16,娇兰,19040.0,0.47058823529411764,500-1000元,0,防晒,1361.2585034013605,奢侈品牌
2025-11-14,A538513655551,【娇兰】 水合青春保湿眼部精华15ml 补水滋润 淡化细纹,910.0,4,3,娇兰,3640.0,0.75,500-1000元,0,精华,1361.2585034013605,奢侈品牌
2025-11-14,A538513927030,【娇兰】 金钻焕彩凝露30ml 精致妆前打底ㄠ 保湿滋润,650.0,58,10,娇兰,37700.0,0.1724137931034483,500-1000元,0,其他,1361.2585034013605,奢侈品牌
2025-11-14,A538514859453,【娇兰】 帝皇蜂姿紧致修护眼霜 平滑眼周细干纹 舒缓紧致眼周,1120.0,16,3,娇兰,17920.0,0.1875,1000元以上,0,眼霜,1361.2585034013605,奢侈品牌
2025-11-14,A538526543317,【娇兰】 御廷兰花卓能焕活精华水125ml 深层补水保湿滋润,1150.0,18,5,娇兰,20700.0,0.2777777777777778,1000元以上,0,精华,1361.2585034013605,奢侈品牌
2025-11-14,A538570049756,【娇兰】幻彩流星蜜粉饼 定妆散粉 提亮肤色 透明光泽,530.0,72,17,娇兰,38160.0,0.2361111111111111,500-1000元,0,蜜粉,1361.2585034013605,奢侈品牌
2025-11-14,A538592246700,【娇兰】 水合青春口碑明星保湿水凝霜 持久补水 舒缓保湿,985.0,13,5,娇兰,12805.0,0.38461538461538464,500-1000元,0,其他,1361.2585034013605,奢侈品牌
2025-11-14,A538592774283,【娇兰】 帝皇蜂姿金采明眸眼部精华露15ml 补水滋润 淡化熊猫眼,1010.0,13,3,娇兰,13130.0,0.23076923076923078,1000元以上,0,精华,1361.2585034013605,奢侈品牌
2025-11-14,A538592906830,【娇兰】帝皇蜂姿紧致日霜滋润型50ml 紧致提升 补水保湿焕发光,1280.0,19,7,娇兰,24320.0,0.3684210526315789,1000元以上,0,其他,1361.2585034013605,奢侈品牌
2025-11-14,A538607708818,【娇兰】金钻修颜粉饼SPF15PA++ 遮瑕保湿散粉 服帖定妆 提亮肤色,800.0,69,16,娇兰,55200.0,0.2318840579710145,500-1000元,0,其他,1361.2585034013605,奢侈品牌
2025-11-14,A538637629872,【娇兰】 水合青春保湿日霜50ml 持久补水滋润 舒缓保湿面霜,985.0,16,4,娇兰,15760.0,0.25,500-1000元,0,面霜,1361.2585034013605,奢侈品牌
2025-11-14,A538638181295,【娇兰】 水合青春保湿晚霜 面霜50ml 持久补水滋润 淡化细干纹,1140.0,10,3,娇兰,11400.0,0.3,1000元以上,0,面霜,1361.2585034013605,奢侈品牌
2025-11-14,A538639053050,【娇兰】 御廷兰花亮白美肤隔离乳30ml（SPF30+PA+++）防晒保护,1310.0,3,1,娇兰,3930.0,0.3333333333333333,1000元以上,0,防晒,1361.2585034013605,奢侈品牌
2025-11-14,A538672912057,【娇兰】 水合青春保湿精华清新型30ml 持久补水滋润 轻盈质地 易,1240.0,0,0,娇兰,0.0,0.0,1000元以上,0,精华,1361.2585034013605,奢侈品牌
2025-11-14,A538683274263,【娇兰】幻彩流星亮肌乳30mlSPF25/PA++ 保湿水润妆前打底,480.0,24,10,娇兰,11520.0,0.4166666666666667,200-500元,0,其他,1361.2585034013605,奢侈品牌
2025-11-14,A538806948852,【娇兰】一触飞翘浓密睫毛膏黑色 放大双眸 浓密卷翘纤长,340.0,47,17,娇兰,15980.0,0.3617021276595745,200-500元,0,睫毛膏,1361.2585034013605,奢侈品牌
2025-11-14,A538812200188,【娇兰】帝皇蜂姿黄金复原蜜50ml 轻盈渗透 杨洋同款,1120.0,88,4,娇兰,98560.0,0.045454545454545456,1000元以上,0,其他,1361.2585034013605,奢侈品牌
2025-11-14,A539337736639,【娇兰】娇兰彩妆刷 粉刷 化妆刷子 幻彩流星粉球必备,310.0,35,0,娇兰,10850.0,0.0,200-500元,0,其他,1361.2585034013605,奢侈品牌
2025-11-14,A539354503364,【娇兰】丝柔亲肤BB霜 亮白色 裸妆提亮 修颜遮瑕补水保湿,440.0,13,0,娇兰,5720.0,0.0,200-500元,0,其他,1361.2585034013605,奢侈品牌
2025-11-14,A539355401943,【娇兰】一触飞翘防水睫毛膏 持久不晕染 浓密纤长放大电眼,340.0,0,0,娇兰,0.0,0.0,200-500元,0,睫毛膏,1361.2585034013605,奢侈品牌
2025-11-14,A540017992674,【娇兰】帝王之水金箔蜂姿琉金典藏版1L 男士女士香氛 古龙水,10000.0,0,0,娇兰,0.0,0.0,1000元以上,0,其他,1361.2585034013605,奢侈品牌
2025-11-14,A540019458368,【娇兰】帝王之水金箔蜂姿琉金典藏版500ml 古龙水清新提神,6480.0,3,0,娇兰,19440.0,0.0,1000元以上,0,其他,1361.2585034013605,奢侈品牌
2025-11-14,A540026833056,【娇兰】舒缓保湿霜15ml明星套装 补水修护舒缓肌肤,260.0,105,0,娇兰,27300.0,0.0,200-500元,0,其他,1361.2585034013605,奢侈品牌
2025-11-14,A540027966043,【娇兰】水合青春精华面贴膜套装6片 补水保湿 质感丝滑湿润,1150.0,10,0,娇兰,11500.0,0.0,1000元以上,0,精华,1361.2585034013605,奢侈品牌
2025-11-14,A540029006147,【娇兰】纯净美肌眼唇双效卸妆液125ml 温和深层洁净,430.0,1,0,娇兰,430.0,0.0,200-500元,0,卸妆,1361.2585034013605,奢侈品牌
2025-11-14,A540035616409,【娇兰】娇兰水合青春保湿BB霜40ml明亮色 裸妆遮瑕持久,620.0,0,0,娇兰,0.0,0.0,500-1000元,0,其他,1361.2585034013605,奢侈品牌
2025-11-14,A540036780841,【娇兰】凝时恒采粉底液30ml 防晒保湿 细腻清透 隐匿瑕疵,560.0,13,0,娇兰,7280.0,0.0,500-1000元,0,防晒,1361.2585034013605,奢侈品牌
2025-11-14,A540036860459,【娇兰】御廷兰花卓能焕活洁面乳125ml 温和洁净 舒缓肌肤,880.0,1,0,娇兰,880.0,0.0,500-1000元,0,洁面,1361.2585034013605,奢侈品牌
2025-11-14,A540038114324,【娇兰】帝皇蜂姿紧致修复凝蜜面膜50ml 补水保湿滋润,1280.0,11,0,娇兰,14080.0,0.0,1000元以上,0,面膜,1361.2585034013605,奢侈品牌
2025-11-14,A540038208653,【娇兰】眉笔黑色 修饰轮廓 防水不晕染 持久不脱妆浓密轻盈,240.0,2,0,娇兰,480.0,0.0,200-500元,0,其他,1361.2585034013605,奢侈品牌
2025-11-14,A540038226920,【娇兰】御廷兰花卓能焕活晚间精华露125ML 深层补水保湿,1870.0,7,0,娇兰,13090.0,0.0,1000元以上,0,精华,1361.2585034013605,奢侈品牌
2025-11-14,A540038351686,【娇兰】御廷兰花卓能焕活凝霜30ml 保湿补水 滋养紧致肌肤,2850.0,7,0,娇兰,19950.0,0.0,1000元以上,0,其他,1361.2585034013605,奢侈品牌
2025-11-14,A540039666522,【娇兰】 幻彩云霓美唇蜜唇彩 保湿滋润不脱色 艳丽色泽,280.0,9,0,娇兰,2520.0,0.0,200-500元,0,其他,1361.2585034013605,奢侈品牌
2025-11-14,A540064387721,【娇兰】帝王之水金箔蜂姿琉金典藏版250ml套装 香氛古龙水,4360.0,3,0,娇兰,13080.0,0.0,1000元以上,0,其他,1361.2585034013605,奢侈品牌
2025-11-14,A540065472596,【娇兰】御廷兰花卓能焕活精华液30ml 保湿滋润 紧致淡细纹,4500.0,4,0,娇兰,18000.0,0.0,1000元以上,0,精华,1361.2585034013605,奢侈品牌
2025-11-14,A540189922026,【娇兰】丝柔蜜粉饼 营造细致透明妆感 柔滑细腻贴肤美颜,480.0,15,1,娇兰,7200.0,0.06666666666666667,200-500元,0,蜜粉,1361.2585034013605,奢侈品牌
2025-11-14,A540190519057,【娇兰】腮红亲密容和肌肤 裸妆感 自然持久玫瑰闰色腮红,420.0,9,0,娇兰,3780.0,0.0,200-500元,0,其他,1361.2585034013605,奢侈品牌
2025-11-14,A540211731451,【娇兰】花草水语淡香水系列 舒缓清新 持久淡香,600.0,18,0,娇兰,10800.0,0.0,500-1000元,0,其他,1361.2585034013605,奢侈品牌
2025-11-14,A540280458393,【娇兰】水合青春精华眼贴膜,1150.0,0,0,娇兰,0.0,0.0,1000元以上,0,精华,1361.2585034013605,奢侈品牌
2025-11-14,A540624328755,【娇兰】流金润唇膏蜜 透明保湿滋润持久不脱色,260.0,20,1,娇兰,5200.0,0.05,200-500元,0,其他,1361.2585034013605,奢侈品牌
2025-11-14,A540630190184,【娇兰】御廷兰花卓能焕活乳霜限量版 肌肤焕发青春活力,3800.0,10,0,娇兰,38000.0,0.0,1000元以上,0,其他,1361.2585034013605,奢侈品牌
2025-11-14,A540677647060,【娇兰】御廷兰花黑兰面霜50ml 盛典礼献限量版 补水保湿滋润,9500.0,0,0,娇兰,0.0,0.0,1000元以上,0,面霜,1361.2585034013605,奢侈品牌
2025-11-14,A540682405638,【娇兰】幻彩流星彩妆刷定妆刷散粉刷 幻彩流星粉球必备搭档,310.0,24,0,娇兰,7440.0,0.0,200-500元,0,其他,1361.2585034013605,奢侈品牌
2025-11-14,A540683384833,【娇兰】水合青春保湿精华面膜75ml丰盈亮滑补水保湿收缩毛孔,620.0,6,0,娇兰,3720.0,0.0,500-1000元,0,面膜,1361.2585034013605,奢侈品牌
2025-11-14,A540685354480,【品牌团】娇兰御廷兰花卓能焕活洁面乳 温和清洁 净化舒缓肌肤,880.0,0,0,娇兰,0.0,0.0,500-1000元,0,洁面,1361.2585034013605,奢侈品牌
2025-11-14,A540685584434,【娇兰】娇兰痘印遮瑕膏15ml 舒缓肌肤 缓解泛红改善痘印斑痕,260.0,19,0,娇兰,4940.0,0.0,200-500元,0,其他,1361.2585034013605,奢侈品牌
2025-11-14,A540688277357,【娇兰】纯净美肌亲肤卸妆水保湿 温和清洁脸部眼周彩妆,480.0,2,0,娇兰,960.0,0.0,200-500元,0,卸妆,1361.2585034013605,奢侈品牌
2025-11-14,A540688465182,【娇兰】纯净美肌洁面泡沫慕斯 温和洁净 芬芳轻盈稠密浓郁,480.0,0,0,娇兰,0.0,0.0,200-500元,0,洁面,1361.2585034013605,奢侈品牌
2025-11-14,A540688729512,[娇兰] 一千零一夜清新香氛淡香水东方香调男士女士 性感迷人,570.0,4,0,娇兰,2280.0,0.0,500-1000元,0,其他,1361.2585034013605,奢侈品牌
2025-11-14,A540689154822,【品牌团】娇兰赋妍紧致蜂皇修复精华 修复圣品补水保湿,1220.0,1,0,娇兰,1220.0,0.0,1000元以上,0,精华,1361.2585034013605,奢侈品牌
2025-11-14,A540690165637,【娇兰】小黑裙经典浓香水 女士香氛 持久清新花香果香调,650.0,19,0,娇兰,12350.0,0.0,500-1000元,0,其他,1361.2585034013605,奢侈品牌
2025-11-14,A540691425389,【娇兰】美颜提亮乳15ml 保湿滋润即时收紧及提亮肌肤,260.0,15,0,娇兰,3900.0,0.0,200-500元,0,其他,1361.2585034013605,奢侈品牌
2025-11-14,A540692586872,【娇兰】纯净奥秘莲花轻柔磨砂膏 去角质 改善暗沉 提亮肤色,500.0,0,0,娇兰,0.0,0.0,200-500元,0,其他,1361.2585034013605,奢侈品牌
2025-11-14,A540694259712,【娇兰】娇兰纯净美肌洁面乳 深层清洁滋润洁净焕亮 不紧绷,480.0,1,0,娇兰,480.0,0.0,200-500元,0,洁面,1361.2585034013605,奢侈品牌
2025-11-14,A540694551406,[娇兰]一千零一夜香氛 男士女士浓香水清新持久粉质花香,700.0,0,0,娇兰,0.0,0.0,500-1000元,0,其他,1361.2585034013605,奢侈品牌
2025-11-14,A540695063207,【娇兰】爱朵淡香水50ml 清新香氛 女士香氛 经典优雅,800.0,0,0,娇兰,0.0,0.0,500-1000元,0,其他,1361.2585034013605,奢侈品牌
2025-11-14,A540695246013,【娇兰】珍珠肌透白隔离防晒乳液 超轻盈质感 减缓紫外线损害,590.0,7,0,娇兰,4130.0,0.0,500-1000元,0,防晒,1361.2585034013605,奢侈品牌
2025-11-14,A540695258729,【娇兰】御廷兰花金兰透亮粉底乳 遮瑕粉底液 妆前乳,1650.0,0,0,娇兰,0.0,0.0,1000元以上,0,粉底,1361.2585034013605,奢侈品牌
2025-11-14,A540695295678,【娇兰】帝皇蜂姿紧致修护日霜（清新型） 紧致提升 焕发光泽,1280.0,3,0,娇兰,3840.0,0.0,1000元以上,0,其他,1361.2585034013605,奢侈品牌
2025-11-14,A540695299137,【娇兰】娇兰爱朵浓香水 花香柑苔香调 活力香氛,700.0,3,0,娇兰,2100.0,0.0,500-1000元,0,其他,1361.2585034013605,奢侈品牌
2025-11-14,A540695643809,【娇兰】珍珠肌透白润肤水柔肤水 补水保湿滋润 提亮肤色,570.0,0,0,娇兰,0.0,0.0,500-1000元,0,其他,1361.2585034013605,奢侈品牌
2025-11-14,A540696759587,【娇兰】御廷兰花卓能焕活亮白精华露 滋润修复紧致,4350.0,0,0,娇兰,0.0,0.0,1000元以上,0,精华,1361.2585034013605,奢侈品牌
2025-11-14,A540726532255,【娇兰】珍珠肌透白肤色修正乳液 提亮肤色 淡化色斑保湿滋润,540.0,1,0,娇兰,540.0,0.0,500-1000元,0,乳液,1361.2585034013605,奢侈品牌
2025-11-12,A540067319618,【娇兰】小黑裙护体乳女士200ml 持久保湿滋润 花香果香调,560.0,9,0,娇兰,5040.0,0.0,500-1000元,0,其他,1361.2585034013605,奢侈品牌
2025-11-11,A537969694885,【品牌团】娇兰帝皇蜂姿黄金复原蜜杨洋同款28ml 轻盈渗透,680.0,885,308,娇兰,601800.0,0.3480225988700565,500-1000元,0,其他,1361.2585034013605,奢侈品牌
2025-11-11,A538632917108,【品牌团】娇兰亲亲唇膏口红套装 持久保湿不脱色 经典杨洋色,320.0,1199,194,娇兰,383680.0,0.16180150125104253,200-500元,0,口红,1361.2585034013605,奢侈品牌
2025-11-11,A538634857806,【品牌团】娇兰亲亲滋润护唇膏 持久保湿修复光滑 杨洋的美色,320.0,507,169,娇兰,162240.0,0.3333333333333333,200-500元,0,其他,1361.2585034013605,奢侈品牌
2025-11-11,A539964791283,【品牌团】娇兰水合青春精华面贴膜 保湿滋润易吸收光滑有光泽,1150.0,4,0,娇兰,4600.0,0.0,1000元以上,0,精华,1361.2585034013605,奢侈品牌
2025-11-11,A539966271435,【品牌团】娇兰花草水语香水 清新淡香持久 优雅轻盈 愉悦提神,600.0,4,0,娇兰,2400.0,0.0,500-1000元,0,其他,1361.2585034013605,奢侈品牌
2025-11-11,A540233368735,【品牌团】娇兰亲亲唇膏口红+润唇膏组合明星套装 杨洋挚爱推荐,640.0,36,1,娇兰,23040.0,0.027777777777777776,500-1000元,0,口红,1361.2585034013605,奢侈品牌
2025-11-11,A540239605514,【娇兰盛典】御廷兰花卓能焕活丰润乳霜套装十周年限量版卓越功效,3800.0,2,0,娇兰,7600.0,0.0,1000元以上,0,其他,1361.2585034013605,奢侈品牌
2025-11-11,A540623091040,【品牌团】娇兰舒缓保湿霜15ml 补水修护舒缓肌肤提升肌肤光泽,260.0,37,0,娇兰,9620.0,0.0,200-500元,0,其他,1361.2585034013605,奢侈品牌
2025-11-11,A540630827076,【品牌团】娇兰帝皇蜂姿紧致眼霜+金采明眸眼部精华露组合套装,1700.0,19,0,娇兰,32300.0,0.0,1000元以上,0,精华,1361.2585034013605,奢侈品牌
2025-11-11,A540675500096,【娇兰盛典】帝皇蜂姿紧致修复凝蜜面膜 质地轻盈 补水保湿滋润,1280.0,0,0,娇兰,0.0,0.0,1000元以上,0,面膜,1361.2585034013605,奢侈品牌
2025-11-11,A540678104652,【娇兰盛典】小黑裙护体乳200ml  保湿补水 全身滋润补水持久清新,560.0,2,1,娇兰,1120.0,0.5,500-1000元,0,其他,1361.2585034013605,奢侈品牌
2025-11-11,A540678432326,【娇兰盛典】小黑裙沐浴露200ml 明星系列 深层清保湿 洁持久留香,410.0,1,0,娇兰,410.0,0.0,200-500元,0,其他,1361.2585034013605,奢侈品牌
2025-11-11,A540683794866,【娇兰盛典】纯净美肌眼唇双效卸妆液125ml 深层清洁滋润保湿补水,430.0,0,0,娇兰,0.0,0.0,200-500元,0,卸妆,1361.2585034013605,奢侈品牌
2025-11-11,A540685118221,【品牌团】娇兰御廷兰花卓能焕活凝霜30ml隐匿老化痕迹舒适质感,2850.0,0,0,娇兰,0.0,0.0,1000元以上,0,其他,1361.2585034013605,奢侈品牌
2025-11-11,A540685551529,【娇兰盛典】水合青春保湿BB霜SPF25/PA++  淡斑遮瑕保湿提亮肤色,620.0,0,0,娇兰,0.0,0.0,500-1000元,0,其他,1361.2585034013605,奢侈品牌
2025-11-11,A540685826039,【品牌团】娇兰御廷兰花卓能焕活精华液30ml 弹性紧致肤色均匀,4500.0,0,0,娇兰,0.0,0.0,1000元以上,0,精华,1361.2585034013605,奢侈品牌
2025-11-11,A540685911446,【娇兰盛典】帝皇蜂姿滋养日霜50ml 保湿补水紧致肌肤 滋润修复,1480.0,4,0,娇兰,5920.0,0.0,1000元以上,0,其他,1361.2585034013605,奢侈品牌
2025-11-11,A540686175927,【品牌团】娇兰御廷兰花卓能焕活晚间精华露125ml 肌肤净化焕活,1870.0,4,0,娇兰,7480.0,0.0,1000元以上,0,精华,1361.2585034013605,奢侈品牌
2025-11-11,A540687311363,【娇兰盛典】凝时恒采粉底液 持久保湿滋润遮瑕裸妆 亮肤清透丝滑,560.0,1,0,娇兰,560.0,0.0,500-1000元,0,粉底,1361.2585034013605,奢侈品牌
2025-11-11,A540687843692,【娇兰盛典】幻彩云霓美唇蜜 持久保湿滋润透明不脱色 唇蜜唇彩,280.0,0,0,娇兰,0.0,0.0,200-500元,0,其他,1361.2585034013605,奢侈品牌
2025-11-11,A540770992488,【娇兰盛典】娇兰复原蜜50ml 修复精华杨洋同款蜜润焕亮紧致,1120.0,11,1,娇兰,12320.0,0.09090909090909091,1000元以上,0,精华,1361.2585034013605,奢侈品牌
2025-11-11,A540850043676,【品牌团】娇兰帝皇蜂姿黄金复原蜜50ml 精华油提拉紧致滋润肌肤,1120.0,81,0,娇兰,90720.0,0.0,1000元以上,0,精华,1361.2585034013605,奢侈品牌
2025-11-11,A540854828898,【娇兰盛典】亲亲唇膏金管344杨洋色+幻彩流星粉球白皙色套装,840.0,20,0,娇兰,16800.0,0.0,500-1000元,0,其他,1361.2585034013605,奢侈品牌
2025-11-11,A541179113083,【品牌团】娇兰幻彩流星粉球送眼影正装 散粉定妆粉提亮肤色,520.0,86,2,娇兰,44720.0,0.023255813953488372,500-1000元,0,眼影,1361.2585034013605,奢侈品牌
2025-11-10,A537341251849,【娇兰预售】小黑裙女士香水套装 guerlain圣诞套装 清新花香调,570.0,69,23,娇兰,39330.0,0.3333333333333333,500-1000元,0,其他,1361.2585034013605,奢侈品牌
2025-11-10,A538394123752,【预售】娇兰 滋润护唇膏套装 保湿持久 润饰美唇 玫瑰色泽,320.0,437,66,娇兰,139840.0,0.15102974828375287,200-500元,0,其他,1361.2585034013605,奢侈品牌
2025-11-10,A538513295588,【娇兰预售】帝皇蜂姿修复蜜润柔肤水套装 补水保湿收缩毛孔,570.0,191,17,娇兰,108870.0,0.08900523560209424,500-1000元,0,其他,1361.2585034013605,奢侈品牌
2025-11-10,A538527391119,【娇兰预售】小黑裙淡香水30ml套装 清新花香调 持久留香女士香氛,570.0,262,24,娇兰,149340.0,0.0916030534351145,500-1000元,0,其他,1361.2585034013605,奢侈品牌
2025-11-10,A538527443916,【娇兰预售】明星口红 臻彩宝石唇膏  持久保湿不脱妆 水润盈亮,480.0,81,8,娇兰,38880.0,0.09876543209876543,200-500元,0,口红,1361.2585034013605,奢侈品牌
2025-11-10,A538553176856,【预售】娇兰口红套装 亲亲唇膏 滋润显色不脱妆 色选多样,320.0,1452,117,娇兰,464640.0,0.08057851239669421,200-500元,0,口红,1361.2585034013605,奢侈品牌
2025-11-10,A538651429336,【娇兰预售】御廷兰花眼唇霜套装 紧实眼部及唇部肌肤清新舒缓,1800.0,29,2,娇兰,52200.0,0.06896551724137931,1000元以上,0,其他,1361.2585034013605,奢侈品牌
2025-11-10,A538651661884,【娇兰预售】帝皇蜂姿赋妍紧致修复精华套装 收缩毛孔提拉紧致,1220.0,174,4,娇兰,212280.0,0.022988505747126436,1000元以上,0,精华,1361.2585034013605,奢侈品牌
2025-11-10,A538672700293,【娇兰预售】珍珠肌透白泡沫洁颜乳150ml套装 深层清洁去角质,480.0,102,14,娇兰,48960.0,0.13725490196078433,200-500元,0,其他,1361.2585034013605,奢侈品牌
2025-11-10,A538687160865,【娇兰预售】幻彩流星亮肤修颜液30ml 保湿盈亮 妆前隔离打底,600.0,70,12,娇兰,42000.0,0.17142857142857143,500-1000元,0,隔离霜,1361.2585034013605,奢侈品牌
2025-11-10,A538687372204,【娇兰预售】娇兰 金钻修颜粉底液30ml 遮瑕持久不易脱 轻薄贴肤,800.0,79,5,娇兰,63200.0,0.06329113924050633,500-1000元,0,粉底,1361.2585034013605,奢侈品牌
2025-11-10,A538709312277,【娇兰预售】娇兰 迷醉一千零一夜香水50ml限量版 淡香清新持久,1040.0,12,6,娇兰,12480.0,0.5,1000元以上,0,其他,1361.2585034013605,奢侈品牌
2025-11-10,A539737245864,【娇兰预售】御廷兰花臻兰面霜焕发肌肤年轻活力滋润持久补水,9500.0,6,0,娇兰,57000.0,0.0,1000元以上,0,面霜,1361.2585034013605,奢侈品牌
2025-11-10,A539853296838,【预售】帝皇蜂姿赋妍紧致修复精华30ml,1220.0,93,0,娇兰,113460.0,0.0,1000元以上,0,精华,1361.2585034013605,奢侈品牌
2025-11-10,A539856811918,【预售】娇兰 水合青春保湿精华水套装 密集补水 充盈保湿亮泽,490.0,27,0,娇兰,13230.0,0.0,200-500元,0,精华,1361.2585034013605,奢侈品牌
2025-11-10,A539859362428,【预售】娇兰口红 臻彩宝石唇膏  持久润唇女保湿不脱妆 饱和显色,480.0,34,0,娇兰,16320.0,0.0,200-500元,0,口红,1361.2585034013605,奢侈品牌
2025-11-10,A539861763510,【预售】娇兰 一触飞翘浓密睫毛膏黑色,340.0,7,0,娇兰,2380.0,0.0,200-500元,0,睫毛膏,1361.2585034013605,奢侈品牌
2025-11-10,A539862025630,【预售】娇兰 幻彩流星亮肌乳 防晒隔离 SPF25/PA++ 保湿水润,480.0,13,0,娇兰,6240.0,0.0,200-500元,0,防晒,1361.2585034013605,奢侈品牌
2025-11-10,A539862129361,【预售】娇兰 花草水语淡香水75ml 经典女士 清新自然淡雅香氛,600.0,21,0,娇兰,12600.0,0.0,500-1000元,0,其他,1361.2585034013605,奢侈品牌
2025-11-10,A539864581455,【预售】娇兰 幻彩流星蜜粉饼 明星定妆散粉 控油干爽 提亮肤色,530.0,18,0,娇兰,9540.0,0.0,500-1000元,0,蜜粉,1361.2585034013605,奢侈品牌
2025-11-10,A539947093759,【娇兰预售】幻彩流星明星粉球送娇兰#12正装眼影 持久定妆 提亮,520.0,72,0,娇兰,37440.0,0.0,500-1000元,0,眼影,1361.2585034013605,奢侈品牌
2025-11-10,A539963260962,【娇兰预售】帝皇蜂姿眼部精华露+紧致眼霜套装 保湿 紧致淡细纹,1700.0,50,0,娇兰,85000.0,0.0,1000元以上,0,精华,1361.2585034013605,奢侈品牌
2025-11-10,A539964557439,【娇兰预售】御廷兰花卓能焕活乳霜限量版套装 全新升级润泽肌肤,3800.0,58,0,娇兰,220400.0,0.0,1000元以上,0,其他,1361.2585034013605,奢侈品牌
2025-11-10,A540018877925,【品牌团】娇兰帝王之水古龙水金箔蜂姿琉金典藏版250ml,4360.0,0,0,娇兰,0.0,0.0,1000元以上,0,其他,1361.2585034013605,奢侈品牌
2025-11-10,A540039594808,【娇兰预售】小黑裙女士沐浴露200ml 花香果香调 淡雅持久留香,410.0,9,0,娇兰,3690.0,0.0,200-500元,0,其他,1361.2585034013605,奢侈品牌
2025-11-10,A540210840341,【娇兰预售】一触飞翘浓密睫毛膏 黑色 卷翘纤长 放大电眼妆效,340.0,11,0,娇兰,3740.0,0.0,200-500元,0,睫毛膏,1361.2585034013605,奢侈品牌
2025-11-10,A540215459910,【娇兰预售】金钻焕彩凝露30ml 柔滑 深层补水保湿 妆前打底,650.0,35,0,娇兰,22750.0,0.0,500-1000元,0,其他,1361.2585034013605,奢侈品牌
2025-11-10,A540216079115,【娇兰预售】丝柔亲肤粉底液SPF20/PA+ 清透保湿滋润遮瑕,560.0,29,0,娇兰,16240.0,0.0,500-1000元,0,粉底,1361.2585034013605,奢侈品牌
2025-11-10,A540216105820,【娇兰预售】幻彩流星亮肌乳SPF25/PA++ 防晒隔离打底 提亮肤色,480.0,11,0,娇兰,5280.0,0.0,200-500元,0,防晒,1361.2585034013605,奢侈品牌
2025-11-10,A540216298239,【娇兰预售】幻彩流星蜜粉饼 明星定妆粉 控油持久提亮肤色,530.0,17,0,娇兰,9010.0,0.0,500-1000元,0,蜜粉,1361.2585034013605,奢侈品牌
2025-11-10,A540237927657,【娇兰预售】帝王之水金箔蜂姿琉金典藏版香氛1L套装 高端限量,10000.0,0,0,娇兰,0.0,0.0,1000元以上,0,其他,1361.2585034013605,奢侈品牌
2025-11-10,A540238753980,【娇兰预售】帝王之水金箔蜂姿琉金典藏版500ml套装 高端限量香水,6480.0,0,0,娇兰,0.0,0.0,1000元以上,0,其他,1361.2585034013605,奢侈品牌
2025-11-10,A540690377389,【娇兰盛典】帝皇蜂姿修护柔滑晚霜 改善皱纹 提拉紧致保湿补水,1480.0,0,0,娇兰,0.0,0.0,1000元以上,0,其他,1361.2585034013605,奢侈品牌
2025-11-09,A538512511629,【娇兰预售】帝皇蜂姿黄金复原蜜28ml套装 蜜润焕亮 紧致润泽肌肤,680.0,1434,47,娇兰,975120.0,0.03277545327754533,500-1000元,0,其他,1361.2585034013605,奢侈品牌
2025-11-09,A538636905987,【娇兰预售】水合青春保湿精华水套装 保湿补水 收缩毛孔,490.0,91,15,娇兰,44590.0,0.16483516483516483,200-500元,0,精华,1361.2585034013605,奢侈品牌
2025-11-09,A540211524569,【娇兰预售】水合青春保湿水凝霜 舒缓肌肤 清新水润无油光,985.0,4,0,娇兰,3940.0,0.0,500-1000元,0,其他,1361.2585034013605,奢侈品牌
2025-11-09,A540656408046,【娇兰预售】亲亲唇膏口红套装 杨洋挚爱限量新色 显色饱满不脱妆,320.0,630,0,娇兰,201600.0,0.0,200-500元,0,口红,1361.2585034013605,奢侈品牌
2025-11-06,A540038238013,【娇兰预售】帝皇蜂姿紧致修护滋养日霜50ml 保湿滋润 法国进口,1480.0,14,0,娇兰,20720.0,0.0,1000元以上,0,其他,1361.2585034013605,奢侈品牌
2025-11-14,A7553684963,Herborist/佰草集新七白美白嫩肤面膜100g小号修复滋润包邮,120.0,7527,33,佰草集,903240.0,0.00438421681944998,100-200元,0,面膜,301.05555555555554,高端品牌
2025-11-14,A7553688019,佰草集新玉润保湿洁面泡150ml泡沫洗面奶男女保湿补水深层清洁,120.0,35696,2041,佰草集,4283520.0,0.057177274764679514,100-200元,1,洁面,301.05555555555554,高端品牌
2025-11-14,A7553839341,佰草集旗舰肌活新颜活肤水150ml泡沫碳酸气补水保湿爽肤水化妆水,180.0,4709,167,佰草集,847620.0,0.03546400509662349,100-200元,0,爽肤水,301.05555555555554,高端品牌
2025-11-14,A7553917179,Herborist/佰草集太极日月蕴美精华液70ml*2肌底液 修护补水,680.0,20940,844,佰草集,14239200.0,0.04030563514804202,500-1000元,1,精华,301.05555555555554,高端品牌
2025-11-14,A7554053749,佰草集官方 清洁霜100g/ml 脸部卸妆 洁面 深层清洁 温和保湿,70.0,6578,650,佰草集,460460.0,0.09881422924901186,50-100元,0,洁面,301.05555555555554,高端品牌
2025-11-14,A7554121727,Herborist/佰草集新恒美紧肤晚霜50g提拉紧致淡化皱纹包邮,380.0,5243,81,佰草集,1992340.0,0.015449170322334541,200-500元,0,其他,301.05555555555554,高端品牌
2025-11-14,A7554193521,佰草集新七白美白柔肤水150ml爽肤水化妆水保湿补水女士,180.0,40786,2115,佰草集,7341480.0,0.05185602902956897,100-200元,1,爽肤水,301.05555555555554,高端品牌
2025-11-14,A7554201793,佰草集/Herborist官方 新恒美紧肤精华液30ml熟龄肌提升肌肤活力,380.0,2527,55,佰草集,960260.0,0.02176493866244559,200-500元,0,精华,301.05555555555554,高端品牌
2025-11-14,A7554283423,佰草集/Herborist旗舰 肌活新颜洁肤泡150ml提亮均匀肤色洗面奶,130.0,8098,331,佰草集,1052740.0,0.04087428994813534,100-200元,0,其他,301.05555555555554,高端品牌
2025-11-14,A7717096217,Herborist/佰草集新恒美紧肤日霜50g滋润柔嫩润泽修护驻颜,330.0,3599,58,佰草集,1187670.0,0.01611558766323979,200-500元,0,其他,301.05555555555554,高端品牌
2025-11-14,A7765916637,Herborist/佰草集晒后修护冰肌雪芙200ml舒缓泡沫修护晒后肌肤,120.0,14046,990,佰草集,1685520.0,0.07048269970098249,100-200元,1,其他,301.05555555555554,高端品牌
2025-11-14,A7765942933,Herborist/佰草集舒盈祛痘面膜100g改善痘痘 清爽控油,120.0,3030,112,佰草集,363600.0,0.036963696369636964,100-200元,0,面膜,301.05555555555554,高端品牌
2025-11-14,A7765954997,Herborist/佰草集新七白美白嫩肤露50ml乳液滋养肌肤提亮肤色包邮,260.0,21327,1028,佰草集,5545020.0,0.04820180991231772,200-500元,1,乳液,301.05555555555554,高端品牌
2025-11-14,A7765957605,佰草集舒盈祛痘爽肤水200ml男女化妆水柔肤水保湿控油,170.0,4487,146,佰草集,762790.0,0.03253844439491865,100-200元,0,爽肤水,301.05555555555554,高端品牌
2025-11-14,A7765964725,Herborist/佰草集旗舰 晒后修护精华凝露50ml晒后修护舒缓包邮,230.0,2053,180,佰草集,472190.0,0.08767657087189479,200-500元,0,精华,301.05555555555554,高端品牌
2025-11-14,A7766035467,Herborist/佰草集新七白美白日霜50g,320.0,3685,194,佰草集,1179200.0,0.05264586160108548,200-500元,0,其他,301.05555555555554,高端品牌
2025-11-14,A7766070921,佰草集肌活新颜焕肤霜50g 提亮均匀肤色乳液面霜 旗舰店正品,220.0,6338,89,佰草集,1394360.0,0.014042284632376143,200-500元,0,面霜,301.05555555555554,高端品牌
2025-11-14,A7766223455,佰草集新玉润保湿菁华露50ml 女补水乳液清爽水润面霜 旗舰店正品,220.0,32627,1818,佰草集,7177940.0,0.05572072210132712,200-500元,1,面霜,301.05555555555554,高端品牌
2025-11-14,A7766228559,佰草集/Herborist旗舰新七白洁面ㄠ120g男女洗面奶提亮肤色,100.0,23257,1359,佰草集,2325700.0,0.058434019864986884,50-100元,1,洁面,301.05555555555554,高端品牌
2025-11-14,A7766427457,Herborist/佰草集肌活新颜焕肤乳150ml  焕肤提亮肤色嫩肤包邮,230.0,5808,195,佰草集,1335840.0,0.033574380165289255,200-500元,0,其他,301.05555555555554,高端品牌
2025-11-14,A7766432913,Herborist/佰草集清爽润肤乳液50ml 清爽 保湿 乳液 正品,160.0,1766,116,佰草集,282560.0,0.06568516421291053,100-200元,0,乳液,301.05555555555554,高端品牌
2025-11-14,A7766439761,Herborist/佰草集舒盈祛痘精华液 30ml 控油改善痘痘油脂分泌,180.0,2450,114,佰草集,441000.0,0.04653061224489796,100-200元,0,精华,301.05555555555554,高端品牌
2025-11-14,A8231807901,佰草集/Herborist旗舰新恒美紧肤洁面乳120g洗面奶男女正品,160.0,11434,492,佰草集,1829440.0,0.04302956095854469,100-200元,1,洁面,301.05555555555554,高端品牌
2025-11-14,A8433031697,佰草集平衡洁面乳100g泡沫深层清洁洗面奶男女控油补水保湿包邮,60.0,179310,15700,佰草集,10758600.0,0.08755786068819363,50-100元,1,洁面,301.05555555555554,高端品牌
2025-11-14,A8622375411,佰草集Herborist官方 新逆时抗皱活颜水200ml爽肤水保湿,300.0,4514,106,佰草集,1354200.0,0.023482498892334957,200-500元,0,爽肤水,301.05555555555554,高端品牌
2025-11-14,A8622675115,Herborist/佰草集新逆时抗皱晚霜50g提拉紧致滋养面霜,420.0,3642,48,佰草集,1529640.0,0.013179571663920923,200-500元,0,面霜,301.05555555555554,高端品牌
2025-11-14,A8622812873,佰草集/Herborist官方 新逆时抗皱日霜50g补水保湿紧致,360.0,4009,93,佰草集,1443240.0,0.0231978049388875,200-500元,0,其他,301.05555555555554,高端品牌
2025-11-14,A8720991735,Herborist/佰草集官方 舒爽洁面ㄠ100ml *2洗面奶正品专柜,120.0,2696,70,佰草集,323520.0,0.02596439169139466,100-200元,0,洁面,301.05555555555554,高端品牌
2025-11-14,A8720999359,佰草集/Herborist官方 舒爽化妆水150ml 爽肤水男女,120.0,870,24,佰草集,104400.0,0.027586206896551724,100-200元,0,爽肤水,301.05555555555554,高端品牌
2025-11-14,A9344010949,Herborist/佰草集悦风舒润洁面ㄠ200ml舒缓修护敏感肌肤适用,160.0,2667,160,佰草集,426720.0,0.05999250093738283,100-200元,0,洁面,301.05555555555554,高端品牌
2025-11-14,A9481514059,佰草集/Herborist旗舰 新逆时抗皱精华眼霜15g紧致淡化眼部细纹,420.0,5714,121,佰草集,2399880.0,0.021176058802940146,200-500元,0,精华,301.05555555555554,高端品牌
2025-11-14,A9481926261,佰草集新玉润保湿菁华水150ml爽肤水化妆水柔肤水补水,220.0,13432,612,佰草集,2955040.0,0.045562835020845745,200-500元,1,爽肤水,301.05555555555554,高端品牌
2025-11-14,A9483622667,Herborist/佰草集旗舰新恒美紧肤眼霜淡化干纹细纹包邮滋润,360.0,5674,112,佰草集,2042640.0,0.01973916108565386,200-500元,0,眼霜,301.05555555555554,高端品牌
2025-11-14,A9525570177,佰草集 平衡化妆水150ml爽肤水柔肤水控油男女可用,120.0,11630,957,佰草集,1395600.0,0.0822871883061049,100-200元,1,爽肤水,301.05555555555554,高端品牌
2025-11-14,A9552556003,Herborist/佰草集清爽洁面乳100ml补水保湿不紧绷洗面奶男女*2,120.0,2662,73,佰草集,319440.0,0.027422990232907587,100-200元,0,洁面,301.05555555555554,高端品牌
2025-11-14,A9552956907,佰草集官方清爽化妆水150ml 爽肤水化妆水补水保湿,120.0,1005,78,佰草集,120600.0,0.07761194029850746,100-200元,0,爽肤水,301.05555555555554,高端品牌
2025-11-14,A9554899141,佰草集滋润化妆水150ml 爽肤水柔肤水保湿补水男女通用,120.0,2901,158,佰草集,348120.0,0.05446397793864185,100-200元,0,爽肤水,301.05555555555554,高端品牌
2025-11-14,A9555416417,佰草集官方滋润保湿霜润肤霜50g保湿补水护肤男女,160.0,1437,54,佰草集,229920.0,0.037578288100208766,100-200元,0,其他,301.05555555555554,高端品牌
2025-11-14,A9555524581,佰草集官方新恒美紧肤乳液50ml/g 提拉紧致补水保湿乳液,320.0,5655,167,佰草集,1809600.0,0.029531388152077807,200-500元,0,乳液,301.05555555555554,高端品牌
2025-11-14,A9703525117,佰草集官方新恒美紧肤免洗眼膜20g 提拉紧致淡化眼袋黑眼圈,280.0,1107,0,佰草集,309960.0,0.0,200-500元,0,其他,301.05555555555554,高端品牌
2025-11-14,A9768255247,佰草集新玉润保湿眼部ㄠ20g果冻眼霜,230.0,77397,2014,佰草集,17801310.0,0.02602168042688993,200-500元,1,眼霜,301.05555555555554,高端品牌
2025-11-14,A10847151685,Herborist/佰草集平衡保湿补水面部护理套装化妆品正品热卖,180.0,17170,68,佰草集,3090600.0,0.0039603960396039604,100-200元,1,其他,301.05555555555554,高端品牌
2025-11-14,A14300897027,Herborist/佰草集新七白美白眼霜15g淡化眼周黯沉舒缓眼肌,330.0,7202,406,佰草集,2376660.0,0.05637322965842821,200-500元,0,眼霜,301.05555555555554,高端品牌
2025-11-14,A14412740175,佰草集/Herborist旗舰 平衡露50g乳液控油补水保湿面部护理女正品,160.0,13460,853,佰草集,2153600.0,0.06337295690936107,100-200元,1,乳液,301.05555555555554,高端品牌
2025-11-14,A14528286009,佰草集/Herborist旗舰 修护防晒喷乳SPF27 PA++120ml防晒乳,180.0,1586,258,佰草集,285480.0,0.1626733921815889,100-200元,0,防晒,301.05555555555554,高端品牌
2025-11-14,A15009411383,佰草集新七白美白晚霜50g,350.0,2798,168,佰草集,979300.0,0.06004288777698356,200-500元,0,其他,301.05555555555554,高端品牌
2025-11-14,A15172018097,佰草集新玉润保湿喷雾150ml补水舒缓镇定,150.0,6412,1510,佰草集,961800.0,0.235495945102932,100-200元,0,喷雾,301.05555555555554,高端品牌
2025-11-14,A16084447881,佰草集/Herborist旗舰新逆时抗皱精华素30g面部精华紧致淡化细纹,460.0,976,18,佰草集,448960.0,0.018442622950819672,200-500元,0,精华,301.05555555555554,高端品牌
2025-11-14,A16278357646,佰草集清肌养颜太极泥面膜290g先清后补太极养美,380.0,41462,1399,佰草集,15755560.0,0.03374173942405094,200-500元,1,面膜,301.05555555555554,高端品牌
2025-11-14,A16438814866,佰草集新七白美白嫩肤面膜M260g中号保湿补水,200.0,9613,407,佰草集,1922600.0,0.0423384999479871,100-200元,0,面膜,301.05555555555554,高端品牌
2025-11-14,A17819582820,Herborist/佰草集玉颜透白汉方保湿三部曲新七白升级洁面水露,540.0,7662,422,佰草集,4137480.0,0.05507700339336988,500-1000元,0,洁面,301.05555555555554,高端品牌
2025-11-14,A19159199765,佰草集润颜滋养眼部ㄠ20g持久保湿补水修护眼霜淡化细纹,200.0,13295,866,佰草集,2659000.0,0.06513726965024445,100-200元,1,眼霜,301.05555555555554,高端品牌
2025-11-14,A19759056799,佰草集新玉润保湿化妆水200ml爽肤水柔肤水补水保湿男女通用,180.0,48949,2327,佰草集,8810820.0,0.04753927557253468,100-200元,1,爽肤水,301.05555555555554,高端品牌
2025-11-14,A19772883173,佰草集/herborist旗舰肌本清源菁华露50ml保湿补水乳液专柜,150.0,7207,748,佰草集,1081050.0,0.10378798390453725,100-200元,0,乳液,301.05555555555554,高端品牌
2025-11-14,A20057265081,Herborist/佰草集新玉润水润礼盒洁面保湿化妆水面部护理套装,300.0,10682,283,佰草集,3204600.0,0.026493166073768958,200-500元,1,洁面,301.05555555555554,高端品牌
2025-11-14,A20621319460,Herborist/佰草集新七白美白洁面超值护肤品礼盒化妆品套装,360.0,13162,582,佰草集,4738320.0,0.04421820392037684,200-500元,1,洁面,301.05555555555554,高端品牌
2025-11-14,A20628440072,佰草集中国白 新七白补水护肤品化妆品套装保湿礼盒嫩肤,580.0,61097,4629,佰草集,35436260.0,0.0757647675008593,500-1000元,1,其他,301.05555555555554,高端品牌
2025-11-14,A20847355459,Herborist/佰草集新七白嫩肤面膜泥补水保湿修护白皙肌肤,280.0,135492,9902,佰草集,37937760.0,0.0730818055678564,200-500元,1,面膜,301.05555555555554,高端品牌
2025-11-14,A22739092593,Herborist/佰草集新七白美白精华水200ml焕新塑瓶草本嫩肤补水,260.0,19727,867,佰草集,5129020.0,0.04394991635829067,200-500元,1,精华,301.05555555555554,高端品牌
2025-11-14,A22878116162,佰草集/Herborist旗舰 全天候护肤精华露乳液50g保湿补水嫩肤,190.0,11553,220,佰草集,2195070.0,0.019042672898814162,100-200元,1,精华,301.05555555555554,高端品牌
2025-11-14,A23925744646,佰草集/Herborist旗舰肌本清源化妆水150ml草本控油补水防伪正品,100.0,9231,1103,佰草集,923100.0,0.11948867944968042,50-100元,0,其他,301.05555555555554,高端品牌
2025-11-14,A25913540540,佰草集肌本清源洗面奶120g男女洁面乳深层清洁控油,50.0,37569,7443,佰草集,1878450.0,0.1981154675397269,0-50元,1,洁面,301.05555555555554,高端品牌
2025-11-14,A27351320330,佰草集新玉润菁润礼盒面部护肤品化妆品套装深层补水,340.0,17606,330,佰草集,5986040.0,0.018743610132909237,200-500元,1,其他,301.05555555555554,高端品牌
2025-11-14,A35285649540,Herborist/佰草集润颜滋养精华液30g深层滋润补水护肤精华包邮,230.0,4864,311,佰草集,1118720.0,0.0639391447368421,200-500元,0,精华,301.05555555555554,高端品牌
2025-11-14,A35286009003,Herborist/佰草集玉颜透白菁华露50ml嫩肤润养提亮肤色,230.0,2491,423,佰草集,572930.0,0.16981132075471697,200-500元,0,其他,301.05555555555554,高端品牌
2025-11-14,A35533641788,佰草集经典平衡三部曲女士化妆品护肤品套装补水保湿控油深层清洁,340.0,65216,2788,佰草集,22173440.0,0.04275024533856722,200-500元,1,其他,301.05555555555554,高端品牌
2025-11-14,A35534638562,佰草集 新玉润深层补水套装补水保湿化妆品套装 补水套装,660.0,83373,2606,佰草集,55026180.0,0.031257121610113583,500-1000元,1,其他,301.05555555555554,高端品牌
2025-11-14,A35535071164,佰草集旗舰肌本清源护肤品化妆品套装正品洁面乳爽肤水,300.0,25938,885,佰草集,7781400.0,0.034119824196160074,200-500元,1,洁面,301.05555555555554,高端品牌
2025-11-14,A35539569939,佰草集新玉润保湿水晶面膜120ml 免洗睡眠型滋润补水 旗舰店正品,230.0,16902,759,佰草集,3887460.0,0.044905928292509764,200-500元,1,面膜,301.05555555555554,高端品牌
2025-11-14,A35539618797,佰草集新玉润保湿菁华霜保湿霜50g 女士补水乳液面霜旗舰店,200.0,97250,1700,佰草集,19450000.0,0.017480719794344474,100-200元,1,面霜,301.05555555555554,高端品牌
2025-11-14,A35540280221,佰草集肌活新颜桃花护肤品化妆品套装 提亮均匀肤色 旗舰店正品,540.0,13665,437,佰草集,7379100.0,0.03197950969630443,500-1000元,1,其他,301.05555555555554,高端品牌
2025-11-14,A35564281668,佰草集旗舰全天候补水保湿滋润男女面部护肤品化妆品套装正品,450.0,3769,302,佰草集,1696050.0,0.08012735473600424,200-500元,0,其他,301.05555555555554,高端品牌
2025-11-14,A35599025511,Herborist/佰草集玉颜透白眼霜15g提亮肤色改善细纹淡化黯沉,280.0,4557,331,佰草集,1275960.0,0.07263550581522932,200-500元,0,眼霜,301.05555555555554,高端品牌
2025-11-14,A35734777210,佰草集/Herborist旗舰 新玉润保湿补水玫瑰精华面霜50g含玫瑰精油,270.0,3850,134,佰草集,1039500.0,0.034805194805194804,200-500元,0,面霜,301.05555555555554,高端品牌
2025-11-14,A36732485653,佰草集/Herborist旗舰 舒爽润肤霜50g 面霜温和保湿补水,160.0,597,37,佰草集,95520.0,0.06197654941373534,100-200元,0,面霜,301.05555555555554,高端品牌
2025-11-14,A36816142305,Herborist/佰草集润颜滋养菁华霜膏50g面霜保湿补水玉润升级,200.0,4575,122,佰草集,915000.0,0.02666666666666667,100-200元,0,面霜,301.05555555555554,高端品牌
2025-11-14,A41315034586,佰草集新玉润保湿嫩唇霜,120.0,1487,46,佰草集,178440.0,0.03093476798924008,100-200元,0,其他,301.05555555555554,高端品牌
2025-11-14,A41866644738,佰草集新玉润保湿洁面泡150ml*2洗面奶补水保湿滋润深层清洁,240.0,1583,4,佰草集,379920.0,0.002526847757422615,200-500元,0,洁面,301.05555555555554,高端品牌
2025-11-14,A41870105372,佰草集舒盈祛痘洁面皂100g*2手工皂深层清洁控油祛痘洗面保湿补水,160.0,893,26,佰草集,142880.0,0.029115341545352745,100-200元,0,洁面,301.05555555555554,高端品牌
2025-11-14,A42018558040,官方佰草集新玉润保湿菁华膏50g厚面霜深层补水保湿滋润,230.0,2653,132,佰草集,610190.0,0.049754994346023367,200-500元,0,面霜,301.05555555555554,高端品牌
2025-11-14,A44472388175,佰草集养肤悦色乳CC霜自然色/绿色/紫色均匀肤色保湿清透,260.0,5081,131,佰草集,1321060.0,0.025782326313717772,200-500元,0,其他,301.05555555555554,高端品牌
2025-11-14,A45241758533,佰草集祛痘调理乳爽肤水护肤套装,350.0,590,26,佰草集,206500.0,0.04406779661016949,200-500元,0,爽肤水,301.05555555555554,高端品牌
2025-11-14,A520374245131,Herborist/佰草集官方 晒后修护精华水200ml 补水保湿修护,150.0,1764,208,佰草集,264600.0,0.11791383219954649,100-200元,0,精华,301.05555555555554,高端品牌
2025-11-14,A520974693687,Herborist/佰草集男仕清爽控油露70ml男士清爽护肤乳液,170.0,1843,114,佰草集,313310.0,0.061855670103092786,100-200元,0,乳液,301.05555555555554,高端品牌
2025-11-14,A520975472976,Herborist/佰草集 男仕多效活肤水 100ml男士控油锁水爽肤水,180.0,1899,141,佰草集,341820.0,0.07424960505529225,100-200元,0,爽肤水,301.05555555555554,高端品牌
2025-11-14,A520976852456,Herborist/佰草集男仕多效活肤露70ml男士乳液面霜,220.0,879,15,佰草集,193380.0,0.017064846416382253,200-500元,0,面霜,301.05555555555554,高端品牌
2025-11-14,A520978096161,Herborist/佰草集男仕君衡保湿乳霜70ml男士保湿乳液乳霜,200.0,2093,42,佰草集,418600.0,0.020066889632107024,100-200元,0,乳液,301.05555555555554,高端品牌
2025-11-14,A521078765933,Herborist/佰草集男仕君衡保湿露70ml 男士护肤爽肤水,180.0,828,29,佰草集,149040.0,0.035024154589371984,100-200元,0,爽肤水,301.05555555555554,高端品牌
2025-11-14,A521897968513,Herborist/佰草集菁萃原液面贴膜99片闺蜜挚爱组合,2410.0,417,21,佰草集,1004970.0,0.050359712230215826,1000元以上,0,其他,301.05555555555554,高端品牌
2025-11-14,A522151131359,Herborist/佰草集·典萃美白亮颜洁面ㄠ200ML,130.0,1419,95,佰草集,184470.0,0.06694855532064835,100-200元,0,洁面,301.05555555555554,高端品牌
2025-11-14,A522163429181,Herborist/佰草集·典萃玉肌亮颜面贴膜5片提亮肤色保湿补水,100.0,917,69,佰草集,91700.0,0.0752453653217012,50-100元,0,其他,301.05555555555554,高端品牌
2025-11-14,A522165079713,Herborist/佰草集·典萃紧肤驻颜晚霜50g提拉紧肤保湿,280.0,642,51,佰草集,179760.0,0.0794392523364486,200-500元,0,其他,301.05555555555554,高端品牌
2025-11-14,A522165907137,Herborist/佰草集·典萃紧肤驻颜精华素30g提拉紧致保湿补水,300.0,889,35,佰草集,266700.0,0.03937007874015748,200-500元,0,精华,301.05555555555554,高端品牌
2025-11-14,A522166403717,Herborist/佰草集·典萃水润活颜精华膏50g保湿补水提亮肤色,180.0,883,35,佰草集,158940.0,0.039637599093997736,100-200元,0,精华,301.05555555555554,高端品牌
2025-11-14,A522168975734,Herborist/佰草集·典萃舒润净颜祛痘精华液30ml,160.0,515,50,佰草集,82400.0,0.0970873786407767,100-200元,0,精华,301.05555555555554,高端品牌
2025-11-14,A522169063406,Herborist/佰草集·典萃舒润净颜祛痘调理乳50ml抗痘 舒缓肌肤,160.0,419,71,佰草集,67040.0,0.16945107398568018,100-200元,0,其他,301.05555555555554,高端品牌
2025-11-14,A522172375251,Herborist/佰草集·典萃紧肤驻颜日霜50g提拉紧致,260.0,760,34,佰草集,197600.0,0.04473684210526316,200-500元,0,其他,301.05555555555554,高端品牌
2025-11-14,A522173860893,Herborist/佰草集·典萃美白亮颜菁华水 200ml亮白保湿补水,180.0,2114,44,佰草集,380520.0,0.020813623462630087,100-200元,0,其他,301.05555555555554,高端品牌
2025-11-14,A522174728423,Herborist/佰草集·典萃佰草集美白亮颜眼霜15g,260.0,949,42,佰草集,246740.0,0.044257112750263436,200-500元,0,眼霜,301.05555555555554,高端品牌
2025-11-14,A522183730602,Herborist/佰草集·典萃美白亮颜菁华露50ml亮白补水,180.0,581,30,佰草集,104580.0,0.05163511187607573,100-200元,0,其他,301.05555555555554,高端品牌
2025-11-14,A522183754712,Herborist/佰草集·典萃美白亮颜日霜50g提亮肤色,220.0,256,22,佰草集,56320.0,0.0859375,200-500元,0,其他,301.05555555555554,高端品牌
2025-11-14,A522184238010,Herborist/佰草集·典萃美白亮颜晚霜50g提亮肤色,230.0,405,33,佰草集,93150.0,0.08148148148148149,200-500元,0,其他,301.05555555555554,高端品牌
2025-11-14,A522184345624,Herborist/佰草集·典萃水润活颜菁华露50ml保湿锁水,160.0,2105,136,佰草集,336800.0,0.06460807600950119,100-200元,0,其他,301.05555555555554,高端品牌
2025-11-14,A522184665366,Herborist/佰草集·典萃水润活颜水晶面膜120ml保湿补水,180.0,1631,67,佰草集,293580.0,0.041079092581238506,100-200元,0,面膜,301.05555555555554,高端品牌
2025-11-14,A522184825867,Herborist/佰草集·典萃水润活颜菁华水150ml保湿补水提亮肤色,170.0,1888,134,佰草集,320960.0,0.07097457627118645,100-200元,0,其他,301.05555555555554,高端品牌
2025-11-14,A522187796568,Herborist/佰草集·典萃玉肌亮颜按摩面膜120g提亮肤色,160.0,179,8,佰草集,28640.0,0.0446927374301676,100-200元,0,面膜,301.05555555555554,高端品牌
2025-11-14,A522188298889,Herborist/佰草集·典萃深润活颜精华液30ml保湿补水滋养肌肤,260.0,1149,33,佰草集,298740.0,0.028720626631853787,200-500元,0,精华,301.05555555555554,高端品牌
2025-11-14,A522188314560,Herborist/佰草集·典萃水润活颜面贴膜5片 提亮肤色补水滋养肌肤,100.0,1441,106,佰草集,144100.0,0.07356002775850104,50-100元,0,其他,301.05555555555554,高端品牌
2025-11-14,A522188505982,Herborist/佰草集·典萃舒润净颜柔肤露50ml保湿补水,180.0,187,13,佰草集,33660.0,0.06951871657754011,100-200元,0,其他,301.05555555555554,高端品牌
2025-11-14,A522188512656,Herborist/佰草集·典萃紧肤驻颜面贴膜5片提拉紧致保湿补水,100.0,1824,125,佰草集,182400.0,0.06853070175438597,50-100元,0,其他,301.05555555555554,高端品牌
2025-11-14,A522188744960,Herborist/佰草集·典萃水润活颜化妆水200ml清爽保湿,160.0,1831,152,佰草集,292960.0,0.08301474604041507,100-200元,0,其他,301.05555555555554,高端品牌
2025-11-14,A522189908497,Herborist/佰草集·典萃水润活颜眼部ㄠ20g保湿补水淡化细纹,180.0,2671,171,佰草集,480780.0,0.06402096593036316,100-200元,0,其他,301.05555555555554,高端品牌
2025-11-14,A522619783996,Herborist/佰草集典萃悦色修颜霜（CC）（绿色）9月会员积分兑换,160.0,23,23,佰草集,3680.0,1.0,100-200元,0,其他,301.05555555555554,高端品牌
2025-11-14,A522643380095,Herborist/佰草集典萃悦色修颜霜30ml（CC霜）修颜匀亮三色可选,160.0,2705,199,佰草集,432800.0,0.07356746765249537,100-200元,0,其他,301.05555555555554,高端品牌
2025-11-14,A522666735485,Herborist/佰草集·典萃深润活颜保湿三部曲护肤套装水润柔嫩,520.0,1822,7,佰草集,947440.0,0.0038419319429198683,500-1000元,0,其他,301.05555555555554,高端品牌
2025-11-14,A522690660875,Herborist/佰草集·典萃紧肤驻颜提拉紧致保湿补水护肤套装三部曲,520.0,1982,17,佰草集,1030640.0,0.008577194752774974,500-1000元,0,其他,301.05555555555554,高端品牌
2025-11-14,A523001193725,Herborist/佰草集男仕经典君衡保湿补水组合装男士保湿护肤套装,380.0,738,18,佰草集,280440.0,0.024390243902439025,200-500元,0,其他,301.05555555555554,高端品牌
2025-11-14,A523001449293,Herborist/佰草集男仕多效活肤组合套装,400.0,656,17,佰草集,262400.0,0.025914634146341462,200-500元,0,其他,301.05555555555554,高端品牌
2025-11-14,A523008724215,Herborist/佰草集清爽洗发露250ml*2,80.0,3093,352,佰草集,247440.0,0.1138053669576463,50-100元,0,其他,301.05555555555554,高端品牌
2025-11-14,A523724723196,Herborist/佰草集新恒美紧肤体露200ml,200.0,237,32,佰草集,47400.0,0.1350210970464135,100-200元,0,其他,301.05555555555554,高端品牌
2025-11-14,A523745550134,Herborist/佰草集新玉润旅行套装,199.0,1185,14,佰草集,235815.0,0.01181434599156118,100-200元,0,其他,301.05555555555554,高端品牌
2025-11-14,A523747062102,Herborist/佰草集新七白美白润体乳250ml,180.0,1337,109,佰草集,240660.0,0.08152580403889305,100-200元,0,其他,301.05555555555554,高端品牌
2025-11-14,A523753968383,Herborist/佰草集舒盈祛痘护理包100g,270.0,487,29,佰草集,131490.0,0.059548254620123205,200-500元,0,其他,301.05555555555554,高端品牌
2025-11-14,A523762111206,Herborist/佰草集养肤悦色隔离慕斯50ml,180.0,1469,48,佰草集,264420.0,0.03267528931245745,100-200元,0,隔离霜,301.05555555555554,高端品牌
2025-11-14,A523762319680,Herborist/佰草集全身去角质磨砂者喱(260g),150.0,1655,172,佰草集,248250.0,0.10392749244712991,100-200元,0,其他,301.05555555555554,高端品牌
2025-11-14,A523773273602,Herborist/佰草集 新恒美紧肤水晶面膜120g,280.0,831,23,佰草集,232680.0,0.027677496991576414,200-500元,0,面膜,301.05555555555554,高端品牌
2025-11-14,A523780660581,Herborist/佰草集玉颜透白精华液30ml,320.0,1682,242,佰草集,538240.0,0.14387633769322236,200-500元,0,精华,301.05555555555554,高端品牌
2025-11-14,A523783486692,Herborist/佰草集薏苡莹润·薏仁面膜7片装,120.0,544,54,佰草集,65280.0,0.09926470588235294,100-200元,0,面膜,301.05555555555554,高端品牌
2025-11-14,A523783925176,Herborist/佰草集悦风舒润柔肤面膜5片装,200.0,132,9,佰草集,26400.0,0.06818181818181818,100-200元,0,面膜,301.05555555555554,高端品牌
2025-11-14,A523785617214,Herborist/佰草集逆时修护·雪莲面膜7片装,180.0,584,59,佰草集,105120.0,0.10102739726027397,100-200元,0,面膜,301.05555555555554,高端品牌
2025-11-14,A523785746662,Herborist/佰草集新七白美白嫩肤眼膜10袋/盒,230.0,1386,87,佰草集,318780.0,0.06277056277056277,200-500元,0,其他,301.05555555555554,高端品牌
2025-11-14,A523794088841,Herborist/佰草集养肤悦色隔离乳50ml,180.0,3397,170,佰草集,611460.0,0.05004415660877245,100-200元,0,隔离霜,301.05555555555554,高端品牌
2025-11-14,A525003542479,Herborist/佰草集太极·吐故纳新·臻白还幼太极丹4.0赠太极丹3.0,980.0,1253,43,佰草集,1227940.0,0.034317637669592976,500-1000元,0,其他,301.05555555555554,高端品牌
2025-11-14,A527341127188,Herborist/佰草集太极吐故纳新清透青春精华,780.0,1488,9,佰草集,1160640.0,0.006048387096774193,500-1000元,0,精华,301.05555555555554,高端品牌
2025-11-14,A527995811914,Herborist/佰草集典萃画家随心眼线笔,118.0,1730,69,佰草集,204140.0,0.039884393063583816,100-200元,0,其他,301.05555555555554,高端品牌
2025-11-14,A527996211289,Herborist/佰草集典萃轻妩飞扬纤长睫毛膏,138.0,1019,34,佰草集,140622.0,0.033366045142296366,100-200元,0,睫毛膏,301.05555555555554,高端品牌
2025-11-14,A527996319335,Herborist/佰草集典萃轻妩飞扬浓密睫毛膏,138.0,622,19,佰草集,85836.0,0.03054662379421222,100-200元,0,睫毛膏,301.05555555555554,高端品牌
2025-11-14,A528011776813,Herborist/佰草集菁萃原液面膜套装20片  保湿补水嫩肤,399.0,45085,7213,佰草集,17988915.0,0.15998669180436953,200-500元,1,面膜,301.05555555555554,高端品牌
2025-11-14,A528038402645,Herborist/佰草集典萃柳叶弯眉塑形眉笔+眉粉,118.0,2603,103,佰草集,307154.0,0.039569727237802534,100-200元,0,其他,301.05555555555554,高端品牌
2025-11-14,A528040114163,Herborist/佰草集彩妆入门礼盒（6款可选）,532.0,2832,30,佰草集,1506624.0,0.01059322033898305,500-1000元,0,其他,301.05555555555554,高端品牌
2025-11-14,A528051609730,Herborist/佰草集典萃樱桃小口丰盈润唇膏,118.0,1869,57,佰草集,220542.0,0.030497592295345103,100-200元,0,其他,301.05555555555554,高端品牌
2025-11-14,A528051985381,Herborist/佰草集典萃面如桃花粉嫩腮红,118.0,3023,84,佰草集,356714.0,0.027786966589480648,100-200元,0,其他,301.05555555555554,高端品牌
2025-11-14,A528067216791,Herborist/佰草集典萃樱桃小口琉璃唇膏三色可选,138.0,4014,71,佰草集,553932.0,0.01768809167912307,100-200元,0,其他,301.05555555555554,高端品牌
2025-11-14,A528069808107,Herborist/佰草集典萃光影密扇亮彩眼影棒,108.0,1406,78,佰草集,151848.0,0.05547652916073969,100-200元,0,眼影,301.05555555555554,高端品牌
2025-11-14,A528101929150,佰草集 新清透修护防晒液SPF30+ PA+++,180.0,5145,944,佰草集,926100.0,0.18347910592808553,100-200元,0,防晒,301.05555555555554,高端品牌
2025-11-14,A528104113264,Herborist/佰草集新清透修护防晒体乳SPF30+/PA++,180.0,541,97,佰草集,97380.0,0.17929759704251386,100-200元,0,防晒,301.05555555555554,高端品牌
2025-11-14,A528538727048,Herborist/佰草集新妍源生·生物纤维抗皱面膜,360.0,151,8,佰草集,54360.0,0.052980132450331126,200-500元,0,面膜,301.05555555555554,高端品牌
2025-11-14,A528586310613,Herborist/佰草集新妍源生·备长炭清亮面膜,230.0,237,21,佰草集,54510.0,0.08860759493670886,200-500元,0,面膜,301.05555555555554,高端品牌
2025-11-14,A528587158146,Herborist/佰草集典萃薄如蝉翼丝滑妆前乳30ml,178.0,1294,82,佰草集,230332.0,0.0633693972179289,100-200元,0,其他,301.05555555555554,高端品牌
2025-11-14,A528587218264,Herborist/佰草集典萃云淡风轻三色卸妆液120ml,158.0,2880,180,佰草集,455040.0,0.0625,100-200元,0,卸妆,301.05555555555554,高端品牌
2025-11-14,A528621008747,Herborist/佰草集薄如蝉翼气垫CC霜13g加赠替换装13g,276.0,7055,602,佰草集,1947180.0,0.08532955350815025,200-500元,0,其他,301.05555555555554,高端品牌
2025-11-14,A530461516277,Herborist/佰草集新七白美白面贴膜补水保湿5片 f,200.0,99,0,佰草集,19800.0,0.0,100-200元,0,其他,301.05555555555554,高端品牌
2025-11-14,A531541243261,Herborist/佰草集典萃水润活颜三部曲,420.0,1772,251,佰草集,744240.0,0.14164785553047404,200-500元,0,其他,301.05555555555554,高端品牌
2025-11-14,A532740593400,Herborist/佰草集新七白美白嫩肤面膜260g*2罐 加赠洗脸扑面膜棒,400.0,8459,2960,佰草集,3383600.0,0.34992315876581154,200-500元,0,面膜,301.05555555555554,高端品牌
2025-11-14,A532759124875,Herborist/佰草集防晒修护套装 新清透防晒液40ml+冰肌雪芙200ml,300.0,2443,1119,佰草集,732900.0,0.45804338927548094,200-500元,0,防晒,301.05555555555554,高端品牌
2025-11-14,A532804891498,Herborist/佰草集防晒修护套装 防晒液40ml+晒后修护精华水200ml,310.0,1286,252,佰草集,398660.0,0.19595645412130638,200-500元,0,精华,301.05555555555554,高端品牌
2025-11-14,A536644424364,Herborist/佰草集18周年惊艳时光专享定制礼盒限量版,1780.0,185,45,佰草集,329300.0,0.24324324324324326,1000元以上,0,其他,301.05555555555554,高端品牌
2025-11-14,A538758716132,Herborist/佰草集惊艳时光十八周年典萃限量套装,680.0,2274,0,佰草集,1546320.0,0.0,500-1000元,0,其他,301.05555555555554,高端品牌
2025-11-14,A539848263574,Herborist/佰草集御五行焕肌洁面乳120g,260.0,533,0,佰草集,138580.0,0.0,200-500元,0,洁面,301.05555555555554,高端品牌
2025-11-14,A539849255075,Herborist/佰草集御五行焕肌菁华水150ml,380.0,751,0,佰草集,285380.0,0.0,200-500元,0,其他,301.05555555555554,高端品牌
2025-11-14,A539849669270,Herborist/佰草集御五行焕肌乳液50ml,420.0,627,0,佰草集,263340.0,0.0,200-500元,0,乳液,301.05555555555554,高端品牌
2025-11-14,A539852767615,Herborist/佰草集御五行焕肌日霜50g,480.0,1095,0,佰草集,525600.0,0.0,200-500元,0,其他,301.05555555555554,高端品牌
2025-11-14,A539852808238,Herborist/佰草集御五行焕肌精华液30ml,680.0,703,1,佰草集,478040.0,0.001422475106685633,500-1000元,0,精华,301.05555555555554,高端品牌
2025-11-14,A539852908698,Herborist/佰草集御五行焕肌清润晚霜50g,560.0,279,0,佰草集,156240.0,0.0,500-1000元,0,其他,301.05555555555554,高端品牌
2025-11-14,A539854255262,Herborist/佰草集御五行焕肌滋养晚霜50g,560.0,610,0,佰草集,341600.0,0.0,500-1000元,0,其他,301.05555555555554,高端品牌
2025-11-14,A539854888277,Herborist/佰草集御五行焕肌眼霜15g,520.0,877,1,佰草集,456040.0,0.0011402508551881414,500-1000元,0,眼霜,301.05555555555554,高端品牌
2025-11-14,A540021300133,Herborist/佰草集新七白美白嫩肤面膜260g 补水保湿嫩肤,200.0,29542,5782,佰草集,5908400.0,0.1957213458804414,100-200元,1,面膜,301.05555555555554,高端品牌
2025-11-14,A540084337255,Herborist/佰草集新美肌梦幻曲面膜组23片装,580.0,25460,98,佰草集,14766800.0,0.0038491751767478397,500-1000元,1,面膜,301.05555555555554,高端品牌
2025-11-14,A540749346166,Herborist/佰草集新玉润保湿补水九件套 护肤套装深层补水,1830.0,441,0,佰草集,807030.0,0.0,1000元以上,0,其他,301.05555555555554,高端品牌
2025-11-14,A540749838840,Herborist/佰草集玉颜透白五部曲 护肤品化妆品,1270.0,23,0,佰草集,29210.0,0.0,1000元以上,0,其他,301.05555555555554,高端品牌
2025-11-14,A540751046125,Herborist/佰草集新恒美长效冻龄十件套 化妆品护肤品,2950.0,178,0,佰草集,525100.0,0.0,1000元以上,0,其他,301.05555555555554,高端品牌
2025-11-14,A540784020351,Herborist/佰草集舒盈祛痘三件套,530.0,373,0,佰草集,197690.0,0.0,500-1000元,0,其他,301.05555555555554,高端品牌
2025-11-14,A540788900129,Herborist/佰草集新恒美逆龄养肤四件套,1330.0,33,0,佰草集,43890.0,0.0,1000元以上,0,其他,301.05555555555554,高端品牌
2025-11-14,A540802127675,Herborist/佰草集新七白嫩肤面膜100G*2,240.0,296,0,佰草集,71040.0,0.0,200-500元,0,面膜,301.05555555555554,高端品牌
2025-11-14,A540802155008,Herborist/佰草集新逆时抗皱活颜三件套,1180.0,32,0,佰草集,37760.0,0.0,1000元以上,0,其他,301.05555555555554,高端品牌
2025-11-14,A541451732127,Herborist/佰草集新七白美白面膜500g买1送1共2瓶,420.0,634,0,佰草集,266280.0,0.0,200-500元,0,面膜,301.05555555555554,高端品牌
2025-11-12,A15461030340,佰草集/Herborist旗舰全天候焕肤保湿活肤水200ml补水,160.0,4620,354,佰草集,739200.0,0.07662337662337662,100-200元,0,其他,301.05555555555554,高端品牌
2025-11-12,A19159999907,佰草集润颜滋养菁华水补水保湿精华化妆水正品女200ml,180.0,6402,279,佰草集,1152360.0,0.04358013120899719,100-200元,0,精华,301.05555555555554,高端品牌
2025-11-11,A7554033421,佰草集官方 沐足液200ml 足部 身体护理 美体,35.0,2108,158,佰草集,73780.0,0.07495256166982922,0-50元,0,其他,301.05555555555554,高端品牌
2025-11-11,A7554134183,Herborist/佰草集肌活新颜焕肤眼霜15g淡化眼袋细纹,182.0,7984,184,佰草集,1453088.0,0.023046092184368736,100-200元,0,眼霜,301.05555555555554,高端品牌
2025-11-11,A7554361103,佰草集/herborist旗舰 深层洁容膏100g 卸妆深层洁面乳膏,35.0,5432,366,佰草集,190120.0,0.06737849779086892,0-50元,0,洁面,301.05555555555554,高端品牌
2025-11-11,A7765768931,Herborist/佰草集新玉润保湿精华液30ml补水保湿精华肌底滋润,195.0,12759,562,佰草集,2488005.0,0.044047339133160904,100-200元,1,精华,301.05555555555554,高端品牌
2025-11-11,A7765911581,官方佰草集脸部去角质磨砂ū00ml正品温和去角质软化角质,40.0,38022,3473,佰草集,1520880.0,0.09134185471569091,0-50元,1,其他,301.05555555555554,高端品牌
2025-11-11,A7765959317,佰草集舒盈祛痘洁面皂100g手工皂深层清洁补水保湿控油,48.0,11456,907,佰草集,549888.0,0.07917248603351955,0-50元,1,洁面,301.05555555555554,高端品牌
2025-11-11,A7766034779,Herborist/佰草集官方 舒盈祛痘霜10g 改善痘痘包邮正品,54.0,5700,216,佰草集,307800.0,0.037894736842105266,50-100元,0,其他,301.05555555555554,高端品牌
2025-11-11,A7766072313,Herborist/佰草集舒盈祛痘调理乳液50ml控痘修护包邮,108.0,6133,180,佰草集,662364.0,0.029349421164193708,100-200元,0,乳液,301.05555555555554,高端品牌
2025-11-11,A8622596123,佰草集/Herborist旗舰新恒美紧肤化妆水150ml抗皱紧致净肤,182.0,4691,263,佰草集,853762.0,0.05606480494564059,100-200元,0,其他,301.05555555555554,高端品牌
2025-11-11,A9555026921,佰草集官方 滋润洁面乳洗面奶100ml  女士保湿补水,45.0,10003,990,佰草集,450135.0,0.0989703089073278,0-50元,1,洁面,301.05555555555554,高端品牌
2025-11-11,A15857505782,Herborist/佰草集平衡洁面乳洗面奶100ml*2保湿补水,84.0,18429,256,佰草集,1548036.0,0.01389114981822128,50-100元,1,洁面,301.05555555555554,高端品牌
2025-11-11,A17440981705,佰草集/Herborist旗舰 润颜滋养三部曲面部护理套装补水保湿正品,319.0,2909,26,佰草集,927971.0,0.0089377793056033,200-500元,0,其他,301.05555555555554,高端品牌
2025-11-11,A20355287905,佰草集润颜滋养洁面乳深层清洁滋润补水,44.0,25526,1035,佰草集,1123144.0,0.04054689336362924,0-50元,1,洁面,301.05555555555554,高端品牌
2025-11-11,A22523699088,佰草集/Herborist官方 全天候焕肤保湿精华霜50g水库补水换季保湿,99.0,4503,339,佰草集,445797.0,0.07528314457028648,50-100元,0,精华,301.05555555555554,高端品牌
2025-11-11,A23640752247,佰草集玉颜透白洁面ㄠ120g男女洗面奶洁面乳深层清洁保湿,45.0,5724,562,佰草集,257580.0,0.09818308874912648,0-50元,0,洁面,301.05555555555554,高端品牌
2025-11-11,A36549262071,佰草集/Herborist旗舰 新七白美白滋养霜50g,130.0,5838,330,佰草集,758940.0,0.0565262076053443,100-200元,0,其他,301.05555555555554,高端品牌
2025-11-11,A36737801876,佰草集润颜滋养修护面膜 260g 滋养亮肤秋冬补水保湿,110.0,13800,1620,佰草集,1518000.0,0.11739130434782609,100-200元,1,面膜,301.05555555555554,高端品牌
2025-11-11,A39980118598,Herborist/佰草集润颜滋养菁华露(50ml)滋养深层补水保湿护肤,110.0,2163,143,佰草集,237930.0,0.06611188164586222,100-200元,0,其他,301.05555555555554,高端品牌
2025-11-11,A41448873129,Herborist/佰草集新恒美护肤品套装抗皱提拉紧致4件套,580.0,1063,18,佰草集,616540.0,0.016933207902163686,500-1000元,0,其他,301.05555555555554,高端品牌
2025-11-11,A45575538259,Herborist/佰草集旗舰莹润泽采隔离乳50gSPF10,85.0,8644,616,佰草集,734740.0,0.07126330402591392,50-100元,0,隔离霜,301.05555555555554,高端品牌
2025-11-11,A520547497063,Herborist/佰草集新恒美紧肤京绣礼盒 补水嫩肤 化妆品套装,350.0,838,14,佰草集,293300.0,0.016706443914081145,200-500元,0,其他,301.05555555555554,高端品牌
2025-11-11,A520854152800,Herborist/佰草集菁萃原液轻敷面膜12片组合装礼盒包邮嫩肤,160.0,9247,48,佰草集,1479520.0,0.005190872715475289,100-200元,0,面膜,301.05555555555554,高端品牌
2025-11-11,A520977560720,Herborist/佰草集男仕清爽控油液体皂150g男士平衡控油清洁洁面,60.0,3862,273,佰草集,231720.0,0.07068876229932677,50-100元,0,洁面,301.05555555555554,高端品牌
2025-11-11,A521893953932,佰草集玫瑰茶韵25g+芳草薇露25g精油护手霜两支装,84.0,1675,39,佰草集,140700.0,0.023283582089552238,50-100元,0,其他,301.05555555555554,高端品牌
2025-11-11,A522168559025,Herborist/佰草集·典萃水润活颜高保湿菁华霜50g保湿锁水,90.0,1747,88,佰草集,157230.0,0.05037206639954207,50-100元,0,其他,301.05555555555554,高端品牌
2025-11-11,A522962827098,Herborist/佰草集养肤悦色卸妆泡沫145ml清洁肌肤 水润,60.0,5400,543,佰草集,324000.0,0.10055555555555555,50-100元,0,卸妆,301.05555555555554,高端品牌
2025-11-11,A522969751731,Herborist/佰草集滋润洗发露250ml*2,60.0,1871,182,佰草集,112260.0,0.09727418492784608,50-100元,0,其他,301.05555555555554,高端品牌
2025-11-11,A522982926618,Herborist/佰草集养肤悦色卸妆乳霜100g 清洁舒爽水润保湿,60.0,2129,119,佰草集,127740.0,0.055894786284640674,50-100元,0,卸妆,301.05555555555554,高端品牌
2025-11-11,A522999722521,Herborist/佰草集男仕控油保湿组合套装男士控油保湿护肤套装,145.0,2082,148,佰草集,301890.0,0.07108549471661864,100-200元,0,其他,301.05555555555554,高端品牌
2025-11-11,A523780360913,Herborist/佰草集全天候焕肤保湿面膜120ml,99.0,429,39,佰草集,42471.0,0.09090909090909091,50-100元,0,面膜,301.05555555555554,高端品牌
2025-11-11,A528538827594,Herborist/佰草集新妍源生·生物纤维抗皱眼膜,172.5,338,28,佰草集,58305.0,0.08284023668639054,100-200元,0,其他,301.05555555555554,高端品牌
2025-11-11,A529001931180,佰草集水乳套装补水保湿三件套春夏润颜滋养面部护理护肤套装,253.0,8793,834,佰草集,2224629.0,0.09484817468440805,200-500元,0,其他,301.05555555555554,高端品牌
2025-11-11,A531541399265,Herborist/佰草集典萃美白亮颜三部曲,245.0,549,48,佰草集,134505.0,0.08743169398907104,200-500元,0,其他,301.05555555555554,高端品牌
2025-11-11,A537834996528,Herborist/佰草集佰草集新玉润保湿礼盒 tk,378.0,10129,30,佰草集,3828762.0,0.0029617928719518215,200-500元,1,其他,301.05555555555554,高端品牌
2025-11-11,A540739164544,Herborist/佰草集新七白嫩肤九件套 化妆品护肤品,1199.0,68,0,佰草集,81532.0,0.0,1000元以上,0,其他,301.05555555555554,高端品牌
2025-11-11,A540751594164,Herborist/佰草集新逆时抗皱七件套 护肤品化妆品,1739.0,40,0,佰草集,69560.0,0.0,1000元以上,0,其他,301.05555555555554,高端品牌
2025-11-11,A541109948809,Herborist/佰草集佰草集新七白美白精华水200ml*2 tk,260.0,1,0,佰草集,260.0,0.0,200-500元,0,精华,301.05555555555554,高端品牌
2025-11-11,A541111676871,Herborist/佰草集中国白 新七白补水护肤品化妆品套装保湿礼盒tk,299.0,4900,0,佰草集,1465100.0,0.0,200-500元,0,其他,301.05555555555554,高端品牌
2025-11-11,A541125757918,Herborist/佰草集新美肌梦幻曲面膜组21片装 tk,169.0,93,0,佰草集,15717.0,0.0,100-200元,0,面膜,301.05555555555554,高端品牌
2025-11-11,A541391056946,Herborist/佰草集新七白美白面膜500g*2 tk,299.0,2903,0,佰草集,867997.0,0.0,200-500元,0,面膜,301.05555555555554,高端品牌
2025-11-11,A541402957455,Herborist/佰草集平衡洁面乳100G*2 tk,84.0,0,0,佰草集,0.0,0.0,50-100元,0,洁面,301.05555555555554,高端品牌
2025-11-10,A15783047375,佰草集旗舰 修护防晒乳液 SPF20+pa++ 防晒霜防水 女,200.0,2175,84,佰草集,435000.0,0.038620689655172416,100-200元,0,防晒,301.05555555555554,高端品牌
2025-11-10,A15951162003,佰草集新七白美白面贴膜补水保湿5片美白保湿精华面膜贴,170.0,3095,292,佰草集,526150.0,0.09434571890145396,100-200元,0,面膜,301.05555555555554,高端品牌
2025-11-10,A20058281133,天猫专供佰草集旗舰平衡补水保湿化妆品套装正品护肤品礼盒控油,320.0,2209,361,佰草集,706880.0,0.16342236306020824,200-500元,0,其他,301.05555555555554,高端品牌
2025-11-10,A21741979521,佰草集旗舰全天候焕肤保湿洁颜泡150ml男女无皂基洗面奶洁面泡,110.0,2895,492,佰草集,318450.0,0.1699481865284974,100-200元,0,洁面,301.05555555555554,高端品牌
2025-11-10,A25109660852,佰草集菁萃原液面贴膜套装18片 补水保湿嫩肤  预售有礼,180.0,20097,596,佰草集,3617460.0,0.02965616758720207,100-200元,1,其他,301.05555555555554,高端品牌
2025-11-10,A35288032343,佰草集全天候焕肤保湿眼部凝露20g淡化细纹改善暗沉眼霜,210.0,5139,543,佰草集,1079190.0,0.10566258026853473,200-500元,0,眼霜,301.05555555555554,高端品牌
2025-11-10,A40551007901,Herborist/佰草集16周年臻选限量六件正装(全球限量礼盒)洁面水霜,1500.0,1066,2,佰草集,1599000.0,0.001876172607879925,1000元以上,0,洁面,301.05555555555554,高端品牌
2025-11-10,A41804847300,佰草集玉颜透白洁面ㄠ120g*2支装男女洗面奶温和 预售有礼,100.0,1846,3,佰草集,184600.0,0.0016251354279523294,50-100元,0,洁面,301.05555555555554,高端品牌
2025-11-10,A520554452188,Herborist/佰草集新玉润京绣保湿三部曲礼盒补水保湿套装,520.0,339,54,佰草集,176280.0,0.1592920353982301,500-1000元,0,其他,301.05555555555554,高端品牌
2025-11-10,A520902383204,Herborist/佰草集菁萃原液.银杏净透面膜7片装,140.0,1758,205,佰草集,246120.0,0.11660978384527873,100-200元,0,面膜,301.05555555555554,高端品牌
2025-11-10,A520906249192,Herborist/佰草集菁萃原液.瑰意幼颜面膜7片装,140.0,3409,398,佰草集,477260.0,0.11674977999413318,100-200元,0,面膜,301.05555555555554,高端品牌
2025-11-10,A520906613426,Herborist/佰草集菁萃原液.精米细肤面膜7片装补水滋润舒缓,140.0,2146,389,佰草集,300440.0,0.18126747437092264,100-200元,0,面膜,301.05555555555554,高端品牌
2025-11-10,A520909320438,Herborist/佰草集菁萃原液.凝时焕亮面膜7片装,210.0,349,63,佰草集,73290.0,0.18051575931232092,200-500元,0,面膜,301.05555555555554,高端品牌
2025-11-10,A521701659821,Herborist/佰草集玫瑰茶韵精油手霜 护手霜,60.0,2654,404,佰草集,159240.0,0.1522230595327807,50-100元,0,其他,301.05555555555554,高端品牌
2025-11-10,A521878018464,Herborist/佰草集芳草薇露精油手霜 护手霜,60.0,906,150,佰草集,54360.0,0.16556291390728478,50-100元,0,其他,301.05555555555554,高端品牌
2025-11-10,A522007751972,佰草集肌活新颜桃花护肤品化妆品套装 水润保湿 预售有礼,399.0,1257,0,佰草集,501543.0,0.0,200-500元,0,其他,301.05555555555554,高端品牌
2025-11-10,A522185750738,Herborist/佰草集·典萃水润活颜洁面泡150ml深层清洁,100.0,2146,716,佰草集,214600.0,0.3336439888164026,50-100元,0,洁面,301.05555555555554,高端品牌
2025-11-10,A522191904986,Herborist/佰草集·典萃深层清洁霜 提亮肤色深层清洁滋润,60.0,1957,552,佰草集,117420.0,0.28206438426162495,50-100元,0,其他,301.05555555555554,高端品牌
2025-11-10,A522981627197,Herborist/佰草集舒爽去屑洗发露250ml*2,90.0,403,104,佰草集,36270.0,0.25806451612903225,50-100元,0,其他,301.05555555555554,高端品牌
2025-11-10,A523213936099,Herborist/佰草集太极·吐故纳新·臻白还幼太极丹28天装,800.0,1837,513,佰草集,1469600.0,0.27925966249319545,500-1000元,0,其他,301.05555555555554,高端品牌
2025-11-10,A523255560347,佰草集旗舰全天候焕肤保湿洁颜泡150ml男女无皂基洁面泡*2只装,220.0,144,6,佰草集,31680.0,0.041666666666666664,200-500元,0,洁面,301.05555555555554,高端品牌
2025-11-10,A523257596608,佰草集官方 沐足液200ml 补水保湿 身体护理 *2只装,140.0,184,40,佰草集,25760.0,0.21739130434782608,100-200元,0,其他,301.05555555555554,高端品牌
2025-11-10,A523257600311,Herborist/佰草集菁萃原液面贴膜12片组合装,300.0,133,12,佰草集,39900.0,0.09022556390977443,200-500元,0,其他,301.05555555555554,高端品牌
2025-11-10,A523742602973,Herborist/佰草集菁萃原液·甜杞润颜（枸杞）面膜7片装,120.0,307,53,佰草集,36840.0,0.17263843648208468,100-200元,0,面膜,301.05555555555554,高端品牌
2025-11-10,A523784278013,Herborist/佰草集菁萃原液 臻润还幼·灵芝面膜7片装,180.0,168,33,佰草集,30240.0,0.19642857142857142,100-200元,0,面膜,301.05555555555554,高端品牌
2025-11-10,A523784365910,佰草集菁萃原液弹润滋养·人参面膜7片装,180.0,171,26,佰草集,30780.0,0.15204678362573099,100-200元,0,面膜,301.05555555555554,高端品牌
2025-11-10,A528258836751,佰草集润颜滋养京绣护肤礼盒 洁面水乳面部保湿护理套装 预售有礼,299.0,4430,510,佰草集,1324570.0,0.11512415349887133,200-500元,0,洁面,301.05555555555554,高端品牌
2025-11-10,A531612238673,佰草集新七白美白嫩肤面膜泥260g 补水保湿嫩肤 预售有礼,99.0,4788,0,佰草集,474012.0,0.0,50-100元,0,面膜,301.05555555555554,高端品牌
2025-11-10,A532018281698,佰草集玉颜透白护肤三部曲洁面水露补水保湿 预售有礼,269.0,1156,229,佰草集,310964.0,0.1980968858131488,200-500元,0,洁面,301.05555555555554,高端品牌
2025-11-10,A532053608372,佰草集新美肌梦幻曲面膜套装23片 补水保湿嫩肤面部护理 预售有礼,99.0,86725,2101,佰草集,8585775.0,0.024226001729605075,50-100元,1,面膜,301.05555555555554,高端品牌
2025-11-10,A533216419104,佰草集新七白美白礼盒国博定制 面部护理化妆品套装 预售有礼,360.0,3833,215,佰草集,1379880.0,0.056091834072528046,200-500元,0,其他,301.05555555555554,高端品牌
2025-11-10,A533575399309,佰草集新七白美白嫩肤面膜泥500g 买1送1 补水保湿修护 预售有礼,280.0,29887,487,佰草集,8368360.0,0.01629471007461438,200-500元,1,面膜,301.05555555555554,高端品牌
2025-11-10,A537661395373,Herborist/佰草集新玉润水润礼盒 国家博物馆定制款限量发售,300.0,453,220,佰草集,135900.0,0.4856512141280353,200-500元,0,其他,301.05555555555554,高端品牌
2025-11-10,A537661707933,Herborist/佰草集新七白焕肤礼盒 国家博物馆定制款限量发售,620.0,119,57,佰草集,73780.0,0.4789915966386555,500-1000元,0,其他,301.05555555555554,高端品牌
2025-11-10,A538841739791,佰草集经典平衡护肤三部曲套装 补水控油保湿面部套装 预售有礼,199.0,4183,0,佰草集,832417.0,0.0,100-200元,0,其他,301.05555555555554,高端品牌
2025-11-10,A538922926427,佰草集男士面部护理套装 控油补水保湿护肤套装 预售有礼,235.0,1215,0,佰草集,285525.0,0.0,200-500元,0,其他,301.05555555555554,高端品牌
2025-11-10,A538924442100,佰草集御五行焕肌护肤套装 提拉紧致补水面部套装 预售有礼,1422.0,165,0,佰草集,234630.0,0.0,1000元以上,0,其他,301.05555555555554,高端品牌
2025-11-10,A539001408824,佰草集薄如蝉翼水感气垫CC赠樱桃小口琉璃唇膏 遮瑕隔离 预售有礼,199.0,3330,0,佰草集,662670.0,0.0,100-200元,0,隔离霜,301.05555555555554,高端品牌
2025-11-10,A539003220643,佰草集身体护理套装精油手霜*2支+沐足液200ml舒缓肌肤 预售有礼,93.0,912,0,佰草集,84816.0,0.0,50-100元,0,其他,301.05555555555554,高端品牌
2025-11-10,A539903777991,佰草集新七白美白嫩肤基础护理套装 补水保湿面部护肤 预售有礼,329.0,2694,0,佰草集,886326.0,0.0,200-500元,0,其他,301.05555555555554,高端品牌
2025-11-10,A539904965607,佰草集新玉润保湿喷雾150ml补水舒缓镇定 预售有礼,112.0,452,0,佰草集,50624.0,0.0,100-200元,0,喷雾,301.05555555555554,高端品牌
2025-11-10,A539905577388,佰草集新玉润保湿化妆水200ml*2瓶 滋润保湿锁水补水 预售有礼,229.0,2641,0,佰草集,604789.0,0.0,200-500元,0,其他,301.05555555555554,高端品牌
2025-11-10,A539905772502,佰草集新玉润保湿菁华霜50g*2瓶 秋冬补水保湿滋润肌肤 预售有礼,280.0,3914,0,佰草集,1095920.0,0.0,200-500元,0,其他,301.05555555555554,高端品牌
2025-11-10,A539906995187,佰草集新玉润水润养护基础护肤套装 滋润肌肤清洁补水  预售有礼,259.0,194,0,佰草集,50246.0,0.0,200-500元,0,其他,301.05555555555554,高端品牌
2025-11-10,A539909498749,佰草集新逆时抗皱颈霜50g 水润提拉紧致改善细纹 预售有礼,222.0,1075,1,佰草集,238650.0,0.0009302325581395349,200-500元,0,其他,301.05555555555554,高端品牌
2025-11-10,A539915001980,佰草集新恒美紧肤冻龄套装 提升肌肤活力淡化皱纹 预售有礼,909.0,304,0,佰草集,276336.0,0.0,500-1000元,0,其他,301.05555555555554,高端品牌
2025-11-10,A539915503383,佰草集新逆时抗皱活颜套装 改善脸部细纹 提拉紧致补水 预售有礼,920.0,151,0,佰草集,138920.0,0.0,500-1000元,0,其他,301.05555555555554,高端品牌
2025-11-10,A539915657341,佰草集新七白嫩白眼部护理套装淡化眼部细纹滋润眼周 预售有礼,280.0,391,0,佰草集,109480.0,0.0,200-500元,0,其他,301.05555555555554,高端品牌
2025-11-10,A539916304353,佰草集全天候焕肤保湿补水护理套装 滋润嫩肤 预售有礼,375.0,342,0,佰草集,128250.0,0.0,200-500元,0,其他,301.05555555555554,高端品牌
2025-11-10,A539917199986,佰草集润颜滋养隔离乳三件套 滋润肌肤补水保湿隔离  预售有礼,509.0,24,0,佰草集,12216.0,0.0,500-1000元,0,隔离霜,301.05555555555554,高端品牌
2025-11-10,A539917514992,佰草集中式彩妆套装五件套  四套可选 预售有礼,305.0,219,0,佰草集,66795.0,0.0,200-500元,0,其他,301.05555555555554,高端品牌
2025-11-10,A539917543349,佰草集晒后修护冰肌雪芙200ml*2瓶舒缓泡沫修护晒后肌肤预售有礼,120.0,377,0,佰草集,45240.0,0.0,100-200元,0,其他,301.05555555555554,高端品牌
2025-11-10,A539946580915,佰草集惊艳时光十八周年典萃限量礼盒护肤套装   预售有礼,380.0,789,0,佰草集,299820.0,0.0,200-500元,0,其他,301.05555555555554,高端品牌
2025-11-10,A539973230837,佰草集平衡洁面乳洗面奶100g*2支保湿补水控油 赠旅行套 预售有礼,96.0,3865,0,佰草集,371040.0,0.0,50-100元,0,洁面,301.05555555555554,高端品牌
2025-11-10,A541190557158,Herborist/佰草集新美肌梦幻曲面贴膜3片 保湿补水,1.0,2,0,佰草集,2.0,0.0,0-50元,0,其他,301.05555555555554,高端品牌
2025-11-09,A529364433153,佰草集舒盈祛痘护理包 清爽控油改善肌肤  预售有礼,139.0,993,0,佰草集,138027.0,0.0,100-200元,0,其他,301.05555555555554,高端品牌
2025-11-07,A522062578680,佰草集新玉润深层保湿礼盒国博定制 面部补水护肤套装 预售有礼,456.0,7925,2,佰草集,3613800.0,0.0002523659305993691,200-500元,0,其他,301.05555555555554,高端品牌
2025-11-07,A538071710831,佰草集太极·吐故纳新·臻白还幼太极丹4.0 赠太极丹3.0 预售有礼,599.0,3359,0,佰草集,2012041.0,0.0,500-1000元,0,其他,301.05555555555554,高端品牌
2025-11-06,A7553687571,佰草集官方新七白美白沐浴乳250ml 温和柔润亮肤 补水,80.0,1713,198,佰草集,137040.0,0.11558669001751314,50-100元,0,其他,301.05555555555554,高端品牌
2025-11-06,A532700246498,Herborist/佰草集佰草集新七白沐浴套装,260.0,213,90,佰草集,55380.0,0.4225352112676056,200-500元,0,其他,301.05555555555554,高端品牌
2025-11-14,A15239834001,SKII sk2面膜skii唯白晶焕深层修护面膜6片面膜贴 提亮肤色,780.0,0,0,SKII,0.0,0.0,500-1000元,0,面膜,1024.8387096774193,奢侈品牌
2025-11-14,A15332134505,SK-II skii神仙水sk2面部pitera精华液补水保湿紧致细毛孔,1370.0,0,0,SKII,0.0,0.0,1000元以上,0,精华,1024.8387096774193,奢侈品牌
2025-11-14,A16263311586,SK-II skii爽肤水 sk2净白清莹露150ml 补水保湿化妆水 提亮肤色,530.0,0,0,SKII,0.0,0.0,500-1000元,0,爽肤水,1024.8387096774193,奢侈品牌
2025-11-14,A18482220396,SK-II sk2卸妆油skii护肤洁面油250ml温和保湿深层清洁,460.0,0,0,SKII,0.0,0.0,200-500元,0,洁面,1024.8387096774193,奢侈品牌
2025-11-14,A18482512652,SK-II skii环采臻皙清莹露 SK2面部爽肤水 补水保湿 提亮肤色,720.0,0,0,SKII,0.0,0.0,500-1000元,0,爽肤水,1024.8387096774193,奢侈品牌
2025-11-14,A18482872146,SK-II skii面霜 SK2晶致活肤霜/润肤霜 精华面霜 控油去角质 保湿,990.0,0,0,SKII,0.0,0.0,500-1000元,0,面霜,1024.8387096774193,奢侈品牌
2025-11-14,A18482928553,SK-II SK2面霜 skii唯白晶焕莹透修护霜 淡斑霜 去黄补水保湿,970.0,0,0,SKII,0.0,0.0,500-1000元,0,面霜,1024.8387096774193,奢侈品牌
2025-11-14,A18483000050,SK-II skii环采臻皙深效修护霜 SK2面霜 改善肤色暗沉 补水保湿,1160.0,0,0,SKII,0.0,0.0,1000元以上,0,面霜,1024.8387096774193,奢侈品牌
2025-11-14,A18483040614,SK-II skii防晒霜 sk2唯白晶焕祛斑防晒精华露 淡斑 防紫外线,700.0,0,0,SKII,0.0,0.0,500-1000元,0,精华,1024.8387096774193,奢侈品牌
2025-11-14,A19343844567,SK-II skii青春焕采雪融霜50g SK2晚霜面霜 提拉紧致,1240.0,0,0,SKII,0.0,0.0,1000元以上,0,面霜,1024.8387096774193,奢侈品牌
2025-11-14,A35346218809,SKII肌源赋活修护精华露50ml sk2小红瓶收缩毛孔,1230.0,0,0,SKII,0.0,0.0,1000元以上,0,精华,1024.8387096774193,奢侈品牌
2025-11-14,A36210484381,SK-II sk2抗皱面霜 skii LXP金钻臻致升华修护霜50g 提亮肤色,2750.0,0,0,SKII,0.0,0.0,1000元以上,0,面霜,1024.8387096774193,奢侈品牌
2025-11-14,A38533384314,SK-II skiiSK2眼部护肤精华乳淡化黑眼圈淡化细纹保湿补水,590.0,0,0,SKII,0.0,0.0,500-1000元,0,精华,1024.8387096774193,奢侈品牌
2025-11-14,A40255678011,SK-II skii男士眼霜 sk2男士焕活修护眼霜 淡化黑眼圈细纹 紧致,560.0,0,0,SKII,0.0,0.0,500-1000元,0,眼霜,1024.8387096774193,奢侈品牌
2025-11-14,A44320814203,SK-II sk2隔离防晒CC霜skii环采炫亮霜SPF30+/PA+++,680.0,0,0,SKII,0.0,0.0,500-1000元,0,防晒,1024.8387096774193,奢侈品牌
2025-11-14,A45595507636,SK-II skii修护精华30ml sk2补水保湿修护精华露4倍pitera,1050.0,0,0,SKII,0.0,0.0,1000元以上,0,精华,1024.8387096774193,奢侈品牌
2025-11-14,A45617387291,SK-II sk2前男友护肤面膜skii10倍pitera青春敷面膜贴密集修护,1060.0,0,0,SKII,0.0,0.0,1000元以上,0,面膜,1024.8387096774193,奢侈品牌
2025-11-14,A520421068642,SK-II skii面膜sk2活肤紧颜双面膜 双面面膜贴6片装提拉紧致,1070.0,0,0,SKII,0.0,0.0,1000元以上,0,面膜,1024.8387096774193,奢侈品牌
2025-11-14,A522897659008,SK-II skii神仙水喷雾 sk2夜间护肤精华喷雾50ml 补水保湿,490.0,0,0,SKII,0.0,0.0,200-500元,0,精华,1024.8387096774193,奢侈品牌
2025-11-14,A522918226066,SK-II skii sk2神仙水喷雾 日间护肤精华喷雾 50ml 补水保湿,490.0,0,0,SKII,0.0,0.0,200-500元,0,精华,1024.8387096774193,奢侈品牌
2025-11-14,A527173176024,SK-II sk2小银瓶skii肌因光蕴淡斑精华露30-75ml,960.0,0,0,SKII,0.0,0.0,500-1000元,0,精华,1024.8387096774193,奢侈品牌
2025-11-14,A527392206085,SK-IIskii男士神仙水pitera护肤精华露160ml,1180.0,0,0,SKII,0.0,0.0,1000元以上,0,精华,1024.8387096774193,奢侈品牌
2025-11-14,A532654959630,SK-II sk2小灯泡skii淡斑精华液护肤面部套装亮肤补水,1540.0,0,0,SKII,0.0,0.0,1000元以上,0,精华,1024.8387096774193,奢侈品牌
2025-11-14,A535642405757,SK-II sk2大眼眼霜skii放大紧致眼部精华放大双眼淡黑眼圈,590.0,0,0,SKII,0.0,0.0,500-1000元,0,精华,1024.8387096774193,奢侈品牌
2025-11-14,A538677326709,SK-IIsk2神仙水精华油skii面部护肤套装密集修护,1190.0,0,0,SKII,0.0,0.0,1000元以上,0,精华,1024.8387096774193,奢侈品牌
2025-11-14,A541391512432,SK-IISK-II男士焕活防晒霜50克,680.0,0,0,SKII,0.0,0.0,500-1000元,0,防晒,1024.8387096774193,奢侈品牌
2025-11-12,A18674424136,SK-II skii男士洁面sk2泡沫洗面奶保湿洁面霜温和控油,440.0,0,0,SKII,0.0,0.0,200-500元,0,面霜,1024.8387096774193,奢侈品牌
2025-11-11,A15239426065,SK-II【11-11套装】skii爽肤水sk2嫩肤清莹露补水保湿 辅助神仙水,560.0,0,0,SKII,0.0,0.0,500-1000元,0,爽肤水,1024.8387096774193,奢侈品牌
2025-11-11,A18481996676,SK-II【11-11套装】skii洗面奶sk2氨基酸泡沫洁面乳温和补水保湿,460.0,0,0,SKII,0.0,0.0,200-500元,0,洁面,1024.8387096774193,奢侈品牌
2025-11-11,A18483428998,SK-II【11-11套装】sk2前男友护肤面膜pitera精华skii面膜贴修护,740.0,0,0,SKII,0.0,0.0,500-1000元,0,面膜,1024.8387096774193,奢侈品牌
2025-11-11,A18674856023,SK-II【11-11套装】sk2男士神仙水skii护肤精华液套装补水控油,590.0,0,0,SKII,0.0,0.0,500-1000元,0,精华,1024.8387096774193,奢侈品牌
2025-11-11,A19020392715,SK-II【11-11套装】skii神仙水sk2精华液护肤套装保湿补水细毛孔,590.0,0,0,SKII,0.0,0.0,500-1000元,0,精华,1024.8387096774193,奢侈品牌
2025-11-11,A36052988160,SK-II skii金钻神仙水 sk2金钻臻致升效精华露150ml 紧致精华液,2200.0,0,0,SKII,0.0,0.0,1000元以上,0,精华,1024.8387096774193,奢侈品牌
2025-11-11,A41085086018,SK-II【11-11套装】sk2神仙水skii精华液护肤套装补水紧致细毛孔,1860.0,0,0,SKII,0.0,0.0,1000元以上,0,精华,1024.8387096774193,奢侈品牌
2025-11-11,A521180445267,SK-II【11-11套装】sk2大红瓶面霜skii肌源赋活修护霜抗皱紧致,1260.0,0,0,SKII,0.0,0.0,1000元以上,0,面霜,1024.8387096774193,奢侈品牌
2025-11-11,A521184832568,SK-II【11-11套装】sk2神仙水skii大小红瓶面部护肤套装紧致修护,3080.0,0,0,SKII,0.0,0.0,1000元以上,0,其他,1024.8387096774193,奢侈品牌
2025-11-11,A521308879374,SK-II【11-11套装】sk2小红瓶skii赋活修护精华液套装紧致淡细纹,850.0,0,0,SKII,0.0,0.0,500-1000元,0,精华,1024.8387096774193,奢侈品牌
2025-11-11,A524639078457,SK-II skii金钻臻致升华修护眼霜15g 提拉紧致 补水保湿,1400.0,0,0,SKII,0.0,0.0,1000元以上,0,眼霜,1024.8387096774193,奢侈品牌
2025-11-11,A526571422256,SK-II【11-11套装】skii小灯泡sk2淡斑精华护肤套装亮肤补水,1040.0,0,0,SKII,0.0,0.0,1000元以上,0,精华,1024.8387096774193,奢侈品牌
2025-11-11,A527344199647,SK-II【11-11】sk2神仙水skii面部精华液补水保湿紧致细毛孔,1180.0,0,0,SKII,0.0,0.0,1000元以上,0,精华,1024.8387096774193,奢侈品牌
2025-11-10,A18482644362,SK-II skii紧致精华 sk2弹性抗松驰精华乳  提拉紧致 收缩毛孔,1000.0,0,0,SKII,0.0,0.0,500-1000元,0,精华,1024.8387096774193,奢侈品牌
2025-11-10,A38379266938,SK-II skii防晒霜 环采臻防晒修护霜 SPF30/PA+++ 高倍防护,680.0,0,0,SKII,0.0,0.0,500-1000元,0,防晒,1024.8387096774193,奢侈品牌
2025-11-10,A39881557905,SK-II 11-11预售skiisk2小红瓶抗皱肌源修护精华护肤套装紧致,850.0,0,0,SKII,0.0,0.0,500-1000元,0,精华,1024.8387096774193,奢侈品牌
2025-11-10,A41211121590,SK-II【11-11】 skii神仙水男士焕活护肤精华露 230ml,1370.0,0,0,SKII,0.0,0.0,1000元以上,0,精华,1024.8387096774193,奢侈品牌
2025-11-10,A41727818864,SK-II 11-11预售skii氨基酸洁面sk2泡沫洗面奶深层清洁保湿补水,460.0,0,0,SKII,0.0,0.0,200-500元,0,洁面,1024.8387096774193,奢侈品牌
2025-11-10,A43194455078,SK-II sk2眼贴膜skii多效修护眼膜贴 淡化黑眼圈眼袋细纹 保湿,680.0,0,0,SKII,0.0,0.0,500-1000元,0,其他,1024.8387096774193,奢侈品牌
2025-11-10,A43673621455,SK-II 11-11预售skiisk2环采臻皙炫亮cc霜30g保湿防晒遮瑕,680.0,0,0,SKII,0.0,0.0,500-1000元,0,防晒,1024.8387096774193,奢侈品牌
2025-11-10,A520044641271,SK-II 11-11预售skii小灯泡sk2淡斑精华液护肤套装亮肤补水保湿,1040.0,0,0,SKII,0.0,0.0,1000元以上,0,精华,1024.8387096774193,奢侈品牌
2025-11-10,A521323320042,SK-II 【11-11】sk2大红瓶面霜 skii肌源赋活修护精华霜套装,860.0,0,0,SKII,0.0,0.0,500-1000元,0,面霜,1024.8387096774193,奢侈品牌
2025-11-10,A524366583379,SK-II 11-11预售skii神仙水sk2精华液护肤套装保湿补水细致毛孔,590.0,0,0,SKII,0.0,0.0,500-1000元,0,精华,1024.8387096774193,奢侈品牌
2025-11-10,A524771368991,SK-II 11-11预售skii男士神仙水sk2护肤精华保湿控油细毛孔,590.0,0,0,SKII,0.0,0.0,500-1000元,0,精华,1024.8387096774193,奢侈品牌
2025-11-10,A527227579141,SK-II 11-11预售skiisk2神仙水pitera精华液护肤套装补水保湿紧致,1370.0,0,0,SKII,0.0,0.0,1000元以上,0,精华,1024.8387096774193,奢侈品牌
2025-11-10,A527412808541,SK-II 11-11预售skiisk2神仙水大小红瓶3件套紧致抗皱面部套装,3080.0,0,0,SKII,0.0,0.0,1000元以上,0,其他,1024.8387096774193,奢侈品牌
2025-11-10,A529800689450,SK-II 11-11预售skii神仙水sk2精华液护肤套装紧致细抗皱细毛孔,1860.0,0,0,SKII,0.0,0.0,1000元以上,0,精华,1024.8387096774193,奢侈品牌
2025-11-10,A530825284531,SK-II 11-11预售skiisk2大红瓶抗皱肌源赋活修护面霜保湿紧致细毛,860.0,0,0,SKII,0.0,0.0,500-1000元,0,面霜,1024.8387096774193,奢侈品牌
2025-11-10,A533008051836,SK-II 11-11预售skii男士神仙水sk2护肤精华露230ml紧致细毛孔,1370.0,0,0,SKII,0.0,0.0,1000元以上,0,精华,1024.8387096774193,奢侈品牌
2025-11-10,A534729125955,SK-II 11-11预售skii爽肤水pitera精华嫩肤清莹露160ml补水保湿紧,560.0,0,0,SKII,0.0,0.0,500-1000元,0,精华,1024.8387096774193,奢侈品牌
2025-11-10,A535911851408,SK-II 11-11预售skii大眼眼霜sk2眼部修护精华霜淡化黑眼圈,590.0,0,0,SKII,0.0,0.0,500-1000元,0,精华,1024.8387096774193,奢侈品牌
2025-11-10,A537027211850,SK-II 11-11预售skii前男友护肤面膜sk2精华面膜贴密集修护,740.0,0,0,SKII,0.0,0.0,500-1000元,0,面膜,1024.8387096774193,奢侈品牌
2025-11-10,A538212160126,SK-II 11-11预售skiisk2神仙水护肤精华油面部套装滋润补水密集修,1190.0,0,0,SKII,0.0,0.0,1000元以上,0,精华,1024.8387096774193,奢侈品牌
2025-11-09,A16263679254,SK-II skii晶致美肤乳液 SK2乳液 补水保湿 深层滋润 护肤品,870.0,0,0,SKII,0.0,0.0,500-1000元,0,乳液,1024.8387096774193,奢侈品牌
2025-11-06,A527247467936,SK-II唯白晶焕莹透修护霜75g(非卖品) 购买不发货,970.0,0,0,SKII,0.0,0.0,500-1000元,0,其他,1024.8387096774193,奢侈品牌
